State FIPS code,State,County FIPS code,County name,Number of returns
00,US,000,Total [11],"144,276,120"
01,AL,000,Alabama,2050090
01,AL,001,Autauga County,23700
01,AL,003,Baldwin County,88490
01,AL,005,Barbour County,10050
01,AL,007,Bibb County,7900
01,AL,009,Blount County,22040
01,AL,011,Bullock County,3790
01,AL,013,Butler County,8440
01,AL,015,Calhoun County,48180
01,AL,017,Chambers County,15050
01,AL,019,Cherokee County,9240
01,AL,021,Chilton County,17280
01,AL,023,Choctaw County,5260
01,AL,025,Clarke County,10320
01,AL,027,Clay County,5530
01,AL,029,Cleburne County,5750
01,AL,031,Coffee County,20860
01,AL,033,Colbert County,23740
01,AL,035,Conecuh County,5080
01,AL,037,Coosa County,4050
01,AL,039,Covington County,15220
01,AL,041,Crenshaw County,5670
01,AL,043,Cullman County,33040
01,AL,045,Dale County,19960
01,AL,047,Dallas County,17030
01,AL,049,DeKalb County,26530
01,AL,051,Elmore County,34520
01,AL,053,Escambia County,14610
01,AL,055,Etowah County,42010
01,AL,057,Fayette County,6280
01,AL,059,Franklin County,12630
01,AL,061,Geneva County,10520
01,AL,063,Greene County,3430
01,AL,065,Hale County,6430
01,AL,067,Henry County,7110
01,AL,069,Houston County,45260
01,AL,071,Jackson County,21310
01,AL,073,Jefferson County,296490
01,AL,075,Lamar County,5380
01,AL,077,Lauderdale County,38060
01,AL,079,Lawrence County,13600
01,AL,081,Lee County,60580
01,AL,083,Limestone County,36760
01,AL,085,Lowndes County,5120
01,AL,087,Macon County,8460
01,AL,089,Madison County,160800
01,AL,091,Marengo County,8310
01,AL,093,Marion County,10790
01,AL,095,Marshall County,39440
01,AL,097,Mobile County,177890
01,AL,099,Monroe County,8510
01,AL,101,Montgomery County,103480
01,AL,103,Morgan County,52350
01,AL,105,Perry County,3730
01,AL,107,Pickens County,7660
01,AL,109,Pike County,12670
01,AL,111,Randolph County,8900
01,AL,113,Russell County,28340
01,AL,115,St. Clair County,34720
01,AL,117,Shelby County,90360
01,AL,119,Sumter County,5120
01,AL,121,Talladega County,32700
01,AL,123,Tallapoosa County,18020
01,AL,125,Tuscaloosa County,79860
01,AL,127,Walker County,25570
01,AL,129,Washington County,6680
01,AL,131,Wilcox County,4470
01,AL,133,Winston County,9210
02,AK,000,Alaska,362990
02,AK,013,Aleutians East Borough,1000
02,AK,016,Aleutians West Census Area,2330
02,AK,020,Anchorage Municipality,156050
02,AK,050,Bethel Census Area,7200
02,AK,060,Bristol Bay Borough,540
02,AK,068,Denali Borough,1130
02,AK,070,Dillingham Census Area,2270
02,AK,090,Fairbanks North Star Borough,48640
02,AK,100,Haines Borough,1400
02,AK,105,Hoonah-Angoon Census Area,1050
02,AK,110,Juneau City and Borough,17790
02,AK,122,Kenai Peninsula Borough,29380
02,AK,130,Ketchikan Gateway Borough,7280
02,AK,150,Kodiak Island Borough,7220
02,AK,164,Lake and Peninsula Borough,810
02,AK,170,Matanuska-Susitna Borough,43010
02,AK,180,Nome Census Area,3960
02,AK,185,North Slope Borough,3500
02,AK,188,Northwest Arctic Borough,2740
02,AK,195,Petersburg Census Area,1970
02,AK,198,Prince of Wales-Hyder Census Area,2390
02,AK,220,Sitka City and Borough,4760
02,AK,230,Skagway Municipality,720
02,AK,240,Southeast Fairbanks Census Area,3390
02,AK,261,Valdez-Cordova Census Area,5280
02,AK,270,Wade Hampton Census Area,3070
02,AK,275,Wrangell City and Borough,1120
02,AK,282,Yakutat City and Borough,310
02,AK,290,Yukon-Koyukuk Census Area,2810
04,AZ,000,Arizona,2759600
04,AZ,001,Apache County,23890
04,AZ,003,Cochise County,52810
04,AZ,005,Coconino County,56170
04,AZ,007,Gila County,21490
04,AZ,009,Graham County,11230
04,AZ,011,Greenlee County,3270
04,AZ,012,La Paz County,6520
04,AZ,013,Maricopa County,1715270
04,AZ,015,Mohave County,78640
04,AZ,017,Navajo County,37600
04,AZ,019,Pima County,425260
04,AZ,021,Pinal County,127610
04,AZ,023,Santa Cruz County,19780
04,AZ,025,Yavapai County,97220
04,AZ,027,Yuma County,82850
05,AR,000,Arkansas,1218890
05,AR,001,Arkansas County,8180
05,AR,003,Ashley County,8640
05,AR,005,Baxter County,17650
05,AR,007,Benton County,100700
05,AR,009,Boone County,15420
05,AR,011,Bradley County,4370
05,AR,013,Calhoun County,1930
05,AR,015,Carroll County,12070
05,AR,017,Chicot County,4260
05,AR,019,Clark County,8560
05,AR,021,Clay County,6050
05,AR,023,Cleburne County,10840
05,AR,025,Cleveland County,3170
05,AR,027,Columbia County,9270
05,AR,029,Conway County,8540
05,AR,031,Craighead County,41000
05,AR,033,Crawford County,23870
05,AR,035,Crittenden County,21410
05,AR,037,Cross County,7390
05,AR,039,Dallas County,3040
05,AR,041,Desha County,5180
05,AR,043,Drew County,7200
05,AR,045,Faulkner County,48200
05,AR,047,Franklin County,6870
05,AR,049,Fulton County,4370
05,AR,051,Garland County,43930
05,AR,053,Grant County,7350
05,AR,055,Greene County,17110
05,AR,057,Hempstead County,8650
05,AR,059,Hot Spring County,12550
05,AR,061,Howard County,5570
05,AR,063,Independence County,14600
05,AR,065,Izard County,4730
05,AR,067,Jackson County,6090
05,AR,069,Jefferson County,30810
05,AR,071,Johnson County,9690
05,AR,073,Lafayette County,2670
05,AR,075,Lawrence County,6250
05,AR,077,Lee County,3180
05,AR,079,Lincoln County,4070
05,AR,081,Little River County,5160
05,AR,083,Logan County,8570
05,AR,085,Lonoke County,29200
05,AR,087,Madison County,6210
05,AR,089,Marion County,6360
05,AR,091,Miller County,17510
05,AR,093,Mississippi County,18160
05,AR,095,Monroe County,3220
05,AR,097,Montgomery County,3180
05,AR,099,Nevada County,3480
05,AR,101,Newton County,3030
05,AR,103,Ouachita County,10020
05,AR,105,Perry County,4160
05,AR,107,Phillips County,7810
05,AR,109,Pike County,4180
05,AR,111,Poinsett County,9110
05,AR,113,Polk County,7750
05,AR,115,Pope County,25350
05,AR,117,Prairie County,3330
05,AR,119,Pulaski County,182270
05,AR,121,Randolph County,6780
05,AR,123,St. Francis County,9470
05,AR,125,Saline County,48490
05,AR,127,Scott County,4120
05,AR,129,Searcy County,3060
05,AR,131,Sebastian County,52650
05,AR,133,Sevier County,6100
05,AR,135,Sharp County,6450
05,AR,137,Stone County,4630
05,AR,139,Union County,17900
05,AR,141,Van Buren County,6560
05,AR,143,Washington County,87840
05,AR,145,White County,30650
05,AR,147,Woodruff County,2780
05,AR,149,Yell County,8120
06,CA,000,California,16906030
06,CA,001,Alameda County,729010
06,CA,003,Alpine County,450
06,CA,005,Amador County,15890
06,CA,007,Butte County,88650
06,CA,009,Calaveras County,19580
06,CA,011,Colusa County,9410
06,CA,013,Contra Costa County,508860
06,CA,015,Del Norte County,9370
06,CA,017,El Dorado County,84100
06,CA,019,Fresno County,375680
06,CA,021,Glenn County,11570
06,CA,023,Humboldt County,54830
06,CA,025,Imperial County,75530
06,CA,027,Inyo County,8610
06,CA,029,Kern County,324830
06,CA,031,Kings County,51800
06,CA,033,Lake County,24790
06,CA,035,Lassen County,9880
06,CA,037,Los Angeles County,4452130
06,CA,039,Madera County,56690
06,CA,041,Marin County,131020
06,CA,043,Mariposa County,7680
06,CA,045,Mendocino County,37810
06,CA,047,Merced County,95620
06,CA,049,Modoc County,3490
06,CA,051,Mono County,6220
06,CA,053,Monterey County,191030
06,CA,055,Napa County,66610
06,CA,057,Nevada County,47970
06,CA,059,Orange County,1433010
06,CA,061,Placer County,167920
06,CA,063,Plumas County,8670
06,CA,065,Riverside County,907260
06,CA,067,Sacramento County,633820
06,CA,069,San Benito County,25110
06,CA,071,San Bernardino County,834700
06,CA,073,San Diego County,1484020
06,CA,075,San Francisco County,452940
06,CA,077,San Joaquin County,284130
06,CA,079,San Luis Obispo County,125560
06,CA,081,San Mateo County,369170
06,CA,083,Santa Barbara County,194070
06,CA,085,Santa Clara County,861860
06,CA,087,Santa Cruz County,126370
06,CA,089,Shasta County,75210
06,CA,091,Sierra County,1260
06,CA,093,Siskiyou County,18480
06,CA,095,Solano County,192040
06,CA,097,Sonoma County,236540
06,CA,099,Stanislaus County,208850
06,CA,101,Sutter County,37910
06,CA,103,Tehama County,24130
06,CA,105,Trinity County,4840
06,CA,107,Tulare County,169170
06,CA,109,Tuolumne County,23400
06,CA,111,Ventura County,396800
06,CA,113,Yolo County,82700
06,CA,115,Yuba County,27160
08,CO,000,Colorado,2449110
08,CO,001,Adams County,208240
08,CO,003,Alamosa County,6470
08,CO,005,Arapahoe County,290520
08,CO,007,Archuleta County,5730
08,CO,009,Baca County,1600
08,CO,011,Bent County,1570
08,CO,013,Boulder County,150360
08,CO,014,Broomfield County,48540
08,CO,015,Chaffee County,8590
08,CO,017,Cheyenne County,820
08,CO,019,Clear Creek County,4700
08,CO,021,Conejos County,2940
08,CO,023,Costilla County,1340
08,CO,025,Crowley County,1140
08,CO,027,Custer County,1890
08,CO,029,Delta County,12830
08,CO,031,Denver County,319330
08,CO,033,Dolores County,840
08,CO,035,Douglas County,137620
08,CO,037,Eagle County,26680
08,CO,039,Elbert County,10710
08,CO,041,El Paso County,292910
08,CO,043,Fremont County,17250
08,CO,045,Garfield County,25390
08,CO,047,Gilpin County,2530
08,CO,049,Grand County,6800
08,CO,051,Gunnison County,7350
08,CO,053,Hinsdale County,410
08,CO,055,Huerfano County,2730
08,CO,057,Jackson County,660
08,CO,059,Jefferson County,261410
08,CO,061,Kiowa County,600
08,CO,063,Kit Carson County,3370
08,CO,065,Lake County,3050
08,CO,067,La Plata County,25640
08,CO,069,Larimer County,149970
08,CO,071,Las Animas County,6020
08,CO,073,Lincoln County,2040
08,CO,075,Logan County,8490
08,CO,077,Mesa County,66660
08,CO,079,Mineral County,420
08,CO,081,Moffat County,5800
08,CO,083,Montezuma County,11090
08,CO,085,Montrose County,17680
08,CO,087,Morgan County,12240
08,CO,089,Otero County,7580
08,CO,091,Ouray County,2320
08,CO,093,Park County,7040
08,CO,095,Phillips County,2000
08,CO,097,Pitkin County,9860
08,CO,099,Prowers County,4900
08,CO,101,Pueblo County,66940
08,CO,103,Rio Blanco County,2870
08,CO,105,Rio Grande County,5930
08,CO,107,Routt County,12300
08,CO,109,Saguache County,1780
08,CO,111,San Juan County,340
08,CO,113,San Miguel County,3980
08,CO,115,Sedgwick County,1100
08,CO,117,Summit County,15750
08,CO,119,Teller County,11230
08,CO,121,Washington County,1970
08,CO,123,Weld County,114050
08,CO,125,Yuma County,4340
09,CT,000,Connecticut,1741250
09,CT,001,Fairfield County,452310
09,CT,003,Hartford County,441140
09,CT,005,Litchfield County,94900
09,CT,007,Middlesex County,84030
09,CT,009,New Haven County,411630
09,CT,011,New London County,134760
09,CT,013,Tolland County,68420
09,CT,015,Windham County,54140
10,DE,000,Delaware,433900
10,DE,001,Kent County,75470
10,DE,003,New Castle County,259660
10,DE,005,Sussex County,98790
11,DC,000,District of Columbia,327680
12,FL,000,Florida,9223410
12,FL,001,Alachua County,108280
12,FL,003,Baker County,10010
12,FL,005,Bay County,83380
12,FL,007,Bradford County,9610
12,FL,009,Brevard County,263650
12,FL,011,Broward County,926010
12,FL,013,Calhoun County,4850
12,FL,015,Charlotte County,75060
12,FL,017,Citrus County,61210
12,FL,019,Clay County,89750
12,FL,021,Collier County,165880
12,FL,023,Columbia County,26330
12,FL,027,DeSoto County,11380
12,FL,029,Dixie County,5070
12,FL,031,Duval County,426580
12,FL,033,Escambia County,139640
12,FL,035,Flagler County,46670
12,FL,037,Franklin County,4350
12,FL,039,Gadsden County,20050
12,FL,041,Gilchrist County,6400
12,FL,043,Glades County,4010
12,FL,045,Gulf County,5660
12,FL,047,Hamilton County,4740
12,FL,049,Hardee County,9830
12,FL,051,Hendry County,15240
12,FL,053,Hernando County,74540
12,FL,055,Highlands County,40520
12,FL,057,Hillsborough County,606530
12,FL,059,Holmes County,6740
12,FL,061,Indian River County,68140
12,FL,063,Jackson County,18270
12,FL,065,Jefferson County,5970
12,FL,067,Lafayette County,2430
12,FL,069,Lake County,142190
12,FL,071,Lee County,303070
12,FL,073,Leon County,125160
12,FL,075,Levy County,16600
12,FL,077,Liberty County,2560
12,FL,079,Madison County,7050
12,FL,081,Manatee County,157820
12,FL,083,Marion County,151170
12,FL,085,Martin County,72800
12,FL,086,Miami-Dade County,1287860
12,FL,087,Monroe County,44780
12,FL,089,Nassau County,35920
12,FL,091,Okaloosa County,96280
12,FL,093,Okeechobee County,14850
12,FL,095,Orange County,581080
12,FL,097,Osceola County,135200
12,FL,099,Palm Beach County,681480
12,FL,101,Pasco County,206960
12,FL,103,Pinellas County,458170
12,FL,105,Polk County,268880
12,FL,107,Putnam County,28140
12,FL,109,St. Johns County,98190
12,FL,111,St. Lucie County,129410
12,FL,113,Santa Rosa County,69840
12,FL,115,Sarasota County,193410
12,FL,117,Seminole County,208820
12,FL,119,Sumter County,46690
12,FL,121,Suwannee County,15900
12,FL,123,Taylor County,8240
12,FL,125,Union County,4570
12,FL,127,Volusia County,235410
12,FL,129,Wakulla County,12540
12,FL,131,Walton County,27040
12,FL,133,Washington County,8830
13,GA,000,Georgia,4332790
13,GA,001,Appling County,6990
13,GA,003,Atkinson County,3080
13,GA,005,Bacon County,4170
13,GA,007,Baker County,1270
13,GA,009,Baldwin County,16810
13,GA,011,Banks County,6860
13,GA,013,Barrow County,30070
13,GA,015,Bartow County,41940
13,GA,017,Ben Hill County,7040
13,GA,019,Berrien County,6860
13,GA,021,Bibb County,67980
13,GA,023,Bleckley County,4690
13,GA,025,Brantley County,6360
13,GA,027,Brooks County,6250
13,GA,029,Bryan County,15170
13,GA,031,Bulloch County,25300
13,GA,033,Burke County,9450
13,GA,035,Butts County,8990
13,GA,037,Calhoun County,2020
13,GA,039,Camden County,20920
13,GA,043,Candler County,4120
13,GA,045,Carroll County,46880
13,GA,047,Catoosa County,26050
13,GA,049,Charlton County,3500
13,GA,051,Chatham County,124900
13,GA,053,Chattahoochee County,3080
13,GA,055,Chattooga County,9080
13,GA,057,Cherokee County,99920
13,GA,059,Clarke County,43960
13,GA,061,Clay County,1180
13,GA,063,Clayton County,122630
13,GA,065,Clinch County,2510
13,GA,067,Cobb County,337290
13,GA,069,Coffee County,15690
13,GA,071,Colquitt County,17680
13,GA,073,Columbia County,57600
13,GA,075,Cook County,6430
13,GA,077,Coweta County,60290
13,GA,079,Crawford County,4990
13,GA,081,Crisp County,8910
13,GA,083,Dade County,6120
13,GA,085,Dawson County,9510
13,GA,087,Decatur County,11180
13,GA,089,DeKalb County,347530
13,GA,091,Dodge County,7240
13,GA,093,Dooly County,4130
13,GA,095,Dougherty County,39070
13,GA,097,Douglas County,59540
13,GA,099,Early County,4340
13,GA,101,Echols County,1330
13,GA,103,Effingham County,23230
13,GA,105,Elbert County,8040
13,GA,107,Emanuel County,8900
13,GA,109,Evans County,4470
13,GA,111,Fannin County,9630
13,GA,113,Fayette County,51220
13,GA,115,Floyd County,39100
13,GA,117,Forsyth County,81900
13,GA,119,Franklin County,8950
13,GA,121,Fulton County,464910
13,GA,123,Gilmer County,11590
13,GA,125,Glascock County,1100
13,GA,127,Glynn County,36200
13,GA,129,Gordon County,22010
13,GA,131,Grady County,10070
13,GA,133,Greene County,7120
13,GA,135,Gwinnett County,386370
13,GA,137,Habersham County,16900
13,GA,139,Hall County,79870
13,GA,141,Hancock County,3140
13,GA,143,Haralson County,10950
13,GA,145,Harris County,13900
13,GA,147,Hart County,10080
13,GA,149,Heard County,4240
13,GA,151,Henry County,92940
13,GA,153,Houston County,66760
13,GA,155,Irwin County,3690
13,GA,157,Jackson County,25730
13,GA,159,Jasper County,5540
13,GA,161,Jeff Davis County,5540
13,GA,163,Jefferson County,7020
13,GA,165,Jenkins County,2930
13,GA,167,Johnson County,2970
13,GA,169,Jones County,11970
13,GA,171,Lamar County,6990
13,GA,173,Lanier County,3420
13,GA,175,Laurens County,20030
13,GA,177,Lee County,13100
13,GA,179,Liberty County,26150
13,GA,181,Lincoln County,3220
13,GA,183,Long County,4800
13,GA,185,Lowndes County,45450
13,GA,187,Lumpkin County,11430
13,GA,189,McDuffie County,9090
13,GA,191,McIntosh County,4940
13,GA,193,Macon County,4640
13,GA,195,Madison County,11390
13,GA,197,Marion County,2830
13,GA,199,Meriwether County,9310
13,GA,201,Miller County,2240
13,GA,205,Mitchell County,8620
13,GA,207,Monroe County,11460
13,GA,209,Montgomery County,3120
13,GA,211,Morgan County,7980
13,GA,213,Murray County,14620
13,GA,215,Muscogee County,96870
13,GA,217,Newton County,43280
13,GA,219,Oconee County,15010
13,GA,221,Oglethorpe County,5700
13,GA,223,Paulding County,59860
13,GA,225,Peach County,11560
13,GA,227,Pickens County,13450
13,GA,229,Pierce County,7550
13,GA,231,Pike County,7210
13,GA,233,Polk County,15920
13,GA,235,Pulaski County,3780
13,GA,237,Putnam County,9100
13,GA,239,Quitman County,870
13,GA,241,Rabun County,7130
13,GA,243,Randolph County,2730
13,GA,245,Richmond County,86240
13,GA,247,Rockdale County,37980
13,GA,249,Schley County,1680
13,GA,251,Screven County,5670
13,GA,253,Seminole County,3610
13,GA,255,Spalding County,26490
13,GA,257,Stephens County,9920
13,GA,259,Stewart County,1770
13,GA,261,Sumter County,12480
13,GA,263,Talbot County,2650
13,GA,265,Taliaferro County,660
13,GA,267,Tattnall County,7970
13,GA,269,Taylor County,3220
13,GA,271,Telfair County,4070
13,GA,273,Terrell County,4100
13,GA,275,Thomas County,18950
13,GA,277,Tift County,17060
13,GA,279,Toombs County,10990
13,GA,281,Towns County,4830
13,GA,283,Treutlen County,2350
13,GA,285,Troup County,29690
13,GA,287,Turner County,3680
13,GA,289,Twiggs County,3680
13,GA,291,Union County,9040
13,GA,293,Upson County,10740
13,GA,295,Walker County,25760
13,GA,297,Walton County,35650
13,GA,299,Ware County,13840
13,GA,301,Warren County,2320
13,GA,303,Washington County,7970
13,GA,305,Wayne County,11020
13,GA,307,Webster County,900
13,GA,309,Wheeler County,1870
13,GA,311,White County,10840
13,GA,313,Whitfield County,41020
13,GA,315,Wilcox County,2790
13,GA,317,Wilkes County,4080
13,GA,319,Wilkinson County,4090
13,GA,321,Worth County,8980
15,HI,000,Hawaii,665150
15,HI,001,Hawaii County,82940
15,HI,003,Honolulu County,472930
15,HI,007,Kauai County,33860
15,HI,009,Maui County,75460
16,ID,000,Idaho,678800
16,ID,001,Ada County,184800
16,ID,003,Adams County,1650
16,ID,005,Bannock County,33450
16,ID,007,Bear Lake County,2460
16,ID,009,Benewah County,3900
16,ID,011,Bingham County,18270
16,ID,013,Blaine County,11370
16,ID,015,Boise County,2890
16,ID,017,Bonner County,18210
16,ID,019,Bonneville County,44280
16,ID,021,Boundary County,4680
16,ID,023,Butte County,1010
16,ID,025,Camas County,410
16,ID,027,Canyon County,76140
16,ID,029,Caribou County,2790
16,ID,031,Cassia County,9010
16,ID,033,Clark County,320
16,ID,035,Clearwater County,3470
16,ID,037,Custer County,1950
16,ID,039,Elmore County,10920
16,ID,041,Franklin County,4830
16,ID,043,Fremont County,5200
16,ID,045,Gem County,6920
16,ID,047,Gooding County,6260
16,ID,049,Idaho County,6050
16,ID,051,Jefferson County,10130
16,ID,053,Jerome County,9280
16,ID,055,Kootenai County,66730
16,ID,057,Latah County,15250
16,ID,059,Lemhi County,3440
16,ID,061,Lewis County,1980
16,ID,063,Lincoln County,2120
16,ID,065,Madison County,11220
16,ID,067,Minidoka County,8740
16,ID,069,Nez Perce County,18020
16,ID,071,Oneida County,1700
16,ID,073,Owyhee County,4340
16,ID,075,Payette County,9440
16,ID,077,Power County,3190
16,ID,079,Shoshone County,5340
16,ID,081,Teton County,4210
16,ID,083,Twin Falls County,33930
16,ID,085,Valley County,4630
16,ID,087,Washington County,4010
17,IL,000,Illinois,6075020
17,IL,001,Adams County,32050
17,IL,003,Alexander County,2770
17,IL,005,Bond County,7100
17,IL,007,Boone County,25050
17,IL,009,Brown County,2370
17,IL,011,Bureau County,16940
17,IL,013,Calhoun County,2290
17,IL,015,Carroll County,7730
17,IL,017,Cass County,6290
17,IL,019,Champaign County,84060
17,IL,021,Christian County,15790
17,IL,023,Clark County,7590
17,IL,025,Clay County,6220
17,IL,027,Clinton County,17580
17,IL,029,Coles County,21210
17,IL,031,Cook County,2509880
17,IL,033,Crawford County,8880
17,IL,035,Cumberland County,4970
17,IL,037,DeKalb County,45070
17,IL,039,De Witt County,7690
17,IL,041,Douglas County,9800
17,IL,043,DuPage County,464570
17,IL,045,Edgar County,8210
17,IL,047,Edwards County,3010
17,IL,049,Effingham County,17470
17,IL,051,Fayette County,8930
17,IL,053,Ford County,6580
17,IL,055,Franklin County,16960
17,IL,057,Fulton County,16170
17,IL,059,Gallatin County,2330
17,IL,061,Greene County,5930
17,IL,063,Grundy County,24160
17,IL,065,Hamilton County,3690
17,IL,067,Hancock County,8930
17,IL,069,Hardin County,1660
17,IL,071,Henderson County,3330
17,IL,073,Henry County,24270
17,IL,075,Iroquois County,13890
17,IL,077,Jackson County,23220
17,IL,079,Jasper County,4650
17,IL,081,Jefferson County,16960
17,IL,083,Jersey County,10270
17,IL,085,Jo Daviess County,11980
17,IL,087,Johnson County,5070
17,IL,089,Kane County,235420
17,IL,091,Kankakee County,50580
17,IL,093,Kendall County,53450
17,IL,095,Knox County,23550
17,IL,097,Lake County,336940
17,IL,099,LaSalle County,54170
17,IL,101,Lawrence County,6450
17,IL,103,Lee County,16370
17,IL,105,Livingston County,17260
17,IL,107,Logan County,12750
17,IL,109,McDonough County,12540
17,IL,111,McHenry County,150730
17,IL,113,McLean County,78130
17,IL,115,Macon County,50110
17,IL,117,Macoupin County,21410
17,IL,119,Madison County,124730
17,IL,121,Marion County,17940
17,IL,123,Marshall County,5960
17,IL,125,Mason County,6600
17,IL,127,Massac County,6640
17,IL,129,Menard County,6180
17,IL,131,Mercer County,8030
17,IL,133,Monroe County,16620
17,IL,135,Montgomery County,12720
17,IL,137,Morgan County,15810
17,IL,139,Moultrie County,6820
17,IL,141,Ogle County,25370
17,IL,143,Peoria County,90800
17,IL,145,Perry County,8920
17,IL,147,Piatt County,8060
17,IL,149,Pike County,6910
17,IL,151,Pope County,1410
17,IL,153,Pulaski County,2470
17,IL,155,Putnam County,3020
17,IL,157,Randolph County,13810
17,IL,159,Richland County,7520
17,IL,161,Rock Island County,71480
17,IL,163,St. Clair County,121670
17,IL,165,Saline County,10610
17,IL,167,Sangamon County,99510
17,IL,169,Schuyler County,3320
17,IL,171,Scott County,2380
17,IL,173,Shelby County,10130
17,IL,175,Stark County,2740
17,IL,177,Stephenson County,22160
17,IL,179,Tazewell County,65430
17,IL,181,Union County,7830
17,IL,183,Vermilion County,35070
17,IL,185,Wabash County,5380
17,IL,187,Warren County,7900
17,IL,189,Washington County,7190
17,IL,191,Wayne County,6650
17,IL,193,White County,6540
17,IL,195,Whiteside County,28090
17,IL,197,Will County,317440
17,IL,199,Williamson County,30080
17,IL,201,Winnebago County,135890
17,IL,203,Woodford County,18210
18,IN,000,Indiana,3028360
18,IN,001,Adams County,14700
18,IN,003,Allen County,169740
18,IN,005,Bartholomew County,38420
18,IN,007,Benton County,4140
18,IN,009,Blackford County,5900
18,IN,011,Boone County,28420
18,IN,013,Brown County,7510
18,IN,015,Carroll County,9410
18,IN,017,Cass County,18160
18,IN,019,Clark County,54520
18,IN,021,Clay County,12280
18,IN,023,Clinton County,15310
18,IN,025,Crawford County,4670
18,IN,027,Daviess County,14060
18,IN,029,Dearborn County,24230
18,IN,031,Decatur County,12790
18,IN,033,DeKalb County,19860
18,IN,035,Delaware County,48550
18,IN,037,Dubois County,21790
18,IN,039,Elkhart County,90680
18,IN,041,Fayette County,10190
18,IN,043,Floyd County,37030
18,IN,045,Fountain County,8010
18,IN,047,Franklin County,11000
18,IN,049,Fulton County,9540
18,IN,051,Gibson County,15980
18,IN,053,Grant County,30040
18,IN,055,Greene County,14460
18,IN,057,Hamilton County,136300
18,IN,059,Hancock County,34440
18,IN,061,Harrison County,17870
18,IN,063,Hendricks County,71470
18,IN,065,Henry County,21850
18,IN,067,Howard County,39990
18,IN,069,Huntington County,17570
18,IN,071,Jackson County,21540
18,IN,073,Jasper County,15420
18,IN,075,Jay County,9520
18,IN,077,Jefferson County,14870
18,IN,079,Jennings County,12750
18,IN,081,Johnson County,68960
18,IN,083,Knox County,16660
18,IN,085,Kosciusko County,37350
18,IN,087,LaGrange County,16320
18,IN,089,Lake County,227850
18,IN,091,LaPorte County,50880
18,IN,093,Lawrence County,20800
18,IN,095,Madison County,59200
18,IN,097,Marion County,445420
18,IN,099,Marshall County,21750
18,IN,101,Martin County,4680
18,IN,103,Miami County,15040
18,IN,105,Monroe County,55580
18,IN,107,Montgomery County,18070
18,IN,109,Morgan County,33310
18,IN,111,Newton County,6470
18,IN,113,Noble County,21390
18,IN,115,Ohio County,2870
18,IN,117,Orange County,8680
18,IN,119,Owen County,9740
18,IN,121,Parke County,6980
18,IN,123,Perry County,8640
18,IN,125,Pike County,5690
18,IN,127,Porter County,79760
18,IN,129,Posey County,12190
18,IN,131,Pulaski County,5960
18,IN,133,Putnam County,15560
18,IN,135,Randolph County,11840
18,IN,137,Ripley County,12870
18,IN,139,Rush County,7930
18,IN,141,St. Joseph County,121990
18,IN,143,Scott County,10270
18,IN,145,Shelby County,21250
18,IN,147,Spencer County,9820
18,IN,149,Starke County,10210
18,IN,151,Steuben County,16000
18,IN,153,Sullivan County,8850
18,IN,155,Switzerland County,4020
18,IN,157,Tippecanoe County,72090
18,IN,159,Tipton County,7780
18,IN,161,Union County,3220
18,IN,163,Vanderburgh County,84860
18,IN,165,Vermillion County,7350
18,IN,167,Vigo County,46120
18,IN,169,Wabash County,15220
18,IN,171,Warren County,4050
18,IN,173,Warrick County,28680
18,IN,175,Washington County,12130
18,IN,177,Wayne County,30450
18,IN,179,Wells County,12810
18,IN,181,White County,11970
18,IN,183,Whitley County,16190
19,IA,000,Iowa,1425750
19,IA,001,Adair County,3560
19,IA,003,Adams County,1880
19,IA,005,Allamakee County,6790
19,IA,007,Appanoose County,5570
19,IA,009,Audubon County,2880
19,IA,011,Benton County,11920
19,IA,013,Black Hawk County,59620
19,IA,015,Boone County,12400
19,IA,017,Bremer County,10830
19,IA,019,Buchanan County,9540
19,IA,021,Buena Vista County,9690
19,IA,023,Butler County,6930
19,IA,025,Calhoun County,4600
19,IA,027,Carroll County,10210
19,IA,029,Cass County,6500
19,IA,031,Cedar County,8700
19,IA,033,Cerro Gordo County,21080
19,IA,035,Cherokee County,5890
19,IA,037,Chickasaw County,5890
19,IA,039,Clarke County,4270
19,IA,041,Clay County,8210
19,IA,043,Clayton County,8430
19,IA,045,Clinton County,22700
19,IA,047,Crawford County,7920
19,IA,049,Dallas County,34030
19,IA,051,Davis County,3510
19,IA,053,Decatur County,3180
19,IA,055,Delaware County,8310
19,IA,057,Des Moines County,19210
19,IA,059,Dickinson County,8860
19,IA,061,Dubuque County,46190
19,IA,063,Emmet County,4570
19,IA,065,Fayette County,9090
19,IA,067,Floyd County,7370
19,IA,069,Franklin County,4820
19,IA,071,Fremont County,3290
19,IA,073,Greene County,4330
19,IA,075,Grundy County,5820
19,IA,077,Guthrie County,5150
19,IA,079,Hamilton County,7310
19,IA,081,Hancock County,5240
19,IA,083,Hardin County,7900
19,IA,085,Harrison County,6740
19,IA,087,Henry County,8880
19,IA,089,Howard County,4590
19,IA,091,Humboldt County,4640
19,IA,093,Ida County,3350
19,IA,095,Iowa County,8020
19,IA,097,Jackson County,9530
19,IA,099,Jasper County,16750
19,IA,101,Jefferson County,7670
19,IA,103,Johnson County,61060
19,IA,105,Jones County,9060
19,IA,107,Keokuk County,4680
19,IA,109,Kossuth County,7560
19,IA,111,Lee County,15960
19,IA,113,Linn County,102980
19,IA,115,Louisa County,5080
19,IA,117,Lucas County,3890
19,IA,119,Lyon County,5160
19,IA,121,Madison County,7000
19,IA,123,Mahaska County,9560
19,IA,125,Marion County,14520
19,IA,127,Marshall County,18060
19,IA,129,Mills County,6670
19,IA,131,Mitchell County,4800
19,IA,133,Monona County,4170
19,IA,135,Monroe County,3460
19,IA,137,Montgomery County,4870
19,IA,139,Muscatine County,20420
19,IA,141,O'Brien County,6710
19,IA,143,Osceola County,3060
19,IA,145,Page County,6700
19,IA,147,Palo Alto County,4290
19,IA,149,Plymouth County,11930
19,IA,151,Pocahontas County,3480
19,IA,153,Polk County,214280
19,IA,155,Pottawattamie County,42370
19,IA,157,Poweshiek County,8240
19,IA,159,Ringgold County,2080
19,IA,161,Sac County,4850
19,IA,163,Scott County,81380
19,IA,165,Shelby County,5940
19,IA,167,Sioux County,14190
19,IA,169,Story County,35620
19,IA,171,Tama County,8360
19,IA,173,Taylor County,2790
19,IA,175,Union County,5710
19,IA,177,Van Buren County,3230
19,IA,179,Wapello County,15660
19,IA,181,Warren County,21580
19,IA,183,Washington County,10270
19,IA,185,Wayne County,2720
19,IA,187,Webster County,16530
19,IA,189,Winnebago County,5150
19,IA,191,Winneshiek County,9370
19,IA,193,Woodbury County,46650
19,IA,195,Worth County,3590
19,IA,197,Wright County,6070
20,KS,000,Kansas,1323200
20,KS,001,Allen County,5980
20,KS,003,Anderson County,3550
20,KS,005,Atchison County,7060
20,KS,007,Barber County,2440
20,KS,009,Barton County,12820
20,KS,011,Bourbon County,6400
20,KS,013,Brown County,4560
20,KS,015,Butler County,28710
20,KS,017,Chase County,1230
20,KS,019,Chautauqua County,1570
20,KS,021,Cherokee County,8800
20,KS,023,Cheyenne County,1310
20,KS,025,Clark County,1000
20,KS,027,Clay County,4030
20,KS,029,Cloud County,4350
20,KS,031,Coffey County,4170
20,KS,033,Comanche County,910
20,KS,035,Cowley County,15950
20,KS,037,Crawford County,16360
20,KS,039,Decatur County,1420
20,KS,041,Dickinson County,9320
20,KS,043,Doniphan County,3420
20,KS,045,Douglas County,48100
20,KS,047,Edwards County,1500
20,KS,049,Elk County,1230
20,KS,051,Ellis County,13560
20,KS,053,Ellsworth County,2840
20,KS,055,Finney County,17160
20,KS,057,Ford County,15740
20,KS,059,Franklin County,11760
20,KS,061,Geary County,18260
20,KS,063,Gove County,1400
20,KS,065,Graham County,1330
20,KS,067,Grant County,3270
20,KS,069,Gray County,2730
20,KS,071,Greeley County,650
20,KS,073,Greenwood County,2980
20,KS,075,Hamilton County,1120
20,KS,077,Harper County,2780
20,KS,079,Harvey County,15690
20,KS,081,Haskell County,1760
20,KS,083,Hodgeman County,950
20,KS,085,Jackson County,6300
20,KS,087,Jefferson County,8520
20,KS,089,Jewell County,1540
20,KS,091,Johnson County,274860
20,KS,093,Kearny County,1830
20,KS,095,Kingman County,3760
20,KS,097,Kiowa County,1180
20,KS,099,Labette County,9760
20,KS,101,Lane County,900
20,KS,103,Leavenworth County,32710
20,KS,105,Lincoln County,1530
20,KS,107,Linn County,4130
20,KS,109,Logan County,1420
20,KS,111,Lyon County,14620
20,KS,113,McPherson County,14180
20,KS,115,Marion County,5450
20,KS,117,Marshall County,5060
20,KS,119,Meade County,2030
20,KS,121,Miami County,14930
20,KS,123,Mitchell County,3150
20,KS,125,Montgomery County,14860
20,KS,127,Morris County,2650
20,KS,129,Morton County,1560
20,KS,131,Nemaha County,5020
20,KS,133,Neosho County,7280
20,KS,135,Ness County,1550
20,KS,137,Norton County,2510
20,KS,139,Osage County,7480
20,KS,141,Osborne County,1990
20,KS,143,Ottawa County,2840
20,KS,145,Pawnee County,3070
20,KS,147,Phillips County,2700
20,KS,149,Pottawatomie County,10210
20,KS,151,Pratt County,4630
20,KS,153,Rawlins County,1360
20,KS,155,Reno County,29190
20,KS,157,Republic County,2510
20,KS,159,Rice County,4400
20,KS,161,Riley County,26800
20,KS,163,Rooks County,2590
20,KS,165,Rush County,1610
20,KS,167,Russell County,3360
20,KS,169,Saline County,27150
20,KS,171,Scott County,2430
20,KS,173,Sedgwick County,230100
20,KS,175,Seward County,10330
20,KS,177,Shawnee County,84850
20,KS,179,Sheridan County,1290
20,KS,181,Sherman County,2830
20,KS,183,Smith County,1930
20,KS,185,Stafford County,2040
20,KS,187,Stanton County,980
20,KS,189,Stevens County,2390
20,KS,191,Sumner County,10660
20,KS,193,Thomas County,3860
20,KS,195,Trego County,1550
20,KS,197,Wabaunsee County,3220
20,KS,199,Wallace County,760
20,KS,201,Washington County,2880
20,KS,203,Wichita County,1070
20,KS,205,Wilson County,4120
20,KS,207,Woodson County,1530
20,KS,209,Wyandotte County,69260
21,KY,000,Kentucky,1875530
21,KY,001,Adair County,6960
21,KY,003,Allen County,7610
21,KY,005,Anderson County,10240
21,KY,007,Ballard County,3450
21,KY,009,Barren County,18030
21,KY,011,Bath County,4520
21,KY,013,Bell County,9410
21,KY,015,Boone County,56870
21,KY,017,Bourbon County,8930
21,KY,019,Boyd County,19550
21,KY,021,Boyle County,12060
21,KY,023,Bracken County,3620
21,KY,025,Breathitt County,4700
21,KY,027,Breckinridge County,7880
21,KY,029,Bullitt County,35880
21,KY,031,Butler County,5120
21,KY,033,Caldwell County,5550
21,KY,035,Calloway County,14550
21,KY,037,Campbell County,42150
21,KY,039,Carlisle County,2180
21,KY,041,Carroll County,4750
21,KY,043,Carter County,10450
21,KY,045,Casey County,5920
21,KY,047,Christian County,29720
21,KY,049,Clark County,15620
21,KY,051,Clay County,6510
21,KY,053,Clinton County,3810
21,KY,055,Crittenden County,3620
21,KY,057,Cumberland County,2660
21,KY,059,Daviess County,44550
21,KY,061,Edmonson County,4720
21,KY,063,Elliott County,2090
21,KY,065,Estill County,5410
21,KY,067,Fayette County,138120
21,KY,069,Fleming County,5920
21,KY,071,Floyd County,13720
21,KY,073,Franklin County,24110
21,KY,075,Fulton County,2420
21,KY,077,Gallatin County,3360
21,KY,079,Garrard County,6730
21,KY,081,Grant County,10350
21,KY,083,Graves County,15280
21,KY,085,Grayson County,10050
21,KY,087,Green County,4410
21,KY,089,Greenup County,15060
21,KY,091,Hancock County,3850
21,KY,093,Hardin County,47270
21,KY,095,Harlan County,9750
21,KY,097,Harrison County,7740
21,KY,099,Hart County,7220
21,KY,101,Henderson County,20030
21,KY,103,Henry County,6990
21,KY,105,Hickman County,1930
21,KY,107,Hopkins County,19330
21,KY,109,Jackson County,4490
21,KY,111,Jefferson County,363380
21,KY,113,Jessamine County,21020
21,KY,115,Johnson County,8270
21,KY,117,Kenton County,76940
21,KY,119,Knott County,5270
21,KY,121,Knox County,11090
21,KY,123,Larue County,6090
21,KY,125,Laurel County,23080
21,KY,127,Lawrence County,5610
21,KY,129,Lee County,2240
21,KY,131,Leslie County,3820
21,KY,133,Letcher County,8090
21,KY,135,Lewis County,4770
21,KY,137,Lincoln County,9410
21,KY,139,Livingston County,4110
21,KY,141,Logan County,11210
21,KY,143,Lyon County,3300
21,KY,145,McCracken County,30160
21,KY,147,McCreary County,5020
21,KY,149,McLean County,3900
21,KY,151,Madison County,33880
21,KY,153,Magoffin County,4120
21,KY,155,Marion County,7990
21,KY,157,Marshall County,13880
21,KY,159,Martin County,3410
21,KY,161,Mason County,7270
21,KY,163,Meade County,12450
21,KY,165,Menifee County,2270
21,KY,167,Mercer County,9590
21,KY,169,Metcalfe County,3920
21,KY,171,Monroe County,4340
21,KY,173,Montgomery County,11140
21,KY,175,Morgan County,4230
21,KY,177,Muhlenberg County,12210
21,KY,179,Nelson County,20950
21,KY,181,Nicholas County,2910
21,KY,183,Ohio County,9760
21,KY,185,Oldham County,26440
21,KY,187,Owen County,4110
21,KY,189,Owsley County,1350
21,KY,191,Pendleton County,6130
21,KY,193,Perry County,10840
21,KY,195,Pike County,21970
21,KY,197,Powell County,4980
21,KY,199,Pulaski County,25570
21,KY,201,Robertson County,810
21,KY,203,Rockcastle County,5970
21,KY,205,Rowan County,8370
21,KY,207,Russell County,6980
21,KY,209,Scott County,21800
21,KY,211,Shelby County,19880
21,KY,213,Simpson County,8010
21,KY,215,Spencer County,7770
21,KY,217,Taylor County,10050
21,KY,219,Todd County,4850
21,KY,221,Trigg County,5970
21,KY,223,Trimble County,3690
21,KY,225,Union County,5870
21,KY,227,Warren County,49860
21,KY,229,Washington County,5170
21,KY,231,Wayne County,7530
21,KY,233,Webster County,5490
21,KY,235,Whitley County,13440
21,KY,237,Wolfe County,2400
21,KY,239,Woodford County,12240
22,LA,000,Louisiana,2011170
22,LA,001,Acadia Parish,24750
22,LA,003,Allen Parish,8800
22,LA,005,Ascension Parish,50100
22,LA,007,Assumption Parish,9620
22,LA,009,Avoyelles Parish,16180
22,LA,011,Beauregard Parish,13970
22,LA,013,Bienville Parish,5880
22,LA,015,Bossier Parish,54210
22,LA,017,Caddo Parish,114910
22,LA,019,Calcasieu Parish,85540
22,LA,021,Caldwell Parish,4010
22,LA,023,Cameron Parish,2880
22,LA,025,Catahoula Parish,3900
22,LA,027,Claiborne Parish,5690
22,LA,029,Concordia Parish,7860
22,LA,031,De Soto Parish,11910
22,LA,033,East Baton Rouge Parish,204570
22,LA,035,East Carroll Parish,2710
22,LA,037,East Feliciana Parish,8500
22,LA,039,Evangeline Parish,12770
22,LA,041,Franklin Parish,8070
22,LA,043,Grant Parish,7960
22,LA,045,Iberia Parish,32740
22,LA,047,Iberville Parish,13840
22,LA,049,Jackson Parish,6200
22,LA,051,Jefferson Parish,208490
22,LA,053,Jefferson Davis Parish,13110
22,LA,055,Lafayette Parish,104980
22,LA,057,Lafourche Parish,41330
22,LA,059,La Salle Parish,5290
22,LA,061,Lincoln Parish,17760
22,LA,063,Livingston Parish,55310
22,LA,065,Madison Parish,4260
22,LA,067,Morehouse Parish,11460
22,LA,069,Natchitoches Parish,15250
22,LA,071,Orleans Parish,163360
22,LA,073,Ouachita Parish,67820
22,LA,075,Plaquemines Parish,10430
22,LA,077,Pointe Coupee Parish,9560
22,LA,079,Rapides Parish,57790
22,LA,081,Red River Parish,3350
22,LA,083,Richland Parish,8450
22,LA,085,Sabine Parish,9050
22,LA,087,St. Bernard Parish,16490
22,LA,089,St. Charles Parish,24200
22,LA,091,St. Helena Parish,5590
22,LA,093,St. James Parish,9940
22,LA,095,St. John the Baptist Parish,19630
22,LA,097,St. Landry Parish,36120
22,LA,099,St. Martin Parish,23030
22,LA,101,St. Mary Parish,24250
22,LA,103,St. Tammany Parish,111340
22,LA,105,Tangipahoa Parish,50180
22,LA,107,Tensas Parish,1970
22,LA,109,Terrebonne Parish,49080
22,LA,111,Union Parish,9110
22,LA,113,Vermilion Parish,24580
22,LA,115,Vernon Parish,21570
22,LA,117,Washington Parish,16890
22,LA,119,Webster Parish,16940
22,LA,121,West Baton Rouge Parish,11600
22,LA,123,West Carroll Parish,4450
22,LA,125,West Feliciana Parish,4630
22,LA,127,Winn Parish,5190
23,ME,000,Maine,631290
23,ME,001,Androscoggin County,48060
23,ME,003,Aroostook County,30800
23,ME,005,Cumberland County,145780
23,ME,007,Franklin County,12980
23,ME,009,Hancock County,27070
23,ME,011,Kennebec County,57440
23,ME,013,Knox County,19720
23,ME,015,Lincoln County,17470
23,ME,017,Oxford County,25090
23,ME,019,Penobscot County,67040
23,ME,021,Piscataquis County,7260
23,ME,023,Sagadahoc County,17970
23,ME,025,Somerset County,21660
23,ME,027,Waldo County,17840
23,ME,029,Washington County,14070
23,ME,031,York County,101070
24,MD,000,Maryland,2859990
24,MD,001,Allegany County,29290
24,MD,003,Anne Arundel County,273170
24,MD,005,Baltimore County,405010
24,MD,009,Calvert County,43450
24,MD,011,Caroline County,14750
24,MD,013,Carroll County,81940
24,MD,015,Cecil County,46240
24,MD,017,Charles County,74030
24,MD,019,Dorchester County,14980
24,MD,021,Frederick County,116660
24,MD,023,Garrett County,13450
24,MD,025,Harford County,122570
24,MD,027,Howard County,145960
24,MD,029,Kent County,9100
24,MD,031,Montgomery County,506910
24,MD,033,Prince George's County,457050
24,MD,035,Queen Anne's County,23410
24,MD,037,St. Mary's County,49540
24,MD,039,Somerset County,8870
24,MD,041,Talbot County,18990
24,MD,043,Washington County,67630
24,MD,045,Wicomico County,43840
24,MD,047,Worcester County,27470
24,MD,510,Baltimore city,265750
25,MA,000,Massachusetts,3261270
25,MA,001,Barnstable County,123080
25,MA,003,Berkshire County,64340
25,MA,005,Bristol County,260400
25,MA,007,Dukes County,10600
25,MA,009,Essex County,378660
25,MA,011,Franklin County,35340
25,MA,013,Hampden County,213680
25,MA,015,Hampshire County,71830
25,MA,017,Middlesex County,767700
25,MA,019,Nantucket County,6800
25,MA,021,Norfolk County,342500
25,MA,023,Plymouth County,248250
25,MA,025,Suffolk County,354820
25,MA,027,Worcester County,383340
26,MI,000,Michigan,4629970
26,MI,001,Alcona County,4980
26,MI,003,Alger County,4070
26,MI,005,Allegan County,52910
26,MI,007,Alpena County,13760
26,MI,009,Antrim County,11320
26,MI,011,Arenac County,7270
26,MI,013,Baraga County,3540
26,MI,015,Barry County,27250
26,MI,017,Bay County,53060
26,MI,019,Benzie County,8860
26,MI,021,Berrien County,73060
26,MI,023,Branch County,18850
26,MI,025,Calhoun County,61120
26,MI,027,Cass County,22980
26,MI,029,Charlevoix County,13280
26,MI,031,Cheboygan County,12380
26,MI,033,Chippewa County,15880
26,MI,035,Clare County,12990
26,MI,037,Clinton County,35380
26,MI,039,Crawford County,6080
26,MI,041,Delta County,17630
26,MI,043,Dickinson County,13070
26,MI,045,Eaton County,52960
26,MI,047,Emmet County,17400
26,MI,049,Genesee County,192600
26,MI,051,Gladwin County,11180
26,MI,053,Gogebic County,6850
26,MI,055,Grand Traverse County,46230
26,MI,057,Gratiot County,16930
26,MI,059,Hillsdale County,19280
26,MI,061,Houghton County,14550
26,MI,063,Huron County,16640
26,MI,065,Ingham County,122020
26,MI,067,Ionia County,26470
26,MI,069,Iosco County,12040
26,MI,071,Iron County,5540
26,MI,073,Isabella County,25860
26,MI,075,Jackson County,70590
26,MI,077,Kalamazoo County,116630
26,MI,079,Kalkaska County,7760
26,MI,081,Kent County,290780
26,MI,083,Keweenaw County,1010
26,MI,085,Lake County,4320
26,MI,087,Lapeer County,41770
26,MI,089,Leelanau County,11790
26,MI,091,Lenawee County,45420
26,MI,093,Livingston County,91120
26,MI,095,Luce County,2520
26,MI,097,Mackinac County,5980
26,MI,099,Macomb County,429340
26,MI,101,Manistee County,11320
26,MI,103,Marquette County,30360
26,MI,105,Mason County,13930
26,MI,107,Mecosta County,16550
26,MI,109,Menominee County,11150
26,MI,111,Midland County,39850
26,MI,113,Missaukee County,6540
26,MI,115,Monroe County,71630
26,MI,117,Montcalm County,26540
26,MI,119,Montmorency County,4330
26,MI,121,Muskegon County,76390
26,MI,123,Newaygo County,20830
26,MI,125,Oakland County,621350
26,MI,127,Oceana County,11860
26,MI,129,Ogemaw County,9470
26,MI,131,Ontonagon County,2900
26,MI,133,Osceola County,9960
26,MI,135,Oscoda County,3660
26,MI,137,Otsego County,11970
26,MI,139,Ottawa County,124580
26,MI,141,Presque Isle County,6360
26,MI,143,Roscommon County,11340
26,MI,145,Saginaw County,90510
26,MI,147,St. Clair County,77120
26,MI,149,St. Joseph County,27910
26,MI,151,Sanilac County,18950
26,MI,153,Schoolcraft County,3710
26,MI,155,Shiawassee County,32490
26,MI,157,Tuscola County,25330
26,MI,159,Van Buren County,34580
26,MI,161,Washtenaw County,159790
26,MI,163,Wayne County,806750
26,MI,165,Wexford County,14850
27,MN,000,Minnesota,2618760
27,MN,001,Aitkin County,7040
27,MN,003,Anoka County,166990
27,MN,005,Becker County,15540
27,MN,007,Beltrami County,18980
27,MN,009,Benton County,18660
27,MN,011,Big Stone County,2440
27,MN,013,Blue Earth County,29010
27,MN,015,Brown County,13190
27,MN,017,Carlton County,15930
27,MN,019,Carver County,45180
27,MN,021,Cass County,13670
27,MN,023,Chippewa County,6010
27,MN,025,Chisago County,25440
27,MN,027,Clay County,26900
27,MN,029,Clearwater County,3740
27,MN,031,Cook County,2940
27,MN,033,Cottonwood County,5740
27,MN,035,Crow Wing County,30080
27,MN,037,Dakota County,206220
27,MN,039,Dodge County,9490
27,MN,041,Douglas County,18180
27,MN,043,Faribault County,7040
27,MN,045,Fillmore County,9790
27,MN,047,Freeborn County,15170
27,MN,049,Goodhue County,23070
27,MN,051,Grant County,3000
27,MN,053,Hennepin County,604430
27,MN,055,Houston County,9400
27,MN,057,Hubbard County,9510
27,MN,059,Isanti County,17980
27,MN,061,Itasca County,20780
27,MN,063,Jackson County,5290
27,MN,065,Kanabec County,7310
27,MN,067,Kandiyohi County,20740
27,MN,069,Kittson County,2190
27,MN,071,Koochiching County,6200
27,MN,073,Lac qui Parle County,3450
27,MN,075,Lake County,5300
27,MN,077,Lake of the Woods County,2030
27,MN,079,Le Sueur County,13440
27,MN,081,Lincoln County,2700
27,MN,083,Lyon County,12010
27,MN,085,McLeod County,17880
27,MN,087,Mahnomen County,2350
27,MN,089,Marshall County,4580
27,MN,091,Martin County,10410
27,MN,093,Meeker County,10820
27,MN,095,Mille Lacs County,11830
27,MN,097,Morrison County,15520
27,MN,099,Mower County,18700
27,MN,101,Murray County,4100
27,MN,103,Nicollet County,15180
27,MN,105,Nobles County,10390
27,MN,107,Norman County,3100
27,MN,109,Olmsted County,72990
27,MN,111,Otter Tail County,27870
27,MN,113,Pennington County,6900
27,MN,115,Pine County,12530
27,MN,117,Pipestone County,4470
27,MN,119,Polk County,14700
27,MN,121,Pope County,5480
27,MN,123,Ramsey County,252950
27,MN,125,Red Lake County,1930
27,MN,127,Redwood County,7800
27,MN,129,Renville County,7750
27,MN,131,Rice County,27960
27,MN,133,Rock County,4450
27,MN,135,Roseau County,7750
27,MN,137,St. Louis County,93160
27,MN,139,Scott County,64440
27,MN,141,Sherburne County,41030
27,MN,143,Sibley County,7310
27,MN,145,Stearns County,68960
27,MN,147,Steele County,17880
27,MN,149,Stevens County,4240
27,MN,151,Swift County,4700
27,MN,153,Todd County,10640
27,MN,155,Traverse County,1670
27,MN,157,Wabasha County,10960
27,MN,159,Wadena County,6180
27,MN,161,Waseca County,8920
27,MN,163,Washington County,121280
27,MN,165,Watonwan County,5340
27,MN,167,Wilkin County,3240
27,MN,169,Winona County,22280
27,MN,171,Wright County,59080
27,MN,173,Yellow Medicine County,5120
28,MS,000,Mississippi,1249240
28,MS,001,Adams County,13130
28,MS,003,Alcorn County,14040
28,MS,005,Amite County,5090
28,MS,007,Attala County,7220
28,MS,009,Benton County,3220
28,MS,011,Bolivar County,14170
28,MS,013,Calhoun County,5730
28,MS,015,Carroll County,4300
28,MS,017,Chickasaw County,7590
28,MS,019,Choctaw County,3270
28,MS,021,Claiborne County,3870
28,MS,023,Clarke County,6840
28,MS,025,Clay County,8370
28,MS,027,Coahoma County,10340
28,MS,029,Copiah County,11660
28,MS,031,Covington County,7920
28,MS,033,DeSoto County,75470
28,MS,035,Forrest County,32420
28,MS,037,Franklin County,3160
28,MS,039,George County,8740
28,MS,041,Greene County,4270
28,MS,043,Grenada County,9620
28,MS,045,Hancock County,18010
28,MS,047,Harrison County,87560
28,MS,049,Hinds County,114150
28,MS,051,Holmes County,7750
28,MS,053,Humphreys County,3550
28,MS,055,Issaquena County,430
28,MS,057,Itawamba County,9160
28,MS,059,Jackson County,61710
28,MS,061,Jasper County,6920
28,MS,063,Jefferson County,3190
28,MS,065,Jefferson Davis County,5130
28,MS,067,Jones County,27690
28,MS,069,Kemper County,3620
28,MS,071,Lafayette County,18290
28,MS,073,Lamar County,23340
28,MS,075,Lauderdale County,32440
28,MS,077,Lawrence County,5080
28,MS,079,Leake County,8650
28,MS,081,Lee County,36410
28,MS,083,Leflore County,12430
28,MS,085,Lincoln County,13800
28,MS,087,Lowndes County,25150
28,MS,089,Madison County,46260
28,MS,091,Marion County,10210
28,MS,093,Marshall County,15490
28,MS,095,Monroe County,14860
28,MS,097,Montgomery County,4410
28,MS,099,Neshoba County,11940
28,MS,101,Newton County,8840
28,MS,103,Noxubee County,4780
28,MS,105,Oktibbeha County,17360
28,MS,107,Panola County,14450
28,MS,109,Pearl River County,21550
28,MS,111,Perry County,4750
28,MS,113,Pike County,16570
28,MS,115,Pontotoc County,12890
28,MS,117,Prentiss County,9480
28,MS,119,Quitman County,2920
28,MS,121,Rankin County,63740
28,MS,123,Scott County,11950
28,MS,125,Sharkey County,1940
28,MS,127,Simpson County,10660
28,MS,129,Smith County,6100
28,MS,131,Stone County,6800
28,MS,133,Sunflower County,10100
28,MS,135,Tallahatchie County,5120
28,MS,137,Tate County,11650
28,MS,139,Tippah County,8730
28,MS,141,Tishomingo County,7240
28,MS,143,Tunica County,4970
28,MS,145,Union County,11370
28,MS,147,Walthall County,5650
28,MS,149,Warren County,21670
28,MS,151,Washington County,21170
28,MS,153,Wayne County,8310
28,MS,155,Webster County,4040
28,MS,157,Wilkinson County,3670
28,MS,159,Winston County,7650
28,MS,161,Yalobusha County,5610
28,MS,163,Yazoo County,9660
29,MO,000,Missouri,2726230
29,MO,001,Adair County,9470
29,MO,003,Andrew County,8310
29,MO,005,Atchison County,2540
29,MO,007,Audrain County,10490
29,MO,009,Barry County,14040
29,MO,011,Barton County,5170
29,MO,013,Bates County,7000
29,MO,015,Benton County,7850
29,MO,017,Bollinger County,4880
29,MO,019,Boone County,73920
29,MO,021,Buchanan County,39140
29,MO,023,Butler County,17600
29,MO,025,Caldwell County,3850
29,MO,027,Callaway County,19330
29,MO,029,Camden County,19670
29,MO,031,Cape Girardeau County,34770
29,MO,033,Carroll County,4170
29,MO,035,Carter County,2520
29,MO,037,Cass County,46140
29,MO,039,Cedar County,5480
29,MO,041,Chariton County,3440
29,MO,043,Christian County,34820
29,MO,045,Clark County,2950
29,MO,047,Clay County,109640
29,MO,049,Clinton County,9400
29,MO,051,Cole County,35730
29,MO,053,Cooper County,7510
29,MO,055,Crawford County,10300
29,MO,057,Dade County,3160
29,MO,059,Dallas County,6640
29,MO,061,Daviess County,3540
29,MO,063,DeKalb County,4040
29,MO,065,Dent County,5990
29,MO,067,Douglas County,5020
29,MO,069,Dunklin County,11950
29,MO,071,Franklin County,48200
29,MO,073,Gasconade County,6920
29,MO,075,Gentry County,2870
29,MO,077,Greene County,126290
29,MO,079,Grundy County,4230
29,MO,081,Harrison County,3710
29,MO,083,Henry County,9460
29,MO,085,Hickory County,3620
29,MO,087,Holt County,2140
29,MO,089,Howard County,4380
29,MO,091,Howell County,15850
29,MO,093,Iron County,3900
29,MO,095,Jackson County,317710
29,MO,097,Jasper County,49900
29,MO,099,Jefferson County,103480
29,MO,101,Johnson County,21660
29,MO,103,Knox County,1770
29,MO,105,Laclede County,14740
29,MO,107,Lafayette County,14700
29,MO,109,Lawrence County,15760
29,MO,111,Lewis County,4210
29,MO,113,Lincoln County,23920
29,MO,115,Linn County,5530
29,MO,117,Livingston County,6160
29,MO,119,McDonald County,8830
29,MO,121,Macon County,6950
29,MO,123,Madison County,5030
29,MO,125,Maries County,3590
29,MO,127,Marion County,12680
29,MO,129,Mercer County,1530
29,MO,131,Miller County,10240
29,MO,133,Mississippi County,5160
29,MO,135,Moniteau County,6490
29,MO,137,Monroe County,3790
29,MO,139,Montgomery County,5220
29,MO,141,Morgan County,8560
29,MO,143,New Madrid County,7160
29,MO,145,Newton County,24460
29,MO,147,Nodaway County,8660
29,MO,149,Oregon County,3920
29,MO,151,Osage County,5990
29,MO,153,Ozark County,2780
29,MO,155,Pemiscot County,6860
29,MO,157,Perry County,8600
29,MO,159,Pettis County,18180
29,MO,161,Phelps County,17560
29,MO,163,Pike County,7270
29,MO,165,Platte County,45100
29,MO,167,Polk County,11560
29,MO,169,Pulaski County,18820
29,MO,171,Putnam County,2040
29,MO,173,Ralls County,4580
29,MO,175,Randolph County,10120
29,MO,177,Ray County,10150
29,MO,179,Reynolds County,2400
29,MO,181,Ripley County,5280
29,MO,183,St. Charles County,181790
29,MO,185,St. Clair County,3650
29,MO,186,Ste. Genevieve County,8250
29,MO,187,St. Francois County,25380
29,MO,189,St. Louis County,502960
29,MO,195,Saline County,9850
29,MO,197,Schuyler County,1640
29,MO,199,Scotland County,2110
29,MO,201,Scott County,17560
29,MO,203,Shannon County,3090
29,MO,205,Shelby County,2900
29,MO,207,Stoddard County,12440
29,MO,209,Stone County,13660
29,MO,211,Sullivan County,2800
29,MO,213,Taney County,23510
29,MO,215,Texas County,9240
29,MO,217,Vernon County,8520
29,MO,219,Warren County,14850
29,MO,221,Washington County,8820
29,MO,223,Wayne County,4700
29,MO,225,Webster County,14510
29,MO,227,Worth County,920
29,MO,229,Wright County,6860
29,MO,510,St. Louis city,145510
30,MT,000,Montana,484750
30,MT,001,Beaverhead County,4400
30,MT,003,Big Horn County,4710
30,MT,005,Blaine County,2730
30,MT,007,Broadwater County,2460
30,MT,009,Carbon County,5030
30,MT,011,Carter County,550
30,MT,013,Cascade County,39900
30,MT,015,Chouteau County,2320
30,MT,017,Custer County,5670
30,MT,019,Daniels County,910
30,MT,021,Dawson County,4460
30,MT,023,Deer Lodge County,4240
30,MT,025,Fallon County,1510
30,MT,027,Fergus County,5720
30,MT,029,Flathead County,45760
30,MT,031,Gallatin County,47350
30,MT,033,Garfield County,560
30,MT,035,Glacier County,5540
30,MT,037,Golden Valley County,490
30,MT,039,Granite County,1380
30,MT,041,Hill County,7920
30,MT,043,Jefferson County,5280
30,MT,045,Judith Basin County,980
30,MT,047,Lake County,12200
30,MT,049,Lewis and Clark County,32590
30,MT,051,Liberty County,1010
30,MT,053,Lincoln County,8170
30,MT,055,McCone County,850
30,MT,057,Madison County,3690
30,MT,059,Meagher County,890
30,MT,061,Mineral County,1910
30,MT,063,Missoula County,54290
30,MT,065,Musselshell County,1980
30,MT,067,Park County,8320
30,MT,069,Petroleum County,190
30,MT,071,Phillips County,2040
30,MT,073,Pondera County,3050
30,MT,075,Powder River County,810
30,MT,077,Powell County,2760
30,MT,079,Prairie County,570
30,MT,081,Ravalli County,19040
30,MT,083,Richland County,5930
30,MT,085,Roosevelt County,4360
30,MT,087,Rosebud County,4090
30,MT,089,Sanders County,4820
30,MT,091,Sheridan County,2090
30,MT,093,Silver Bow County,16460
30,MT,095,Stillwater County,4350
30,MT,097,Sweet Grass County,1750
30,MT,099,Teton County,3070
30,MT,101,Toole County,2350
30,MT,103,Treasure County,390
30,MT,105,Valley County,3760
30,MT,107,Wheatland County,960
30,MT,109,Wibaux County,520
30,MT,111,Yellowstone County,75720
31,NE,000,Nebraska,871320
31,NE,001,Adams County,14340
31,NE,003,Antelope County,2960
31,NE,005,Arthur County,200
31,NE,007,Banner County,330
31,NE,009,Blaine County,210
31,NE,011,Boone County,2660
31,NE,013,Box Butte County,5300
31,NE,015,Boyd County,910
31,NE,017,Brown County,1470
31,NE,019,Buffalo County,21600
31,NE,021,Burt County,3120
31,NE,023,Butler County,3930
31,NE,025,Cass County,12100
31,NE,027,Cedar County,4030
31,NE,029,Chase County,1850
31,NE,031,Cherry County,2800
31,NE,033,Cheyenne County,4880
31,NE,035,Clay County,2920
31,NE,037,Colfax County,4980
31,NE,039,Cuming County,4390
31,NE,041,Custer County,5230
31,NE,043,Dakota County,9660
31,NE,045,Dawes County,3690
31,NE,047,Dawson County,11320
31,NE,049,Deuel County,910
31,NE,051,Dixon County,2650
31,NE,053,Dodge County,17490
31,NE,055,Douglas County,254570
31,NE,057,Dundy County,910
31,NE,059,Fillmore County,2870
31,NE,061,Franklin County,1530
31,NE,063,Frontier County,1130
31,NE,065,Furnas County,2310
31,NE,067,Gage County,10200
31,NE,069,Garden County,930
31,NE,071,Garfield County,820
31,NE,073,Gosper County,1010
31,NE,075,Grant County,330
31,NE,077,Greeley County,1110
31,NE,079,Hall County,28290
31,NE,081,Hamilton County,4520
31,NE,083,Harlan County,1580
31,NE,085,Hayes County,440
31,NE,087,Hitchcock County,1370
31,NE,089,Holt County,5070
31,NE,091,Hooker County,380
31,NE,093,Howard County,3000
31,NE,095,Jefferson County,3530
31,NE,097,Johnson County,2020
31,NE,099,Kearney County,2960
31,NE,101,Keith County,3990
31,NE,103,Keya Paha County,410
31,NE,105,Kimball County,1710
31,NE,107,Knox County,3800
31,NE,109,Lancaster County,135980
31,NE,111,Lincoln County,16620
31,NE,113,Logan County,330
31,NE,115,Loup County,270
31,NE,117,McPherson County,200
31,NE,119,Madison County,16680
31,NE,121,Merrick County,3580
31,NE,123,Morrill County,2190
31,NE,125,Nance County,1600
31,NE,127,Nemaha County,3030
31,NE,129,Nuckolls County,2080
31,NE,131,Otoe County,7490
31,NE,133,Pawnee County,1280
31,NE,135,Perkins County,1350
31,NE,137,Phelps County,4400
31,NE,139,Pierce County,3300
31,NE,141,Platte County,16350
31,NE,143,Polk County,2620
31,NE,145,Red Willow County,5120
31,NE,147,Richardson County,3920
31,NE,149,Rock County,670
31,NE,151,Saline County,6390
31,NE,153,Sarpy County,79470
31,NE,155,Saunders County,9810
31,NE,157,Scotts Bluff County,16540
31,NE,159,Seward County,7450
31,NE,161,Sheridan County,2330
31,NE,163,Sherman County,1440
31,NE,165,Sioux County,550
31,NE,167,Stanton County,2790
31,NE,169,Thayer County,2480
31,NE,171,Thomas County,340
31,NE,173,Thurston County,2560
31,NE,175,Valley County,1940
31,NE,177,Washington County,9550
31,NE,179,Wayne County,3700
31,NE,181,Webster County,1620
31,NE,183,Wheeler County,380
31,NE,185,York County,6560
32,NV,000,Nevada,1289070
32,NV,001,Churchill County,10920
32,NV,003,Clark County,928770
32,NV,005,Douglas County,25140
32,NV,007,Elko County,24270
32,NV,009,Esmeralda County,460
32,NV,011,Eureka County,840
32,NV,013,Humboldt County,8230
32,NV,015,Lander County,2840
32,NV,017,Lincoln County,2010
32,NV,019,Lyon County,23560
32,NV,021,Mineral County,2000
32,NV,023,Nye County,18090
32,NV,027,Pershing County,2190
32,NV,029,Storey County,1840
32,NV,031,Washoe County,207410
32,NV,033,White Pine County,4250
32,NV,510,Carson City,26300
33,NH,000,New Hampshire,679730
33,NH,001,Belknap County,32690
33,NH,003,Carroll County,25800
33,NH,005,Cheshire County,37390
33,NH,007,Coos County,15400
33,NH,009,Grafton County,43950
33,NH,011,Hillsborough County,207360
33,NH,013,Merrimack County,73610
33,NH,015,Rockingham County,162410
33,NH,017,Strafford County,59990
33,NH,019,Sullivan County,21180
34,NJ,000,New Jersey,4306600
34,NJ,001,Atlantic County,138560
34,NJ,003,Bergen County,454440
34,NJ,005,Burlington County,222250
34,NJ,007,Camden County,244430
34,NJ,009,Cape May County,50460
34,NJ,011,Cumberland County,68650
34,NJ,013,Essex County,364520
34,NJ,015,Gloucester County,137030
34,NJ,017,Hudson County,317480
34,NJ,019,Hunterdon County,64000
34,NJ,021,Mercer County,172760
34,NJ,023,Middlesex County,396270
34,NJ,025,Monmouth County,315840
34,NJ,027,Morris County,249240
34,NJ,029,Ocean County,276630
34,NJ,031,Passaic County,244040
34,NJ,033,Salem County,31060
34,NJ,035,Somerset County,165340
34,NJ,037,Sussex County,72510
34,NJ,039,Union County,268190
34,NJ,041,Warren County,52940
35,NM,000,New Mexico,905070
35,NM,001,Bernalillo County,303600
35,NM,003,Catron County,1430
35,NM,005,Chaves County,25660
35,NM,006,Cibola County,9270
35,NM,007,Colfax County,5690
35,NM,009,Curry County,21020
35,NM,011,De Baca County,850
35,NM,013,Doña Ana County,88910
35,NM,015,Eddy County,23910
35,NM,017,Grant County,12860
35,NM,019,Guadalupe County,1900
35,NM,021,Harding County,340
35,NM,023,Hidalgo County,1930
35,NM,025,Lea County,27420
35,NM,027,Lincoln County,9200
35,NM,028,Los Alamos County,9100
35,NM,029,Luna County,10560
35,NM,031,McKinley County,31350
35,NM,033,Mora County,2030
35,NM,035,Otero County,26550
35,NM,037,Quay County,3710
35,NM,039,Rio Arriba County,16860
35,NM,041,Roosevelt County,7800
35,NM,043,Sandoval County,60290
35,NM,045,San Juan County,53580
35,NM,047,San Miguel County,11500
35,NM,049,Santa Fe County,72900
35,NM,051,Sierra County,4970
35,NM,053,Socorro County,7010
35,NM,055,Taos County,15440
35,NM,057,Torrance County,5810
35,NM,059,Union County,1710
35,NM,061,Valencia County,30060
36,NY,000,New York,9362160
36,NY,001,Albany County,149710
36,NY,003,Allegany County,19090
36,NY,005,Bronx County,622370
36,NY,007,Broome County,90190
36,NY,009,Cattaraugus County,34860
36,NY,011,Cayuga County,35750
36,NY,013,Chautauqua County,58260
36,NY,015,Chemung County,39850
36,NY,017,Chenango County,22840
36,NY,019,Clinton County,36220
36,NY,021,Columbia County,29670
36,NY,023,Cortland County,20810
36,NY,025,Delaware County,19920
36,NY,027,Dutchess County,138170
36,NY,029,Erie County,443880
36,NY,031,Essex County,17690
36,NY,033,Franklin County,20270
36,NY,035,Fulton County,24850
36,NY,037,Genesee County,28260
36,NY,039,Greene County,22110
36,NY,041,Hamilton County,2540
36,NY,043,Herkimer County,28420
36,NY,045,Jefferson County,52430
36,NY,047,Kings County,1158570
36,NY,049,Lewis County,11500
36,NY,051,Livingston County,28100
36,NY,053,Madison County,31500
36,NY,055,Monroe County,359530
36,NY,057,Montgomery County,22940
36,NY,059,Nassau County,695760
36,NY,061,New York County,875680
36,NY,063,Niagara County,104810
36,NY,065,Oneida County,104870
36,NY,067,Onondaga County,220930
36,NY,069,Ontario County,53380
36,NY,071,Orange County,174280
36,NY,073,Orleans County,18740
36,NY,075,Oswego County,53530
36,NY,077,Otsego County,26890
36,NY,079,Putnam County,48870
36,NY,081,Queens County,1103000
36,NY,083,Rensselaer County,76620
36,NY,085,Richmond County,214540
36,NY,087,Rockland County,147050
36,NY,089,St. Lawrence County,43900
36,NY,091,Saratoga County,112670
36,NY,093,Schenectady County,75310
36,NY,095,Schoharie County,13640
36,NY,097,Schuyler County,8830
36,NY,099,Seneca County,15530
36,NY,101,Steuben County,44300
36,NY,103,Suffolk County,758810
36,NY,105,Sullivan County,34300
36,NY,107,Tioga County,23890
36,NY,109,Tompkins County,40800
36,NY,111,Ulster County,85800
36,NY,113,Warren County,33890
36,NY,115,Washington County,28270
36,NY,117,Wayne County,44620
36,NY,119,Westchester County,478990
36,NY,121,Wyoming County,18450
36,NY,123,Yates County,11070
37,NC,000,North Carolina,4285200
37,NC,001,Alamance County,67420
37,NC,003,Alexander County,15070
37,NC,005,Alleghany County,4560
37,NC,007,Anson County,9520
37,NC,009,Ashe County,10900
37,NC,011,Avery County,6820
37,NC,013,Beaufort County,20390
37,NC,015,Bertie County,7940
37,NC,017,Bladen County,13020
37,NC,019,Brunswick County,51480
37,NC,021,Buncombe County,118530
37,NC,023,Burke County,36600
37,NC,025,Cabarrus County,81610
37,NC,027,Caldwell County,33170
37,NC,029,Camden County,4480
37,NC,031,Carteret County,32100
37,NC,033,Caswell County,9370
37,NC,035,Catawba County,70020
37,NC,037,Chatham County,29730
37,NC,039,Cherokee County,10800
37,NC,041,Chowan County,6370
37,NC,043,Clay County,4290
37,NC,045,Cleveland County,40060
37,NC,047,Columbus County,21530
37,NC,049,Craven County,45830
37,NC,051,Cumberland County,141830
37,NC,053,Currituck County,11180
37,NC,055,Dare County,19030
37,NC,057,Davidson County,70620
37,NC,059,Davie County,18340
37,NC,061,Duplin County,23940
37,NC,063,Durham County,134810
37,NC,065,Edgecombe County,23400
37,NC,067,Forsyth County,161430
37,NC,069,Franklin County,24750
37,NC,071,Gaston County,89910
37,NC,073,Gates County,4600
37,NC,075,Graham County,3260
37,NC,077,Granville County,23650
37,NC,079,Greene County,7740
37,NC,081,Guilford County,227760
37,NC,083,Halifax County,21740
37,NC,085,Harnett County,46910
37,NC,087,Haywood County,26120
37,NC,089,Henderson County,50010
37,NC,091,Hertford County,8590
37,NC,093,Hoke County,19480
37,NC,095,Hyde County,2120
37,NC,097,Iredell County,73690
37,NC,099,Jackson County,14740
37,NC,101,Johnston County,74510
37,NC,103,Jones County,4390
37,NC,105,Lee County,26770
37,NC,107,Lenoir County,25390
37,NC,109,Lincoln County,33590
37,NC,111,McDowell County,18050
37,NC,113,Macon County,15170
37,NC,115,Madison County,8320
37,NC,117,Martin County,10360
37,NC,119,Mecklenburg County,461640
37,NC,121,Mitchell County,6000
37,NC,123,Montgomery County,10890
37,NC,125,Moore County,41460
37,NC,127,Nash County,42880
37,NC,129,New Hanover County,97950
37,NC,131,Northampton County,8110
37,NC,133,Onslow County,75990
37,NC,135,Orange County,59320
37,NC,137,Pamlico County,5460
37,NC,139,Pasquotank County,16900
37,NC,141,Pender County,23420
37,NC,143,Perquimans County,5730
37,NC,145,Person County,16750
37,NC,147,Pitt County,69490
37,NC,149,Polk County,8670
37,NC,151,Randolph County,60900
37,NC,153,Richmond County,18280
37,NC,155,Robeson County,49720
37,NC,157,Rockingham County,39220
37,NC,159,Rowan County,59030
37,NC,161,Rutherford County,25290
37,NC,163,Sampson County,30040
37,NC,165,Scotland County,13740
37,NC,167,Stanly County,25340
37,NC,169,Stokes County,19490
37,NC,171,Surry County,30170
37,NC,173,Swain County,7940
37,NC,175,Transylvania County,13860
37,NC,177,Tyrrell County,1630
37,NC,179,Union County,88140
37,NC,181,Vance County,18460
37,NC,183,Wake County,446420
37,NC,185,Warren County,7560
37,NC,187,Washington County,5300
37,NC,189,Watauga County,18660
37,NC,191,Wayne County,52090
37,NC,193,Wilkes County,27360
37,NC,195,Wilson County,35390
37,NC,197,Yadkin County,16120
37,NC,199,Yancey County,7130
38,ND,000,North Dakota,353120
38,ND,001,Adams County,1170
38,ND,003,Barnes County,5400
38,ND,005,Benson County,2710
38,ND,007,Billings County,490
38,ND,009,Bottineau County,3350
38,ND,011,Bowman County,1630
38,ND,013,Burke County,1250
38,ND,015,Burleigh County,44180
38,ND,017,Cass County,79080
38,ND,019,Cavalier County,2040
38,ND,021,Dickey County,2540
38,ND,023,Divide County,1250
38,ND,025,Dunn County,2020
38,ND,027,Eddy County,1160
38,ND,029,Emmons County,1570
38,ND,031,Foster County,1730
38,ND,033,Golden Valley County,940
38,ND,035,Grand Forks County,32170
38,ND,037,Grant County,1120
38,ND,039,Griggs County,1180
38,ND,041,Hettinger County,1260
38,ND,043,Kidder County,1150
38,ND,045,LaMoure County,1950
38,ND,047,Logan County,930
38,ND,049,McHenry County,2960
38,ND,051,McIntosh County,1380
38,ND,053,McKenzie County,3690
38,ND,055,McLean County,4700
38,ND,057,Mercer County,4320
38,ND,059,Morton County,14770
38,ND,061,Mountrail County,4420
38,ND,063,Nelson County,1620
38,ND,065,Oliver County,920
38,ND,067,Pembina County,3660
38,ND,069,Pierce County,2140
38,ND,071,Ramsey County,5800
38,ND,073,Ransom County,2710
38,ND,075,Renville County,1350
38,ND,077,Richland County,7840
38,ND,079,Rolette County,5640
38,ND,081,Sargent County,2020
38,ND,083,Sheridan County,700
38,ND,085,Sioux County,1360
38,ND,087,Slope County,350
38,ND,089,Stark County,14940
38,ND,091,Steele County,950
38,ND,093,Stutsman County,10350
38,ND,095,Towner County,1210
38,ND,097,Traill County,3800
38,ND,099,Walsh County,5560
38,ND,101,Ward County,33780
38,ND,103,Wells County,2210
38,ND,105,Williams County,15910
39,OH,000,Ohio,5506020
39,OH,001,Adams County,11060
39,OH,003,Allen County,47820
39,OH,005,Ashland County,24290
39,OH,007,Ashtabula County,44960
39,OH,009,Athens County,21670
39,OH,011,Auglaize County,23320
39,OH,013,Belmont County,31330
39,OH,015,Brown County,19310
39,OH,017,Butler County,170940
39,OH,019,Carroll County,12830
39,OH,021,Champaign County,18360
39,OH,023,Clark County,63830
39,OH,025,Clermont County,95440
39,OH,027,Clinton County,18930
39,OH,029,Columbiana County,48380
39,OH,031,Coshocton County,16050
39,OH,033,Crawford County,20550
39,OH,035,Cuyahoga County,627200
39,OH,037,Darke County,25140
39,OH,039,Defiance County,18690
39,OH,041,Delaware County,86410
39,OH,043,Erie County,39630
39,OH,045,Fairfield County,68610
39,OH,047,Fayette County,13270
39,OH,049,Franklin County,592300
39,OH,051,Fulton County,20870
39,OH,053,Gallia County,12210
39,OH,055,Geauga County,47090
39,OH,057,Greene County,74690
39,OH,059,Guernsey County,17980
39,OH,061,Hamilton County,396340
39,OH,063,Hancock County,36670
39,OH,065,Hardin County,13120
39,OH,067,Harrison County,6630
39,OH,069,Henry County,13990
39,OH,071,Highland County,18050
39,OH,073,Hocking County,12560
39,OH,075,Holmes County,16420
39,OH,077,Huron County,28650
39,OH,079,Jackson County,13500
39,OH,081,Jefferson County,31000
39,OH,083,Knox County,26900
39,OH,085,Lake County,121790
39,OH,087,Lawrence County,25870
39,OH,089,Licking County,79720
39,OH,091,Logan County,22270
39,OH,093,Lorain County,145950
39,OH,095,Lucas County,201400
39,OH,097,Madison County,18780
39,OH,099,Mahoning County,112560
39,OH,101,Marion County,28200
39,OH,103,Medina County,88940
39,OH,105,Meigs County,9200
39,OH,107,Mercer County,20640
39,OH,109,Miami County,50440
39,OH,111,Monroe County,6370
39,OH,113,Montgomery County,255860
39,OH,115,Morgan County,5820
39,OH,117,Morrow County,15270
39,OH,119,Muskingum County,38880
39,OH,121,Noble County,5340
39,OH,123,Ottawa County,21730
39,OH,125,Paulding County,8970
39,OH,127,Perry County,15000
39,OH,129,Pickaway County,24000
39,OH,131,Pike County,11090
39,OH,133,Portage County,75410
39,OH,135,Preble County,19470
39,OH,137,Putnam County,17320
39,OH,139,Richland County,56660
39,OH,141,Ross County,32480
39,OH,143,Sandusky County,29940
39,OH,145,Scioto County,29270
39,OH,147,Seneca County,26540
39,OH,149,Shelby County,23790
39,OH,151,Stark County,183150
39,OH,153,Summit County,267670
39,OH,155,Trumbull County,101170
39,OH,157,Tuscarawas County,44760
39,OH,159,Union County,23670
39,OH,161,Van Wert County,14010
39,OH,163,Vinton County,5190
39,OH,165,Warren County,103200
39,OH,167,Washington County,28840
39,OH,169,Wayne County,53570
39,OH,171,Williams County,18420
39,OH,173,Wood County,59860
39,OH,175,Wyandot County,11130
40,OK,000,Oklahoma,1613320
40,OK,001,Adair County,8100
40,OK,003,Alfalfa County,2130
40,OK,005,Atoka County,5270
40,OK,007,Beaver County,2380
40,OK,009,Beckham County,9460
40,OK,011,Blaine County,4280
40,OK,013,Bryan County,16730
40,OK,015,Caddo County,11050
40,OK,017,Canadian County,55230
40,OK,019,Carter County,21010
40,OK,021,Cherokee County,17440
40,OK,023,Choctaw County,5730
40,OK,025,Cimarron County,1200
40,OK,027,Cleveland County,116650
40,OK,029,Coal County,2170
40,OK,031,Comanche County,48550
40,OK,033,Cotton County,2540
40,OK,035,Craig County,5620
40,OK,037,Creek County,29380
40,OK,039,Custer County,11830
40,OK,041,Delaware County,15110
40,OK,043,Dewey County,2200
40,OK,045,Ellis County,1900
40,OK,047,Garfield County,27820
40,OK,049,Garvin County,11450
40,OK,051,Grady County,21440
40,OK,053,Grant County,2010
40,OK,055,Greer County,2040
40,OK,057,Harmon County,1020
40,OK,059,Harper County,1650
40,OK,061,Haskell County,4750
40,OK,063,Hughes County,5020
40,OK,065,Jackson County,11030
40,OK,067,Jefferson County,2200
40,OK,069,Johnston County,4170
40,OK,071,Kay County,19260
40,OK,073,Kingfisher County,6540
40,OK,075,Kiowa County,3810
40,OK,077,Latimer County,4420
40,OK,079,Le Flore County,18120
40,OK,081,Lincoln County,13370
40,OK,083,Logan County,17630
40,OK,085,Love County,3900
40,OK,087,McClain County,15900
40,OK,089,McCurtain County,10520
40,OK,091,McIntosh County,7920
40,OK,093,Major County,3250
40,OK,095,Marshall County,6100
40,OK,097,Mayes County,15970
40,OK,099,Murray County,5610
40,OK,101,Muskogee County,27280
40,OK,103,Noble County,4850
40,OK,105,Nowata County,4290
40,OK,107,Okfuskee County,4010
40,OK,109,Oklahoma County,332860
40,OK,111,Okmulgee County,15350
40,OK,113,Osage County,17860
40,OK,115,Ottawa County,13190
40,OK,117,Pawnee County,6460
40,OK,119,Payne County,28380
40,OK,121,Pittsburg County,18070
40,OK,123,Pontotoc County,16240
40,OK,125,Pottawatomie County,28680
40,OK,127,Pushmataha County,4360
40,OK,129,Roger Mills County,1540
40,OK,131,Rogers County,38070
40,OK,133,Seminole County,9190
40,OK,135,Sequoyah County,15630
40,OK,137,Stephens County,18520
40,OK,139,Texas County,9910
40,OK,141,Tillman County,3110
40,OK,143,Tulsa County,280810
40,OK,145,Wagoner County,31020
40,OK,147,Washington County,23150
40,OK,149,Washita County,4840
40,OK,151,Woods County,3880
40,OK,153,Woodward County,9140
41,OR,000,Oregon,1768380
41,OR,001,Baker County,6960
41,OR,003,Benton County,36290
41,OR,005,Clackamas County,183390
41,OR,007,Clatsop County,17430
41,OR,009,Columbia County,21510
41,OR,011,Coos County,26600
41,OR,013,Crook County,8900
41,OR,015,Curry County,10200
41,OR,017,Deschutes County,78600
41,OR,019,Douglas County,44710
41,OR,021,Gilliam County,840
41,OR,023,Grant County,3040
41,OR,025,Harney County,3000
41,OR,027,Hood River County,11220
41,OR,029,Jackson County,94020
41,OR,031,Jefferson County,8780
41,OR,033,Josephine County,35060
41,OR,035,Klamath County,26990
41,OR,037,Lake County,3200
41,OR,039,Lane County,156610
41,OR,041,Lincoln County,21430
41,OR,043,Linn County,50300
41,OR,045,Malheur County,10740
41,OR,047,Marion County,135590
41,OR,049,Morrow County,4780
41,OR,051,Multnomah County,370360
41,OR,053,Polk County,32040
41,OR,055,Sherman County,880
41,OR,057,Tillamook County,11630
41,OR,059,Umatilla County,31350
41,OR,061,Union County,11110
41,OR,063,Wallowa County,3330
41,OR,065,Wasco County,11030
41,OR,067,Washington County,254020
41,OR,069,Wheeler County,570
41,OR,071,Yamhill County,42020
42,PA,000,Pennsylvania,6130320
42,PA,001,Adams County,50180
42,PA,003,Allegheny County,628190
42,PA,005,Armstrong County,32450
42,PA,007,Beaver County,86280
42,PA,009,Bedford County,23010
42,PA,011,Berks County,199590
42,PA,013,Blair County,59630
42,PA,015,Bradford County,29020
42,PA,017,Bucks County,325770
42,PA,019,Butler County,92470
42,PA,021,Cambria County,64920
42,PA,023,Cameron County,2510
42,PA,025,Carbon County,31080
42,PA,027,Centre County,58310
42,PA,029,Chester County,249530
42,PA,031,Clarion County,17270
42,PA,033,Clearfield County,37140
42,PA,035,Clinton County,17200
42,PA,037,Columbia County,29530
42,PA,039,Crawford County,39110
42,PA,041,Cumberland County,120740
42,PA,043,Dauphin County,139100
42,PA,045,Delaware County,273760
42,PA,047,Elk County,16680
42,PA,049,Erie County,130650
42,PA,051,Fayette County,62160
42,PA,053,Forest County,2320
42,PA,055,Franklin County,74320
42,PA,057,Fulton County,7030
42,PA,059,Greene County,16180
42,PA,061,Huntingdon County,19140
42,PA,063,Indiana County,37130
42,PA,065,Jefferson County,21600
42,PA,067,Juniata County,10940
42,PA,069,Lackawanna County,103440
42,PA,071,Lancaster County,256420
42,PA,073,Lawrence County,42010
42,PA,075,Lebanon County,67190
42,PA,077,Lehigh County,175600
42,PA,079,Luzerne County,156390
42,PA,081,Lycoming County,55460
42,PA,083,McKean County,19380
42,PA,085,Mercer County,53980
42,PA,087,Mifflin County,20860
42,PA,089,Monroe County,73860
42,PA,091,Montgomery County,413620
42,PA,093,Montour County,9180
42,PA,095,Northampton County,148370
42,PA,097,Northumberland County,43890
42,PA,099,Perry County,22350
42,PA,101,Philadelphia County,659740
42,PA,103,Pike County,26690
42,PA,105,Potter County,7760
42,PA,107,Schuylkill County,68430
42,PA,109,Snyder County,17940
42,PA,111,Somerset County,35420
42,PA,113,Sullivan County,2950
42,PA,115,Susquehanna County,20180
42,PA,117,Tioga County,19150
42,PA,119,Union County,17200
42,PA,121,Venango County,25610
42,PA,123,Warren County,19920
42,PA,125,Washington County,103600
42,PA,127,Wayne County,24860
42,PA,129,Westmoreland County,184020
42,PA,131,Wyoming County,13890
42,PA,133,York County,216320
44,RI,000,Rhode Island,512880
44,RI,001,Bristol County,23920
44,RI,003,Kent County,86240
44,RI,005,Newport County,42640
44,RI,007,Providence County,296510
44,RI,009,Washington County,63550
45,SC,000,South Carolina,2076350
45,SC,001,Abbeville County,9650
45,SC,003,Aiken County,70720
45,SC,005,Allendale County,3360
45,SC,007,Anderson County,80430
45,SC,009,Bamberg County,5400
45,SC,011,Barnwell County,8780
45,SC,013,Beaufort County,78100
45,SC,015,Berkeley County,84520
45,SC,017,Calhoun County,6400
45,SC,019,Charleston County,176650
45,SC,021,Cherokee County,22260
45,SC,023,Chester County,13360
45,SC,025,Chesterfield County,17510
45,SC,027,Clarendon County,13330
45,SC,029,Colleton County,16160
45,SC,031,Darlington County,27880
45,SC,033,Dillon County,12250
45,SC,035,Dorchester County,64570
45,SC,037,Edgefield County,10090
45,SC,039,Fairfield County,9820
45,SC,041,Florence County,58750
45,SC,043,Georgetown County,28640
45,SC,045,Greenville County,210350
45,SC,047,Greenwood County,29380
45,SC,049,Hampton County,7970
45,SC,051,Horry County,138860
45,SC,053,Jasper County,10040
45,SC,055,Kershaw County,27040
45,SC,057,Lancaster County,33480
45,SC,059,Laurens County,26690
45,SC,061,Lee County,7050
45,SC,063,Lexington County,122740
45,SC,065,McCormick County,3940
45,SC,067,Marion County,13660
45,SC,069,Marlboro County,10640
45,SC,071,Newberry County,16720
45,SC,073,Oconee County,31490
45,SC,075,Orangeburg County,37290
45,SC,077,Pickens County,47540
45,SC,079,Richland County,173290
45,SC,081,Saluda County,8570
45,SC,083,Spartanburg County,124040
45,SC,085,Sumter County,46800
45,SC,087,Union County,11130
45,SC,089,Williamsburg County,13230
45,SC,091,York County,106050
46,SD,000,South Dakota,413090
46,SD,003,Aurora County,1350
46,SD,005,Beadle County,8990
46,SD,007,Bennett County,1180
46,SD,009,Bon Homme County,2840
46,SD,011,Brookings County,13720
46,SD,013,Brown County,19390
46,SD,015,Brule County,2650
46,SD,017,Buffalo County,740
46,SD,019,Butte County,4800
46,SD,021,Campbell County,740
46,SD,023,Charles Mix County,3730
46,SD,025,Clark County,1710
46,SD,027,Clay County,5380
46,SD,029,Codington County,13950
46,SD,031,Corson County,1360
46,SD,033,Custer County,4070
46,SD,035,Davison County,10030
46,SD,037,Day County,2860
46,SD,039,Deuel County,2180
46,SD,041,Dewey County,2610
46,SD,043,Douglas County,1430
46,SD,045,Edmunds County,1890
46,SD,047,Fall River County,3610
46,SD,049,Faulk County,990
46,SD,051,Grant County,3780
46,SD,053,Gregory County,2030
46,SD,055,Haakon County,980
46,SD,057,Hamlin County,2600
46,SD,059,Hand County,1680
46,SD,061,Hanson County,2180
46,SD,063,Harding County,680
46,SD,065,Hughes County,9470
46,SD,067,Hutchinson County,3380
46,SD,069,Hyde County,700
46,SD,071,Jackson County,1070
46,SD,073,Jerauld County,940
46,SD,075,Jones County,600
46,SD,077,Kingsbury County,2640
46,SD,079,Lake County,6360
46,SD,081,Lawrence County,13020
46,SD,083,Lincoln County,24200
46,SD,085,Lyman County,1750
46,SD,087,McCook County,2670
46,SD,089,McPherson County,1140
46,SD,091,Marshall County,2160
46,SD,093,Meade County,14170
46,SD,095,Mellette County,740
46,SD,097,Miner County,1130
46,SD,099,Minnehaha County,94940
46,SD,101,Moody County,3090
46,SD,103,Pennington County,53530
46,SD,105,Perkins County,1430
46,SD,107,Potter County,1260
46,SD,109,Roberts County,4510
46,SD,111,Sanborn County,1130
46,SD,113,Shannon County,3960
46,SD,115,Spink County,3090
46,SD,117,Stanley County,1620
46,SD,119,Sully County,810
46,SD,121,Todd County,2980
46,SD,123,Tripp County,2730
46,SD,125,Turner County,4010
46,SD,127,Union County,7790
46,SD,129,Walworth County,2750
46,SD,135,Yankton County,10910
46,SD,137,Ziebach County,500
47,TN,000,Tennessee,2880930
47,TN,001,Anderson County,33500
47,TN,003,Bedford County,19650
47,TN,005,Benton County,6680
47,TN,007,Bledsoe County,4230
47,TN,009,Blount County,56470
47,TN,011,Bradley County,43900
47,TN,013,Campbell County,14690
47,TN,015,Cannon County,5800
47,TN,017,Carroll County,11690
47,TN,019,Carter County,22800
47,TN,021,Cheatham County,18320
47,TN,023,Chester County,6610
47,TN,025,Claiborne County,12180
47,TN,027,Clay County,2950
47,TN,029,Cocke County,14420
47,TN,031,Coffee County,23480
47,TN,033,Crockett County,6200
47,TN,035,Cumberland County,25670
47,TN,037,Davidson County,322850
47,TN,039,Decatur County,4650
47,TN,041,DeKalb County,7750
47,TN,043,Dickson County,21980
47,TN,045,Dyer County,16300
47,TN,047,Fayette County,18030
47,TN,049,Fentress County,6560
47,TN,051,Franklin County,17750
47,TN,053,Gibson County,20970
47,TN,055,Giles County,12220
47,TN,057,Grainger County,8800
47,TN,059,Greene County,28710
47,TN,061,Grundy County,5470
47,TN,063,Hamblen County,26670
47,TN,065,Hamilton County,159300
47,TN,067,Hancock County,2100
47,TN,069,Hardeman County,10060
47,TN,071,Hardin County,10450
47,TN,073,Hawkins County,23200
47,TN,075,Haywood County,8060
47,TN,077,Henderson County,11370
47,TN,079,Henry County,13990
47,TN,081,Hickman County,9170
47,TN,083,Houston County,3310
47,TN,085,Humphreys County,7870
47,TN,087,Jackson County,4230
47,TN,089,Jefferson County,21450
47,TN,091,Johnson County,6180
47,TN,093,Knox County,199160
47,TN,095,Lake County,2180
47,TN,097,Lauderdale County,9790
47,TN,099,Lawrence County,16250
47,TN,101,Lewis County,4610
47,TN,103,Lincoln County,14680
47,TN,105,Loudon County,23390
47,TN,107,McMinn County,21700
47,TN,109,McNairy County,10150
47,TN,111,Macon County,9110
47,TN,113,Madison County,44160
47,TN,115,Marion County,12010
47,TN,117,Marshall County,13550
47,TN,119,Maury County,38710
47,TN,121,Meigs County,4820
47,TN,123,Monroe County,18260
47,TN,125,Montgomery County,76380
47,TN,127,Moore County,2690
47,TN,129,Morgan County,7430
47,TN,131,Obion County,13850
47,TN,133,Overton County,8620
47,TN,135,Perry County,2980
47,TN,137,Pickett County,2030
47,TN,139,Polk County,6830
47,TN,141,Putnam County,30670
47,TN,143,Rhea County,13200
47,TN,145,Roane County,22550
47,TN,147,Robertson County,31540
47,TN,149,Rutherford County,125280
47,TN,151,Scott County,7620
47,TN,153,Sequatchie County,5860
47,TN,155,Sevier County,44650
47,TN,157,Shelby County,443170
47,TN,159,Smith County,8020
47,TN,161,Stewart County,5580
47,TN,163,Sullivan County,69410
47,TN,165,Sumner County,77280
47,TN,167,Tipton County,26530
47,TN,169,Trousdale County,3410
47,TN,171,Unicoi County,7290
47,TN,173,Union County,7030
47,TN,175,Van Buren County,2250
47,TN,177,Warren County,16450
47,TN,179,Washington County,54660
47,TN,181,Wayne County,5770
47,TN,183,Weakley County,12850
47,TN,185,White County,10550
47,TN,187,Williamson County,90990
47,TN,189,Wilson County,56700
48,TX,000,Texas,11564740
48,TX,001,Anderson County,19180
48,TX,003,Andrews County,7040
48,TX,005,Angelina County,36410
48,TX,007,Aransas County,11190
48,TX,009,Archer County,3860
48,TX,011,Armstrong County,810
48,TX,013,Atascosa County,19530
48,TX,015,Austin County,13600
48,TX,017,Bailey County,2950
48,TX,019,Bandera County,9210
48,TX,021,Bastrop County,32540
48,TX,023,Baylor County,1530
48,TX,025,Bee County,10890
48,TX,027,Bell County,140270
48,TX,029,Bexar County,805150
48,TX,031,Blanco County,4880
48,TX,033,Borden County,270
48,TX,035,Bosque County,7510
48,TX,037,Bowie County,39970
48,TX,039,Brazoria County,140220
48,TX,041,Brazos County,72850
48,TX,043,Brewster County,4420
48,TX,045,Briscoe County,680
48,TX,047,Brooks County,3100
48,TX,049,Brown County,15640
48,TX,051,Burleson County,7910
48,TX,053,Burnet County,20090
48,TX,055,Caldwell County,15820
48,TX,057,Calhoun County,9480
48,TX,059,Callahan County,5840
48,TX,061,Cameron County,156470
48,TX,063,Camp County,5240
48,TX,065,Carson County,2640
48,TX,067,Cass County,12920
48,TX,069,Castro County,3150
48,TX,071,Chambers County,17090
48,TX,073,Cherokee County,19990
48,TX,075,Childress County,2500
48,TX,077,Clay County,4720
48,TX,079,Cochran County,1230
48,TX,081,Coke County,1440
48,TX,083,Coleman County,3690
48,TX,085,Collin County,385130
48,TX,087,Collingsworth County,1240
48,TX,089,Colorado County,9740
48,TX,091,Comal County,57290
48,TX,093,Comanche County,5590
48,TX,095,Concho County,1050
48,TX,097,Cooke County,17560
48,TX,099,Coryell County,26620
48,TX,101,Cottle County,650
48,TX,103,Crane County,2000
48,TX,105,Crockett County,1690
48,TX,107,Crosby County,2410
48,TX,109,Culberson County,1080
48,TX,111,Dallam County,3270
48,TX,113,Dallas County,1126020
48,TX,115,Dawson County,5130
48,TX,117,Deaf Smith County,8070
48,TX,119,Delta County,2020
48,TX,121,Denton County,325120
48,TX,123,DeWitt County,8600
48,TX,125,Dickens County,800
48,TX,127,Dimmit County,4370
48,TX,129,Donley County,1500
48,TX,131,Duval County,4810
48,TX,133,Eastland County,7390
48,TX,135,Ector County,65840
48,TX,137,Edwards County,790
48,TX,139,Ellis County,68890
48,TX,141,El Paso County,347860
48,TX,143,Erath County,15040
48,TX,145,Falls County,6220
48,TX,147,Fannin County,13120
48,TX,149,Fayette County,11330
48,TX,151,Fisher County,1630
48,TX,153,Floyd County,2610
48,TX,155,Foard County,450
48,TX,157,Fort Bend County,282970
48,TX,159,Franklin County,4230
48,TX,161,Freestone County,7900
48,TX,163,Frio County,6230
48,TX,165,Gaines County,6900
48,TX,167,Galveston County,142850
48,TX,169,Garza County,1890
48,TX,171,Gillespie County,12700
48,TX,173,Glasscock County,610
48,TX,175,Goliad County,3120
48,TX,177,Gonzales County,8550
48,TX,179,Gray County,9450
48,TX,181,Grayson County,53820
48,TX,183,Gregg County,56400
48,TX,185,Grimes County,11080
48,TX,187,Guadalupe County,63980
48,TX,189,Hale County,13930
48,TX,191,Hall County,1350
48,TX,193,Hamilton County,3640
48,TX,195,Hansford County,2330
48,TX,197,Hardeman County,1700
48,TX,199,Hardin County,23850
48,TX,201,Harris County,1916390
48,TX,203,Harrison County,28470
48,TX,205,Hartley County,1770
48,TX,207,Haskell County,2320
48,TX,209,Hays County,74970
48,TX,211,Hemphill County,1860
48,TX,213,Henderson County,31990
48,TX,215,Hidalgo County,288630
48,TX,217,Hill County,14570
48,TX,219,Hockley County,9650
48,TX,221,Hood County,24230
48,TX,223,Hopkins County,14920
48,TX,225,Houston County,8370
48,TX,227,Howard County,13610
48,TX,229,Hudspeth County,1300
48,TX,231,Hunt County,36030
48,TX,233,Hutchinson County,9510
48,TX,235,Irion County,760
48,TX,237,Jack County,3360
48,TX,239,Jackson County,6500
48,TX,241,Jasper County,14200
48,TX,243,Jeff Davis County,1000
48,TX,245,Jefferson County,107620
48,TX,247,Jim Hogg County,2140
48,TX,249,Jim Wells County,18080
48,TX,251,Johnson County,67470
48,TX,253,Jones County,6440
48,TX,255,Karnes County,5880
48,TX,257,Kaufman County,47700
48,TX,259,Kendall County,18380
48,TX,261,Kenedy County,170
48,TX,263,Kent County,360
48,TX,265,Kerr County,24000
48,TX,267,Kimble County,2020
48,TX,269,King County,120
48,TX,271,Kinney County,1300
48,TX,273,Kleberg County,13010
48,TX,275,Knox County,1550
48,TX,277,Lamar County,20580
48,TX,279,Lamb County,5540
48,TX,281,Lampasas County,9080
48,TX,283,La Salle County,2500
48,TX,285,Lavaca County,9370
48,TX,287,Lee County,7410
48,TX,289,Leon County,7550
48,TX,291,Liberty County,29800
48,TX,293,Limestone County,9360
48,TX,295,Lipscomb County,1490
48,TX,297,Live Oak County,4530
48,TX,299,Llano County,8380
48,TX,301,Loving County,40
48,TX,303,Lubbock County,122320
48,TX,305,Lynn County,2470
48,TX,307,McCulloch County,3630
48,TX,309,McLennan County,102670
48,TX,311,McMullen County,410
48,TX,313,Madison County,5100
48,TX,315,Marion County,4150
48,TX,317,Martin County,2150
48,TX,319,Mason County,1930
48,TX,321,Matagorda County,15880
48,TX,323,Maverick County,23930
48,TX,325,Medina County,19140
48,TX,327,Menard County,850
48,TX,329,Midland County,70280
48,TX,331,Milam County,10120
48,TX,333,Mills County,2070
48,TX,335,Mitchell County,3020
48,TX,337,Montague County,8540
48,TX,339,Montgomery County,217980
48,TX,341,Moore County,9330
48,TX,343,Morris County,5610
48,TX,345,Motley County,470
48,TX,347,Nacogdoches County,25020
48,TX,349,Navarro County,20380
48,TX,351,Newton County,4610
48,TX,353,Nolan County,6610
48,TX,355,Nueces County,153960
48,TX,357,Ochiltree County,4620
48,TX,359,Oldham County,910
48,TX,361,Orange County,36720
48,TX,363,Palo Pinto County,11900
48,TX,365,Panola County,10110
48,TX,367,Parker County,54210
48,TX,369,Parmer County,4230
48,TX,371,Pecos County,6070
48,TX,373,Polk County,22430
48,TX,375,Potter County,51330
48,TX,377,Presidio County,3640
48,TX,379,Rains County,4280
48,TX,381,Randall County,58230
48,TX,383,Reagan County,1560
48,TX,385,Real County,1480
48,TX,387,Red River County,5320
48,TX,389,Reeves County,4730
48,TX,391,Refugio County,3530
48,TX,393,Roberts County,410
48,TX,395,Robertson County,7320
48,TX,397,Rockwall County,37730
48,TX,399,Runnels County,4620
48,TX,401,Rusk County,20800
48,TX,403,Sabine County,4260
48,TX,405,San Augustine County,3400
48,TX,407,San Jacinto County,9940
48,TX,409,San Patricio County,30970
48,TX,411,San Saba County,2410
48,TX,413,Schleicher County,1240
48,TX,415,Scurry County,6990
48,TX,417,Shackelford County,1510
48,TX,419,Shelby County,10450
48,TX,421,Sherman County,1080
48,TX,423,Smith County,95190
48,TX,425,Somervell County,3660
48,TX,427,Starr County,23340
48,TX,429,Stephens County,3670
48,TX,431,Sterling County,600
48,TX,433,Stonewall County,650
48,TX,435,Sutton County,1910
48,TX,437,Swisher County,2950
48,TX,439,Tarrant County,861480
48,TX,441,Taylor County,60020
48,TX,443,Terrell County,410
48,TX,445,Terry County,4790
48,TX,447,Throckmorton County,700
48,TX,449,Titus County,13200
48,TX,451,Tom Green County,51460
48,TX,453,Travis County,599010
48,TX,455,Trinity County,5710
48,TX,457,Tyler County,7310
48,TX,459,Upshur County,15950
48,TX,461,Upton County,1420
48,TX,463,Uvalde County,11750
48,TX,465,Val Verde County,20450
48,TX,467,Van Zandt County,21580
48,TX,469,Victoria County,41670
48,TX,471,Walker County,22580
48,TX,473,Waller County,17620
48,TX,475,Ward County,4890
48,TX,477,Washington County,15740
48,TX,479,Webb County,105530
48,TX,481,Wharton County,18860
48,TX,483,Wheeler County,2490
48,TX,485,Wichita County,54670
48,TX,487,Wilbarger County,5790
48,TX,489,Willacy County,7410
48,TX,491,Williamson County,209840
48,TX,493,Wilson County,19410
48,TX,495,Winkler County,3120
48,TX,497,Wise County,26140
48,TX,499,Wood County,17760
48,TX,501,Yoakum County,3440
48,TX,503,Young County,8020
48,TX,505,Zapata County,5220
48,TX,507,Zavala County,4590
49,UT,000,Utah,1173810
49,UT,001,Beaver County,2570
49,UT,003,Box Elder County,20480
49,UT,005,Cache County,43580
49,UT,007,Carbon County,8140
49,UT,009,Daggett County,420
49,UT,011,Davis County,130830
49,UT,013,Duchesne County,7980
49,UT,015,Emery County,3970
49,UT,017,Garfield County,2110
49,UT,019,Grand County,4860
49,UT,021,Iron County,16640
49,UT,023,Juab County,3850
49,UT,025,Kane County,2950
49,UT,027,Millard County,4820
49,UT,029,Morgan County,4120
49,UT,031,Piute County,520
49,UT,033,Rich County,880
49,UT,035,Salt Lake County,472370
49,UT,037,San Juan County,4010
49,UT,039,Sanpete County,8810
49,UT,041,Sevier County,7840
49,UT,043,Summit County,20670
49,UT,045,Tooele County,23870
49,UT,047,Uintah County,13410
49,UT,049,Utah County,195330
49,UT,051,Wasatch County,10470
49,UT,053,Washington County,56860
49,UT,055,Wayne County,1070
49,UT,057,Weber County,100460
50,VT,000,Vermont,321090
50,VT,001,Addison County,18350
50,VT,003,Bennington County,18550
50,VT,005,Caledonia County,14690
50,VT,007,Chittenden County,82210
50,VT,009,Essex County,2880
50,VT,011,Franklin County,23780
50,VT,013,Grand Isle County,3910
50,VT,015,Lamoille County,13320
50,VT,017,Orange County,14520
50,VT,019,Orleans County,13430
50,VT,021,Rutland County,31270
50,VT,023,Washington County,30990
50,VT,025,Windham County,22950
50,VT,027,Windsor County,30330
51,VA,000,Virginia,3808940
51,VA,001,Accomack County,16390
51,VA,003,Albemarle County,46190
51,VA,005,Alleghany County,6950
51,VA,007,Amelia County,5880
51,VA,009,Amherst County,14070
51,VA,011,Appomattox County,6680
51,VA,013,Arlington County,122060
51,VA,015,Augusta County,33760
51,VA,017,Bath County,2260
51,VA,019,Bedford County,32010
51,VA,021,Bland County,2560
51,VA,023,Botetourt County,15840
51,VA,025,Brunswick County,6470
51,VA,027,Buchanan County,8270
51,VA,029,Buckingham County,6230
51,VA,031,Campbell County,24670
51,VA,033,Caroline County,13510
51,VA,035,Carroll County,11920
51,VA,036,Charles City County,3520
51,VA,037,Charlotte County,5160
51,VA,041,Chesterfield County,156380
51,VA,043,Clarke County,6800
51,VA,045,Craig County,2220
51,VA,047,Culpeper County,21460
51,VA,049,Cumberland County,4140
51,VA,051,Dickenson County,5200
51,VA,053,Dinwiddie County,12690
51,VA,057,Essex County,5400
51,VA,059,Fairfax County,545380
51,VA,061,Fauquier County,32770
51,VA,063,Floyd County,6620
51,VA,065,Fluvanna County,11420
51,VA,067,Franklin County,23400
51,VA,069,Frederick County,37800
51,VA,071,Giles County,7390
51,VA,073,Gloucester County,18120
51,VA,075,Goochland County,10300
51,VA,077,Grayson County,6140
51,VA,079,Greene County,8620
51,VA,081,Greensville County,3740
51,VA,083,Halifax County,14730
51,VA,085,Hanover County,49050
51,VA,087,Henrico County,156220
51,VA,089,Henry County,22170
51,VA,091,Highland County,1080
51,VA,093,Isle of Wight County,17200
51,VA,095,James City County,35030
51,VA,097,King and Queen County,3130
51,VA,099,King George County,11020
51,VA,101,King William County,7840
51,VA,103,Lancaster County,5840
51,VA,105,Lee County,8000
51,VA,107,Loudoun County,161000
51,VA,109,Louisa County,15030
51,VA,111,Lunenburg County,4800
51,VA,113,Madison County,5900
51,VA,115,Mathews County,4190
51,VA,117,Mecklenburg County,13410
51,VA,119,Middlesex County,5220
51,VA,121,Montgomery County,33850
51,VA,125,Nelson County,7220
51,VA,127,New Kent County,9420
51,VA,131,Northampton County,5770
51,VA,133,Northumberland County,5940
51,VA,135,Nottoway County,6260
51,VA,137,Orange County,16240
51,VA,139,Page County,10560
51,VA,141,Patrick County,7180
51,VA,143,Pittsylvania County,26800
51,VA,145,Powhatan County,12470
51,VA,147,Prince Edward County,7720
51,VA,149,Prince George County,14930
51,VA,153,Prince William County,203430
51,VA,155,Pulaski County,14660
51,VA,157,Rappahannock County,3610
51,VA,159,Richmond County,3390
51,VA,161,Roanoke County,45550
51,VA,163,Rockbridge County,9820
51,VA,165,Rockingham County,35570
51,VA,167,Russell County,10130
51,VA,169,Scott County,8400
51,VA,171,Shenandoah County,20010
51,VA,173,Smyth County,13050
51,VA,175,Southampton County,7600
51,VA,177,Spotsylvania County,58220
51,VA,179,Stafford County,60270
51,VA,181,Surry County,3110
51,VA,183,Sussex County,4500
51,VA,185,Tazewell County,16800
51,VA,187,Warren County,17790
51,VA,191,Washington County,22880
51,VA,193,Westmoreland County,8250
51,VA,195,Wise County,14380
51,VA,197,Wythe County,12640
51,VA,199,York County,30930
51,VA,510,Alexandria city,82560
51,VA,515,Bedford city,2830
51,VA,520,Bristol city,7250
51,VA,530,Buena Vista city,2790
51,VA,540,Charlottesville city,19520
51,VA,550,Chesapeake city,108450
51,VA,570,Colonial Heights city,8950
51,VA,580,Covington city,2820
51,VA,590,Danville city,18250
51,VA,595,Emporia city,2580
51,VA,600,Fairfax city,12370
51,VA,610,Falls Church city,6270
51,VA,620,Franklin city,3870
51,VA,630,Fredericksburg city,12340
51,VA,640,Galax city,3050
51,VA,650,Hampton city,65300
51,VA,660,Harrisonburg city,16560
51,VA,670,Hopewell city,10280
51,VA,678,Lexington city,2420
51,VA,680,Lynchburg city,30640
51,VA,683,Manassas city,20640
51,VA,685,Manassas Park city,7470
51,VA,690,Martinsville city,5950
51,VA,700,Newport News city,85280
51,VA,710,Norfolk city,103730
51,VA,720,Norton city,1770
51,VA,730,Petersburg city,15990
51,VA,735,Poquoson city,6000
51,VA,740,Portsmouth city,45990
51,VA,750,Radford city,5100
51,VA,760,Richmond city,95840
51,VA,770,Roanoke city,46560
51,VA,775,Salem city,11860
51,VA,790,Staunton city,11430
51,VA,800,Suffolk city,38690
51,VA,810,Virginia Beach city,218700
51,VA,820,Waynesboro city,10180
51,VA,830,Williamsburg city,5390
51,VA,840,Winchester city,13180
53,WA,000,Washington,3243550
53,WA,001,Adams County,8180
53,WA,003,Asotin County,9740
53,WA,005,Benton County,80820
53,WA,007,Chelan County,36080
53,WA,009,Clallam County,33510
53,WA,011,Clark County,198370
53,WA,013,Columbia County,1770
53,WA,015,Cowlitz County,43540
53,WA,017,Douglas County,17680
53,WA,019,Ferry County,2820
53,WA,021,Franklin County,34670
53,WA,023,Garfield County,970
53,WA,025,Grant County,38860
53,WA,027,Grays Harbor County,29100
53,WA,029,Island County,37520
53,WA,031,Jefferson County,15280
53,WA,033,King County,1024140
53,WA,035,Kitsap County,116350
53,WA,037,Kittitas County,17180
53,WA,039,Klickitat County,9390
53,WA,041,Lewis County,32360
53,WA,043,Lincoln County,4550
53,WA,045,Mason County,25550
53,WA,047,Okanogan County,17980
53,WA,049,Pacific County,9220
53,WA,051,Pend Oreille County,5180
53,WA,053,Pierce County,375050
53,WA,055,San Juan County,8510
53,WA,057,Skagit County,55230
53,WA,059,Skamania County,4670
53,WA,061,Snohomish County,348050
53,WA,063,Spokane County,215620
53,WA,065,Stevens County,17840
53,WA,067,Thurston County,124390
53,WA,069,Wahkiakum County,1700
53,WA,071,Walla Walla County,25050
53,WA,073,Whatcom County,95150
53,WA,075,Whitman County,16290
53,WA,077,Yakima County,105370
54,WV,000,West Virginia,782140
54,WV,001,Barbour County,6400
54,WV,003,Berkeley County,49540
54,WV,005,Boone County,8880
54,WV,007,Braxton County,5410
54,WV,009,Brooke County,10790
54,WV,011,Cabell County,40950
54,WV,013,Calhoun County,2650
54,WV,015,Clay County,3360
54,WV,017,Doddridge County,1760
54,WV,019,Fayette County,17730
54,WV,021,Gilmer County,2560
54,WV,023,Grant County,5010
54,WV,025,Greenbrier County,15520
54,WV,027,Hampshire County,9610
54,WV,029,Hancock County,14970
54,WV,031,Hardy County,6340
54,WV,033,Harrison County,31100
54,WV,035,Jackson County,12300
54,WV,037,Jefferson County,24970
54,WV,039,Kanawha County,89980
54,WV,041,Lewis County,7920
54,WV,043,Lincoln County,7690
54,WV,045,Logan County,13130
54,WV,047,McDowell County,6440
54,WV,049,Marion County,25760
54,WV,051,Marshall County,14110
54,WV,053,Mason County,10190
54,WV,055,Mercer County,25030
54,WV,057,Mineral County,12480
54,WV,059,Mingo County,9020
54,WV,061,Monongalia County,40750
54,WV,063,Monroe County,5480
54,WV,065,Morgan County,7680
54,WV,067,Nicholas County,10420
54,WV,069,Ohio County,21710
54,WV,071,Pendleton County,3310
54,WV,073,Pleasants County,3120
54,WV,075,Pocahontas County,3890
54,WV,077,Preston County,13520
54,WV,079,Putnam County,25610
54,WV,081,Raleigh County,32220
54,WV,083,Randolph County,12420
54,WV,085,Ritchie County,3970
54,WV,087,Roane County,5590
54,WV,089,Summers County,4570
54,WV,091,Taylor County,6990
54,WV,093,Tucker County,3120
54,WV,095,Tyler County,3680
54,WV,097,Upshur County,8420
54,WV,099,Wayne County,15480
54,WV,101,Webster County,3210
54,WV,103,Wetzel County,7100
54,WV,105,Wirt County,1500
54,WV,107,Wood County,39260
54,WV,109,Wyoming County,7790
55,WI,000,Wisconsin,2777290
55,WI,001,Adams County,9000
55,WI,003,Ashland County,7460
55,WI,005,Barron County,22520
55,WI,007,Bayfield County,7780
55,WI,009,Brown County,124780
55,WI,011,Buffalo County,6630
55,WI,013,Burnett County,7680
55,WI,015,Calumet County,23450
55,WI,017,Chippewa County,29840
55,WI,019,Clark County,14760
55,WI,021,Columbia County,29210
55,WI,023,Crawford County,7710
55,WI,025,Dane County,253170
55,WI,027,Dodge County,42000
55,WI,029,Door County,15500
55,WI,031,Douglas County,20450
55,WI,033,Dunn County,18480
55,WI,035,Eau Claire County,46880
55,WI,037,Florence County,2210
55,WI,039,Fond du Lac County,49900
55,WI,041,Forest County,4220
55,WI,043,Grant County,22560
55,WI,045,Green County,18530
55,WI,047,Green Lake County,9300
55,WI,049,Iowa County,11630
55,WI,051,Iron County,3040
55,WI,053,Jackson County,9640
55,WI,055,Jefferson County,40150
55,WI,057,Juneau County,12310
55,WI,059,Kenosha County,78140
55,WI,061,Kewaunee County,9930
55,WI,063,La Crosse County,54510
55,WI,065,Lafayette County,8160
55,WI,067,Langlade County,9580
55,WI,069,Lincoln County,14000
55,WI,071,Manitowoc County,40020
55,WI,073,Marathon County,65840
55,WI,075,Marinette County,20180
55,WI,077,Marquette County,7530
55,WI,078,Menominee County,1680
55,WI,079,Milwaukee County,446770
55,WI,081,Monroe County,21100
55,WI,083,Oconto County,18200
55,WI,085,Oneida County,19240
55,WI,087,Outagamie County,90020
55,WI,089,Ozaukee County,45030
55,WI,091,Pepin County,3460
55,WI,093,Pierce County,18510
55,WI,095,Polk County,21180
55,WI,097,Portage County,32850
55,WI,099,Price County,6980
55,WI,101,Racine County,94510
55,WI,103,Richland County,7860
55,WI,105,Rock County,76660
55,WI,107,Rusk County,6660
55,WI,109,St. Croix County,41050
55,WI,111,Sauk County,32510
55,WI,113,Sawyer County,8400
55,WI,115,Shawano County,19450
55,WI,117,Sheboygan County,56810
55,WI,119,Taylor County,8970
55,WI,121,Trempealeau County,15160
55,WI,123,Vernon County,13260
55,WI,125,Vilas County,11390
55,WI,127,Walworth County,48160
55,WI,129,Washburn County,8190
55,WI,131,Washington County,67510
55,WI,133,Waukesha County,202450
55,WI,135,Waupaca County,25340
55,WI,137,Waushara County,11200
55,WI,139,Winnebago County,81300
55,WI,141,Wood County,36980
56,WY,000,Wyoming,300780
56,WY,001,Albany County,17510
56,WY,003,Big Horn County,5510
56,WY,005,Campbell County,23870
56,WY,007,Carbon County,7960
56,WY,009,Converse County,7420
56,WY,011,Crook County,3550
56,WY,013,Fremont County,20090
56,WY,015,Goshen County,6180
56,WY,017,Hot Springs County,2520
56,WY,019,Johnson County,4710
56,WY,021,Laramie County,51560
56,WY,023,Lincoln County,8680
56,WY,025,Natrona County,43400
56,WY,027,Niobrara County,1300
56,WY,029,Park County,16940
56,WY,031,Platte County,4520
56,WY,033,Sheridan County,15970
56,WY,035,Sublette County,4760
56,WY,037,Sweetwater County,22310
56,WY,039,Teton County,14970
56,WY,041,Uinta County,9590
56,WY,043,Washakie County,4160
56,WY,045,Weston County,3410
"** - Not shown to avoid disclosure of information 
about specifictaxpayers.  However, the data have been  
combined with data in another county, 
as appropriate, and included in the appropriate totals.",,,,
"[1] The State and County Federal Information Processing System (FIPS) 
Codes used for these statistics were derived from the 
U.S. Census Bureau.  A complete list of codes can be obtained from",,,,
http://www.census.gov/popest/geographic/codes02.html,,,,
[2] Less deficit.,,,,
"[3] ""Qualified dividends"" are ordinary dividends received 
in tax years beginning after 2002 that meet certain 
conditions and receive preferential tax rates. 
The maximum qualified dividends tax rate is 15%.",,,,
"[4] Includes the Alaskan permanent fund, reported by 
residents of Alaska on Forms 1040A and 1040EZ's.  
This fund only applies to statistics in the totals, and the 
state of Alaska.",,,,
"[5] ""Earned income credit"" includes both the refundable 
and non-refundable portions.  The non-refundable portion 
could reduce income tax and certain related taxes to zero. 
The earned income credit amounts in excess of total tax 
liability, or amounts when there was no tax liability at all, 
were refundable.  See footnote 6 below for explanation 
of the refundable portion of the earned income credit.",,,,
"[6] The refundable portion of the ""earned income credit"" 
equals ""total income tax"" minus the ""earned income credit.""  
If the result is negative, this amount is considered the 
refundable portion.  No other refundable credits were 
taken into account for this calculation.",,,,
"[7]  ""Income tax"" reflects the amount reported on 
Form 1040 line 55.  It also includes data from 
Form 1040A and 1040EZ filers.  ",,,,
"[8] ""Total tax liability"" differs from ""Income tax,"" in that
""Total tax liability"" includes the taxes from recapture of 
certain prior-year credits, tax applicable to individual 
retirement arrangements (IRA's), social security taxes 
on self-employment income and on certain tip income, 
advanced earned income payments, household
employment taxes, and certain ""other taxes"" listed 
in the Form 1040 instructions.",,,,
"[9] Reflects payments to or withholdings made to 
""Total tax liability"".  This is the amount the tax filer 
owes when the income tax return is filed.",,,,
"[10]  The amount of overpayments the tax filer requested to 
have refunded. ",,,,
"[11]  Total is for all 50 states, plus the District of Columbia. 
Other areas, such as returns filed from Army Post Office and 
Fleet Post Office addresses by members of the armed forces 
stationed overseas; returns filed by other U.S. citizens abroad; 
and returns filed by residents of Puerto Rico with income from 
sources outside Puerto Rico or with income earned as 
U.S. government employees; have not been included. ",,,,
"NOTE: This table presents aggregates of all returns filed and
processed through the Individual Master File (IMF) system 
during Calendar Year 2013, including any returns filed for 
tax years preceding 2012.",,,,
"In general, during administrative or Master File processing, taxpayer
reporting discrepancies are corrected only to the extent necessary to
verify the total tax liability reported.  Most of the other corrections to
the taxpayer records used for these statistics could not be made
because of time and resource constraints.  The statistics in the 
county data should, therefore, be used with the knowledge that 
some of the data have not been perfected or edited for statistical 
purposes and that State totals in this table may not be altogether 
comparable to other State totals published by the IRS, 
Statistics of Income Division. ",,,,
Detail may not add to totals because of rounding.,,,,
"SOURCE: IRS, Statistics of Income Division, 
Individual Master File System, July 2014.",,,,