State FIPS code,State,County FIPS code,County name,Number of returns
00,US,000,Total [11],"145,824,340"
01,AL,000,Alabama,2048400
01,AL,001,Autauga County,23690
01,AL,003,Baldwin County,89970
01,AL,005,Barbour County,10070
01,AL,007,Bibb County,8000
01,AL,009,Blount County,22010
01,AL,011,Bullock County,3950
01,AL,013,Butler County,8190
01,AL,015,Calhoun County,47890
01,AL,017,Chambers County,14850
01,AL,019,Cherokee County,9170
01,AL,021,Chilton County,17460
01,AL,023,Choctaw County,5240
01,AL,025,Clarke County,10310
01,AL,027,Clay County,5560
01,AL,029,Cleburne County,5680
01,AL,031,Coffee County,20840
01,AL,033,Colbert County,23700
01,AL,035,Conecuh County,5020
01,AL,037,Coosa County,4050
01,AL,039,Covington County,15100
01,AL,041,Crenshaw County,5810
01,AL,043,Cullman County,33050
01,AL,045,Dale County,20300
01,AL,047,Dallas County,16830
01,AL,049,DeKalb County,26620
01,AL,051,Elmore County,34630
01,AL,053,Escambia County,14380
01,AL,055,Etowah County,42010
01,AL,057,Fayette County,6320
01,AL,059,Franklin County,12350
01,AL,061,Geneva County,10280
01,AL,063,Greene County,3480
01,AL,065,Hale County,6410
01,AL,067,Henry County,7050
01,AL,069,Houston County,45000
01,AL,071,Jackson County,21330
01,AL,073,Jefferson County,296530
01,AL,075,Lamar County,5360
01,AL,077,Lauderdale County,38170
01,AL,079,Lawrence County,13550
01,AL,081,Lee County,60790
01,AL,083,Limestone County,37130
01,AL,085,Lowndes County,4990
01,AL,087,Macon County,8190
01,AL,089,Madison County,161270
01,AL,091,Marengo County,8540
01,AL,093,Marion County,10820
01,AL,095,Marshall County,39400
01,AL,097,Mobile County,177680
01,AL,099,Monroe County,8420
01,AL,101,Montgomery County,101400
01,AL,103,Morgan County,52240
01,AL,105,Perry County,3900
01,AL,107,Pickens County,7530
01,AL,109,Pike County,12660
01,AL,111,Randolph County,8850
01,AL,113,Russell County,25100
01,AL,115,St. Clair County,35010
01,AL,117,Shelby County,91930
01,AL,119,Sumter County,5250
01,AL,121,Talladega County,32900
01,AL,123,Tallapoosa County,17570
01,AL,125,Tuscaloosa County,80840
01,AL,127,Walker County,25460
01,AL,129,Washington County,6600
01,AL,131,Wilcox County,4810
01,AL,133,Winston County,9170
02,AK,000,Alaska,359060
02,AK,013,Aleutians East Borough,1060
02,AK,016,Aleutians West Census Area,2380
02,AK,020,Anchorage Municipality,153550
02,AK,050,Bethel Census Area,7000
02,AK,060,Bristol Bay Borough,540
02,AK,068,Denali Borough,1140
02,AK,070,Dillingham Census Area,2310
02,AK,090,Fairbanks North Star Borough,47580
02,AK,100,Haines Borough,1370
02,AK,105,Hoonah-Angoon Census Area,1100
02,AK,110,Juneau City and Borough,17660
02,AK,122,Kenai Peninsula Borough,29200
02,AK,130,Ketchikan Gateway Borough,7300
02,AK,150,Kodiak Island Borough,7180
02,AK,164,Lake and Peninsula Borough,770
02,AK,170,Matanuska-Susitna Borough,43290
02,AK,180,Nome Census Area,3900
02,AK,185,North Slope Borough,3420
02,AK,188,Northwest Arctic Borough,2720
02,AK,195,Petersburg Census Area,1990
02,AK,198,Prince of Wales-Hyder Census Area,2410
02,AK,220,Sitka City and Borough,4690
02,AK,230,Skagway Municipality,750
02,AK,240,Southeast Fairbanks Census Area,3320
02,AK,261,Valdez-Cordova Census Area,5140
02,AK,270,Wade Hampton Census Area,3100
02,AK,275,Wrangell City and Borough,1110
02,AK,282,Yakutat City and Borough,290
02,AK,290,Yukon-Koyukuk Census Area,2830
04,AZ,000,Arizona,2812790
04,AZ,001,Apache County,23940
04,AZ,003,Cochise County,52160
04,AZ,005,Coconino County,57780
04,AZ,007,Gila County,21420
04,AZ,009,Graham County,11500
04,AZ,011,Greenlee County,3470
04,AZ,012,La Paz County,6480
04,AZ,013,Maricopa County,1754580
04,AZ,015,Mohave County,78780
04,AZ,017,Navajo County,37750
04,AZ,019,Pima County,431120
04,AZ,021,Pinal County,131660
04,AZ,023,Santa Cruz County,19600
04,AZ,025,Yavapai County,99230
04,AZ,027,Yuma County,83430
05,AR,000,Arkansas,1220160
05,AR,001,Arkansas County,8110
05,AR,003,Ashley County,8470
05,AR,005,Baxter County,17680
05,AR,007,Benton County,103120
05,AR,009,Boone County,15330
05,AR,011,Bradley County,4330
05,AR,013,Calhoun County,1880
05,AR,015,Carroll County,12040
05,AR,017,Chicot County,4220
05,AR,019,Clark County,8340
05,AR,021,Clay County,5990
05,AR,023,Cleburne County,10780
05,AR,025,Cleveland County,3210
05,AR,027,Columbia County,9150
05,AR,029,Conway County,8460
05,AR,031,Craighead County,41010
05,AR,033,Crawford County,23750
05,AR,035,Crittenden County,21330
05,AR,037,Cross County,7250
05,AR,039,Dallas County,2960
05,AR,041,Desha County,5050
05,AR,043,Drew County,7150
05,AR,045,Faulkner County,48420
05,AR,047,Franklin County,6830
05,AR,049,Fulton County,4310
05,AR,051,Garland County,43370
05,AR,053,Grant County,7330
05,AR,055,Greene County,17060
05,AR,057,Hempstead County,8620
05,AR,059,Hot Spring County,12520
05,AR,061,Howard County,5550
05,AR,063,Independence County,14560
05,AR,065,Izard County,4670
05,AR,067,Jackson County,5940
05,AR,069,Jefferson County,30620
05,AR,071,Johnson County,9690
05,AR,073,Lafayette County,2630
05,AR,075,Lawrence County,6180
05,AR,077,Lee County,3120
05,AR,079,Lincoln County,4130
05,AR,081,Little River County,4980
05,AR,083,Logan County,8490
05,AR,085,Lonoke County,29500
05,AR,087,Madison County,6190
05,AR,089,Marion County,6340
05,AR,091,Miller County,17600
05,AR,093,Mississippi County,17790
05,AR,095,Monroe County,3160
05,AR,097,Montgomery County,3160
05,AR,099,Nevada County,3430
05,AR,101,Newton County,2940
05,AR,103,Ouachita County,9840
05,AR,105,Perry County,4070
05,AR,107,Phillips County,7670
05,AR,109,Pike County,4130
05,AR,111,Poinsett County,8950
05,AR,113,Polk County,7710
05,AR,115,Pope County,25140
05,AR,117,Prairie County,3340
05,AR,119,Pulaski County,182460
05,AR,121,Randolph County,6660
05,AR,123,St. Francis County,9310
05,AR,125,Saline County,49390
05,AR,127,Scott County,4050
05,AR,129,Searcy County,2970
05,AR,131,Sebastian County,52780
05,AR,133,Sevier County,6220
05,AR,135,Sharp County,6300
05,AR,137,Stone County,4670
05,AR,139,Union County,17580
05,AR,141,Van Buren County,6610
05,AR,143,Washington County,90300
05,AR,145,White County,30440
05,AR,147,Woodruff County,2810
05,AR,149,Yell County,8230
06,CA,000,California,17170050
06,CA,001,Alameda County,745130
06,CA,003,Alpine County,450
06,CA,005,Amador County,16140
06,CA,007,Butte County,89390
06,CA,009,Calaveras County,19630
06,CA,011,Colusa County,9400
06,CA,013,Contra Costa County,517940
06,CA,015,Del Norte County,9390
06,CA,017,El Dorado County,84940
06,CA,019,Fresno County,382380
06,CA,021,Glenn County,11590
06,CA,023,Humboldt County,55380
06,CA,025,Imperial County,77560
06,CA,027,Inyo County,8470
06,CA,029,Kern County,330960
06,CA,031,Kings County,52750
06,CA,033,Lake County,24840
06,CA,035,Lassen County,9730
06,CA,037,Los Angeles County,4510530
06,CA,039,Madera County,57450
06,CA,041,Marin County,131450
06,CA,043,Mariposa County,7710
06,CA,045,Mendocino County,38220
06,CA,047,Merced County,97330
06,CA,049,Modoc County,3530
06,CA,051,Mono County,6380
06,CA,053,Monterey County,192390
06,CA,055,Napa County,67560
06,CA,057,Nevada County,48350
06,CA,059,Orange County,1452720
06,CA,061,Placer County,170620
06,CA,063,Plumas County,8590
06,CA,065,Riverside County,928760
06,CA,067,Sacramento County,643410
06,CA,069,San Benito County,25800
06,CA,071,San Bernardino County,852530
06,CA,073,San Diego County,1505580
06,CA,075,San Francisco County,459570
06,CA,077,San Joaquin County,289340
06,CA,079,San Luis Obispo County,127450
06,CA,081,San Mateo County,374860
06,CA,083,Santa Barbara County,196930
06,CA,085,Santa Clara County,880590
06,CA,087,Santa Cruz County,128020
06,CA,089,Shasta County,75400
06,CA,091,Sierra County,1220
06,CA,093,Siskiyou County,18520
06,CA,095,Solano County,196500
06,CA,097,Sonoma County,240730
06,CA,099,Stanislaus County,212280
06,CA,101,Sutter County,38440
06,CA,103,Tehama County,24480
06,CA,105,Trinity County,4780
06,CA,107,Tulare County,172530
06,CA,109,Tuolumne County,23380
06,CA,111,Ventura County,399070
06,CA,113,Yolo County,84050
06,CA,115,Yuba County,27110
08,CO,000,Colorado,2502640
08,CO,001,Adams County,215940
08,CO,003,Alamosa County,6400
08,CO,005,Arapahoe County,297160
08,CO,007,Archuleta County,5770
08,CO,009,Baca County,1600
08,CO,011,Bent County,1550
08,CO,013,Boulder County,151820
08,CO,014,Broomfield County,29650
08,CO,015,Chaffee County,8580
08,CO,017,Cheyenne County,860
08,CO,019,Clear Creek County,4680
08,CO,021,Conejos County,2950
08,CO,023,Costilla County,1340
08,CO,025,Crowley County,1130
08,CO,027,Custer County,1910
08,CO,029,Delta County,12770
08,CO,031,Denver County,330230
08,CO,033,Dolores County,790
08,CO,035,Douglas County,141900
08,CO,037,Eagle County,27300
08,CO,039,Elbert County,10950
08,CO,041,El Paso County,298020
08,CO,043,Fremont County,17150
08,CO,045,Garfield County,25830
08,CO,047,Gilpin County,2640
08,CO,049,Grand County,7010
08,CO,051,Gunnison County,7430
08,CO,053,Hinsdale County,390
08,CO,055,Huerfano County,2690
08,CO,057,Jackson County,660
08,CO,059,Jefferson County,284010
08,CO,061,Kiowa County,600
08,CO,063,Kit Carson County,3320
08,CO,065,Lake County,3160
08,CO,067,La Plata County,26050
08,CO,069,Larimer County,154930
08,CO,071,Las Animas County,5900
08,CO,073,Lincoln County,2080
08,CO,075,Logan County,8450
08,CO,077,Mesa County,67010
08,CO,079,Mineral County,420
08,CO,081,Moffat County,5700
08,CO,083,Montezuma County,11330
08,CO,085,Montrose County,17820
08,CO,087,Morgan County,12350
08,CO,089,Otero County,7460
08,CO,091,Ouray County,2370
08,CO,093,Park County,7000
08,CO,095,Phillips County,2000
08,CO,097,Pitkin County,10160
08,CO,099,Prowers County,4930
08,CO,101,Pueblo County,67690
08,CO,103,Rio Blanco County,2820
08,CO,105,Rio Grande County,5840
08,CO,107,Routt County,12630
08,CO,109,Saguache County,1830
08,CO,111,San Juan County,340
08,CO,113,San Miguel County,4110
08,CO,115,Sedgwick County,1070
08,CO,117,Summit County,16120
08,CO,119,Teller County,11240
08,CO,121,Washington County,1990
08,CO,123,Weld County,118580
08,CO,125,Yuma County,4440
09,CT,000,Connecticut,1749500
09,CT,001,Fairfield County,456910
09,CT,003,Hartford County,443430
09,CT,005,Litchfield County,94910
09,CT,007,Middlesex County,83770
09,CT,009,New Haven County,413110
09,CT,011,New London County,134680
09,CT,013,Tolland County,68520
09,CT,015,Windham County,54230
10,DE,000,Delaware,439430
10,DE,001,Kent County,77180
10,DE,003,New Castle County,261880
10,DE,005,Sussex County,100380
11,DC,000,District of Columbia,331030
12,FL,000,Florida,9314920
12,FL,001,Alachua County,108330
12,FL,003,Baker County,10050
12,FL,005,Bay County,85200
12,FL,007,Bradford County,9580
12,FL,009,Brevard County,266650
12,FL,011,Broward County,927040
12,FL,013,Calhoun County,4830
12,FL,015,Charlotte County,76500
12,FL,017,Citrus County,62180
12,FL,019,Clay County,91500
12,FL,021,Collier County,170240
12,FL,023,Columbia County,26850
12,FL,027,DeSoto County,11530
12,FL,029,Dixie County,4990
12,FL,031,Duval County,432600
12,FL,033,Escambia County,140940
12,FL,035,Flagler County,47830
12,FL,037,Franklin County,4430
12,FL,039,Gadsden County,19990
12,FL,041,Gilchrist County,6360
12,FL,043,Glades County,3880
12,FL,045,Gulf County,5640
12,FL,047,Hamilton County,4710
12,FL,049,Hardee County,9750
12,FL,051,Hendry County,15820
12,FL,053,Hernando County,75290
12,FL,055,Highlands County,40290
12,FL,057,Hillsborough County,608620
12,FL,059,Holmes County,6710
12,FL,061,Indian River County,69630
12,FL,063,Jackson County,18150
12,FL,065,Jefferson County,5920
12,FL,067,Lafayette County,2490
12,FL,069,Lake County,146510
12,FL,071,Lee County,310520
12,FL,073,Leon County,124520
12,FL,075,Levy County,16300
12,FL,077,Liberty County,2590
12,FL,079,Madison County,7060
12,FL,081,Manatee County,161210
12,FL,083,Marion County,150460
12,FL,085,Martin County,73490
12,FL,086,Miami-Dade County,1276280
12,FL,087,Monroe County,44850
12,FL,089,Nassau County,36740
12,FL,091,Okaloosa County,97430
12,FL,093,Okeechobee County,14820
12,FL,095,Orange County,594440
12,FL,097,Osceola County,141450
12,FL,099,Palm Beach County,688990
12,FL,101,Pasco County,211920
12,FL,103,Pinellas County,461220
12,FL,105,Polk County,272310
12,FL,107,Putnam County,28220
12,FL,109,St. Johns County,101990
12,FL,111,St. Lucie County,131470
12,FL,113,Santa Rosa County,70780
12,FL,115,Sarasota County,197750
12,FL,117,Seminole County,211650
12,FL,119,Sumter County,50560
12,FL,121,Suwannee County,16040
12,FL,123,Taylor County,8150
12,FL,125,Union County,4460
12,FL,127,Volusia County,237090
12,FL,129,Wakulla County,12630
12,FL,131,Walton County,27790
12,FL,133,Washington County,8950
13,GA,000,Georgia,4357130
13,GA,001,Appling County,7050
13,GA,003,Atkinson County,3100
13,GA,005,Bacon County,4180
13,GA,007,Baker County,1210
13,GA,009,Baldwin County,16880
13,GA,011,Banks County,6870
13,GA,013,Barrow County,31000
13,GA,015,Bartow County,42310
13,GA,017,Ben Hill County,6880
13,GA,019,Berrien County,6750
13,GA,021,Bibb County,67080
13,GA,023,Bleckley County,4750
13,GA,025,Brantley County,6350
13,GA,027,Brooks County,6290
13,GA,029,Bryan County,15560
13,GA,031,Bulloch County,25480
13,GA,033,Burke County,9280
13,GA,035,Butts County,9240
13,GA,037,Calhoun County,1990
13,GA,039,Camden County,21280
13,GA,043,Candler County,4090
13,GA,045,Carroll County,47110
13,GA,047,Catoosa County,26070
13,GA,049,Charlton County,3520
13,GA,051,Chatham County,126330
13,GA,053,Chattahoochee County,3380
13,GA,055,Chattooga County,9340
13,GA,057,Cherokee County,102830
13,GA,059,Clarke County,44880
13,GA,061,Clay County,1180
13,GA,063,Clayton County,122590
13,GA,065,Clinch County,2500
13,GA,067,Cobb County,342290
13,GA,069,Coffee County,15800
13,GA,071,Colquitt County,17290
13,GA,073,Columbia County,59530
13,GA,075,Cook County,6450
13,GA,077,Coweta County,61370
13,GA,079,Crawford County,5020
13,GA,081,Crisp County,8530
13,GA,083,Dade County,6050
13,GA,085,Dawson County,9800
13,GA,087,Decatur County,11070
13,GA,089,DeKalb County,346690
13,GA,091,Dodge County,7230
13,GA,093,Dooly County,4060
13,GA,095,Dougherty County,38130
13,GA,097,Douglas County,60790
13,GA,099,Early County,4190
13,GA,101,Echols County,1340
13,GA,103,Effingham County,23650
13,GA,105,Elbert County,8000
13,GA,107,Emanuel County,8890
13,GA,109,Evans County,4280
13,GA,111,Fannin County,9710
13,GA,113,Fayette County,51870
13,GA,115,Floyd County,39390
13,GA,117,Forsyth County,84960
13,GA,119,Franklin County,8810
13,GA,121,Fulton County,459390
13,GA,123,Gilmer County,11820
13,GA,125,Glascock County,1080
13,GA,127,Glynn County,36360
13,GA,129,Gordon County,22720
13,GA,131,Grady County,9970
13,GA,133,Greene County,7300
13,GA,135,Gwinnett County,395340
13,GA,137,Habersham County,17180
13,GA,139,Hall County,81920
13,GA,141,Hancock County,3190
13,GA,143,Haralson County,10880
13,GA,145,Harris County,13920
13,GA,147,Hart County,10020
13,GA,149,Heard County,4180
13,GA,151,Henry County,94770
13,GA,153,Houston County,66890
13,GA,155,Irwin County,3660
13,GA,157,Jackson County,26440
13,GA,159,Jasper County,5470
13,GA,161,Jeff Davis County,5540
13,GA,163,Jefferson County,7000
13,GA,165,Jenkins County,3080
13,GA,167,Johnson County,2940
13,GA,169,Jones County,11840
13,GA,171,Lamar County,7010
13,GA,173,Lanier County,3280
13,GA,175,Laurens County,20010
13,GA,177,Lee County,13150
13,GA,179,Liberty County,27000
13,GA,181,Lincoln County,3190
13,GA,183,Long County,5000
13,GA,185,Lowndes County,44990
13,GA,187,Lumpkin County,11410
13,GA,189,McDuffie County,9080
13,GA,191,McIntosh County,4910
13,GA,193,Macon County,4640
13,GA,195,Madison County,11460
13,GA,197,Marion County,2830
13,GA,199,Meriwether County,9330
13,GA,201,Miller County,2290
13,GA,205,Mitchell County,8470
13,GA,207,Monroe County,11330
13,GA,209,Montgomery County,3110
13,GA,211,Morgan County,8180
13,GA,213,Murray County,14820
13,GA,215,Muscogee County,90580
13,GA,217,Newton County,44010
13,GA,219,Oconee County,15210
13,GA,221,Oglethorpe County,5710
13,GA,223,Paulding County,60830
13,GA,225,Peach County,11500
13,GA,227,Pickens County,13680
13,GA,229,Pierce County,7520
13,GA,231,Pike County,7210
13,GA,233,Polk County,16100
13,GA,235,Pulaski County,3690
13,GA,237,Putnam County,9110
13,GA,239,Quitman County,850
13,GA,241,Rabun County,7170
13,GA,243,Randolph County,2690
13,GA,245,Richmond County,86430
13,GA,247,Rockdale County,38450
13,GA,249,Schley County,1710
13,GA,251,Screven County,5660
13,GA,253,Seminole County,3570
13,GA,255,Spalding County,26230
13,GA,257,Stephens County,10140
13,GA,259,Stewart County,1730
13,GA,261,Sumter County,12400
13,GA,263,Talbot County,2630
13,GA,265,Taliaferro County,660
13,GA,267,Tattnall County,8030
13,GA,269,Taylor County,3230
13,GA,271,Telfair County,3980
13,GA,273,Terrell County,4010
13,GA,275,Thomas County,18720
13,GA,277,Tift County,17060
13,GA,279,Toombs County,11040
13,GA,281,Towns County,4900
13,GA,283,Treutlen County,2340
13,GA,285,Troup County,29990
13,GA,287,Turner County,3480
13,GA,289,Twiggs County,3580
13,GA,291,Union County,9260
13,GA,293,Upson County,10590
13,GA,295,Walker County,25660
13,GA,297,Walton County,36150
13,GA,299,Ware County,13730
13,GA,301,Warren County,2300
13,GA,303,Washington County,7970
13,GA,305,Wayne County,10950
13,GA,307,Webster County,940
13,GA,309,Wheeler County,1830
13,GA,311,White County,10900
13,GA,313,Whitfield County,41200
13,GA,315,Wilcox County,2760
13,GA,317,Wilkes County,4040
13,GA,319,Wilkinson County,4070
13,GA,321,Worth County,8630
15,HI,000,Hawaii,675080
15,HI,001,Hawaii County,84180
15,HI,003,Honolulu County,478670
15,HI,007,Kauai County,34330
15,HI,009,Maui County,77920
16,ID,000,Idaho,691530
16,ID,001,Ada County,189660
16,ID,003,Adams County,1630
16,ID,005,Bannock County,33630
16,ID,007,Bear Lake County,2500
16,ID,009,Benewah County,3860
16,ID,011,Bingham County,18320
16,ID,013,Blaine County,11550
16,ID,015,Boise County,2950
16,ID,017,Bonner County,18380
16,ID,019,Bonneville County,44640
16,ID,021,Boundary County,4770
16,ID,023,Butte County,1010
16,ID,025,Camas County,420
16,ID,027,Canyon County,78580
16,ID,029,Caribou County,2780
16,ID,031,Cassia County,9390
16,ID,033,Clark County,310
16,ID,035,Clearwater County,3460
16,ID,037,Custer County,1920
16,ID,039,Elmore County,11020
16,ID,041,Franklin County,4920
16,ID,043,Fremont County,5260
16,ID,045,Gem County,7090
16,ID,047,Gooding County,6300
16,ID,049,Idaho County,6280
16,ID,051,Jefferson County,10100
16,ID,053,Jerome County,9320
16,ID,055,Kootenai County,68520
16,ID,057,Latah County,15370
16,ID,059,Lemhi County,3500
16,ID,061,Lewis County,1790
16,ID,063,Lincoln County,2090
16,ID,065,Madison County,11590
16,ID,067,Minidoka County,8590
16,ID,069,Nez Perce County,18190
16,ID,071,Oneida County,1700
16,ID,073,Owyhee County,4390
16,ID,075,Payette County,9520
16,ID,077,Power County,3190
16,ID,079,Shoshone County,5310
16,ID,081,Teton County,4320
16,ID,083,Twin Falls County,34680
16,ID,085,Valley County,4770
16,ID,087,Washington County,4100
17,IL,000,Illinois,6100350
17,IL,001,Adams County,31950
17,IL,003,Alexander County,2690
17,IL,005,Bond County,6960
17,IL,007,Boone County,25130
17,IL,009,Brown County,2360
17,IL,011,Bureau County,16770
17,IL,013,Calhoun County,2220
17,IL,015,Carroll County,7620
17,IL,017,Cass County,6330
17,IL,019,Champaign County,84670
17,IL,021,Christian County,15500
17,IL,023,Clark County,7600
17,IL,025,Clay County,6250
17,IL,027,Clinton County,17540
17,IL,029,Coles County,21140
17,IL,031,Cook County,2524550
17,IL,033,Crawford County,8760
17,IL,035,Cumberland County,4930
17,IL,037,DeKalb County,45640
17,IL,039,De Witt County,7740
17,IL,041,Douglas County,10020
17,IL,043,DuPage County,468210
17,IL,045,Edgar County,8190
17,IL,047,Edwards County,2960
17,IL,049,Effingham County,17560
17,IL,051,Fayette County,9170
17,IL,053,Ford County,6570
17,IL,055,Franklin County,16750
17,IL,057,Fulton County,15880
17,IL,059,Gallatin County,2310
17,IL,061,Greene County,5900
17,IL,063,Grundy County,24360
17,IL,065,Hamilton County,3690
17,IL,067,Hancock County,8730
17,IL,069,Hardin County,1610
17,IL,071,Henderson County,3350
17,IL,073,Henry County,24240
17,IL,075,Iroquois County,13930
17,IL,077,Jackson County,23240
17,IL,079,Jasper County,4670
17,IL,081,Jefferson County,16770
17,IL,083,Jersey County,10250
17,IL,085,Jo Daviess County,12360
17,IL,087,Johnson County,4920
17,IL,089,Kane County,239360
17,IL,091,Kankakee County,50640
17,IL,093,Kendall County,54450
17,IL,095,Knox County,23470
17,IL,097,Lake County,339540
17,IL,099,LaSalle County,54150
17,IL,101,Lawrence County,6400
17,IL,103,Lee County,16260
17,IL,105,Livingston County,17180
17,IL,107,Logan County,12580
17,IL,109,McDonough County,12350
17,IL,111,McHenry County,152010
17,IL,113,McLean County,77430
17,IL,115,Macon County,49420
17,IL,117,Macoupin County,21200
17,IL,119,Madison County,124640
17,IL,121,Marion County,17950
17,IL,123,Marshall County,6000
17,IL,125,Mason County,6460
17,IL,127,Massac County,6400
17,IL,129,Menard County,6190
17,IL,131,Mercer County,7900
17,IL,133,Monroe County,16720
17,IL,135,Montgomery County,12660
17,IL,137,Morgan County,15720
17,IL,139,Moultrie County,6700
17,IL,141,Ogle County,25430
17,IL,143,Peoria County,89440
17,IL,145,Perry County,8890
17,IL,147,Piatt County,8010
17,IL,149,Pike County,6910
17,IL,151,Pope County,1630
17,IL,153,Pulaski County,2440
17,IL,155,Putnam County,2940
17,IL,157,Randolph County,13900
17,IL,159,Richland County,7520
17,IL,161,Rock Island County,71080
17,IL,163,St. Clair County,121410
17,IL,165,Saline County,10370
17,IL,167,Sangamon County,99860
17,IL,169,Schuyler County,3260
17,IL,171,Scott County,2430
17,IL,173,Shelby County,10300
17,IL,175,Stark County,2700
17,IL,177,Stephenson County,22310
17,IL,179,Tazewell County,64580
17,IL,181,Union County,7760
17,IL,183,Vermilion County,34560
17,IL,185,Wabash County,5280
17,IL,187,Warren County,8040
17,IL,189,Washington County,7210
17,IL,191,Wayne County,7540
17,IL,193,White County,6410
17,IL,195,Whiteside County,27850
17,IL,197,Will County,321310
17,IL,199,Williamson County,30050
17,IL,201,Winnebago County,135290
17,IL,203,Woodford County,18270
18,IN,000,Indiana,3047520
18,IN,001,Adams County,14790
18,IN,003,Allen County,171380
18,IN,005,Bartholomew County,38970
18,IN,007,Benton County,4060
18,IN,009,Blackford County,5870
18,IN,011,Boone County,29140
18,IN,013,Brown County,7600
18,IN,015,Carroll County,9530
18,IN,017,Cass County,18060
18,IN,019,Clark County,55220
18,IN,021,Clay County,12060
18,IN,023,Clinton County,15350
18,IN,025,Crawford County,4620
18,IN,027,Daviess County,14050
18,IN,029,Dearborn County,24280
18,IN,031,Decatur County,12910
18,IN,033,DeKalb County,20020
18,IN,035,Delaware County,48560
18,IN,037,Dubois County,21910
18,IN,039,Elkhart County,92020
18,IN,041,Fayette County,10000
18,IN,043,Floyd County,37120
18,IN,045,Fountain County,8010
18,IN,047,Franklin County,10740
18,IN,049,Fulton County,9580
18,IN,051,Gibson County,15960
18,IN,053,Grant County,29870
18,IN,055,Greene County,14530
18,IN,057,Hamilton County,139870
18,IN,059,Hancock County,34570
18,IN,061,Harrison County,18100
18,IN,063,Hendricks County,72820
18,IN,065,Henry County,21640
18,IN,067,Howard County,39770
18,IN,069,Huntington County,17600
18,IN,071,Jackson County,21770
18,IN,073,Jasper County,15360
18,IN,075,Jay County,9590
18,IN,077,Jefferson County,14700
18,IN,079,Jennings County,12770
18,IN,081,Johnson County,69860
18,IN,083,Knox County,16570
18,IN,085,Kosciusko County,37800
18,IN,087,LaGrange County,16510
18,IN,089,Lake County,228310
18,IN,091,LaPorte County,51030
18,IN,093,Lawrence County,20730
18,IN,095,Madison County,59240
18,IN,097,Marion County,449350
18,IN,099,Marshall County,21810
18,IN,101,Martin County,4690
18,IN,103,Miami County,15330
18,IN,105,Monroe County,55730
18,IN,107,Montgomery County,17960
18,IN,109,Morgan County,33280
18,IN,111,Newton County,6630
18,IN,113,Noble County,21640
18,IN,115,Ohio County,2800
18,IN,117,Orange County,8680
18,IN,119,Owen County,9550
18,IN,121,Parke County,6840
18,IN,123,Perry County,8650
18,IN,125,Pike County,5700
18,IN,127,Porter County,80000
18,IN,129,Posey County,12260
18,IN,131,Pulaski County,5960
18,IN,133,Putnam County,15700
18,IN,135,Randolph County,11770
18,IN,137,Ripley County,13240
18,IN,139,Rush County,7920
18,IN,141,St. Joseph County,123000
18,IN,143,Scott County,10290
18,IN,145,Shelby County,21460
18,IN,147,Spencer County,9890
18,IN,149,Starke County,10210
18,IN,151,Steuben County,16160
18,IN,153,Sullivan County,8760
18,IN,155,Switzerland County,4050
18,IN,157,Tippecanoe County,72630
18,IN,159,Tipton County,7690
18,IN,161,Union County,3360
18,IN,163,Vanderburgh County,84760
18,IN,165,Vermillion County,7330
18,IN,167,Vigo County,46040
18,IN,169,Wabash County,15000
18,IN,171,Warren County,4020
18,IN,173,Warrick County,28810
18,IN,175,Washington County,12220
18,IN,177,Wayne County,30370
18,IN,179,Wells County,12980
18,IN,181,White County,12120
18,IN,183,Whitley County,16310
19,IA,000,Iowa,1434150
19,IA,001,Adair County,3510
19,IA,003,Adams County,1870
19,IA,005,Allamakee County,6710
19,IA,007,Appanoose County,5510
19,IA,009,Audubon County,2840
19,IA,011,Benton County,12050
19,IA,013,Black Hawk County,59900
19,IA,015,Boone County,12600
19,IA,017,Bremer County,10960
19,IA,019,Buchanan County,9590
19,IA,021,Buena Vista County,9800
19,IA,023,Butler County,6850
19,IA,025,Calhoun County,4610
19,IA,027,Carroll County,10180
19,IA,029,Cass County,6520
19,IA,031,Cedar County,8730
19,IA,033,Cerro Gordo County,20900
19,IA,035,Cherokee County,5760
19,IA,037,Chickasaw County,5900
19,IA,039,Clarke County,4250
19,IA,041,Clay County,8250
19,IA,043,Clayton County,8430
19,IA,045,Clinton County,22680
19,IA,047,Crawford County,7890
19,IA,049,Dallas County,35500
19,IA,051,Davis County,3470
19,IA,053,Decatur County,3150
19,IA,055,Delaware County,8390
19,IA,057,Des Moines County,19180
19,IA,059,Dickinson County,8900
19,IA,061,Dubuque County,46730
19,IA,063,Emmet County,4540
19,IA,065,Fayette County,9090
19,IA,067,Floyd County,7410
19,IA,069,Franklin County,4760
19,IA,071,Fremont County,3230
19,IA,073,Greene County,4320
19,IA,075,Grundy County,5870
19,IA,077,Guthrie County,5130
19,IA,079,Hamilton County,7200
19,IA,081,Hancock County,5190
19,IA,083,Hardin County,7860
19,IA,085,Harrison County,6670
19,IA,087,Henry County,8910
19,IA,089,Howard County,4600
19,IA,091,Humboldt County,4630
19,IA,093,Ida County,3380
19,IA,095,Iowa County,8060
19,IA,097,Jackson County,9490
19,IA,099,Jasper County,16880
19,IA,101,Jefferson County,7640
19,IA,103,Johnson County,61720
19,IA,105,Jones County,9070
19,IA,107,Keokuk County,4630
19,IA,109,Kossuth County,7550
19,IA,111,Lee County,15790
19,IA,113,Linn County,104070
19,IA,115,Louisa County,5080
19,IA,117,Lucas County,3940
19,IA,119,Lyon County,5270
19,IA,121,Madison County,7000
19,IA,123,Mahaska County,9650
19,IA,125,Marion County,14690
19,IA,127,Marshall County,18190
19,IA,129,Mills County,6630
19,IA,131,Mitchell County,4830
19,IA,133,Monona County,4180
19,IA,135,Monroe County,3460
19,IA,137,Montgomery County,4830
19,IA,139,Muscatine County,20680
19,IA,141,O'Brien County,6630
19,IA,143,Osceola County,3040
19,IA,145,Page County,6620
19,IA,147,Palo Alto County,4230
19,IA,149,Plymouth County,12090
19,IA,151,Pocahontas County,3410
19,IA,153,Polk County,217610
19,IA,155,Pottawattamie County,42480
19,IA,157,Poweshiek County,8310
19,IA,159,Ringgold County,2080
19,IA,161,Sac County,4880
19,IA,163,Scott County,81530
19,IA,165,Shelby County,5880
19,IA,167,Sioux County,14260
19,IA,169,Story County,35740
19,IA,171,Tama County,8350
19,IA,173,Taylor County,2770
19,IA,175,Union County,5610
19,IA,177,Van Buren County,3160
19,IA,179,Wapello County,15720
19,IA,181,Warren County,21860
19,IA,183,Washington County,10450
19,IA,185,Wayne County,2680
19,IA,187,Webster County,16650
19,IA,189,Winnebago County,5150
19,IA,191,Winneshiek County,9370
19,IA,193,Woodbury County,46690
19,IA,195,Worth County,3620
19,IA,197,Wright County,6000
20,KS,000,Kansas,1325560
20,KS,001,Allen County,5970
20,KS,003,Anderson County,3550
20,KS,005,Atchison County,6990
20,KS,007,Barber County,2370
20,KS,009,Barton County,12740
20,KS,011,Bourbon County,6300
20,KS,013,Brown County,4500
20,KS,015,Butler County,28740
20,KS,017,Chase County,1210
20,KS,019,Chautauqua County,1480
20,KS,021,Cherokee County,8710
20,KS,023,Cheyenne County,1320
20,KS,025,Clark County,990
20,KS,027,Clay County,4010
20,KS,029,Cloud County,4250
20,KS,031,Coffey County,4090
20,KS,033,Comanche County,890
20,KS,035,Cowley County,15820
20,KS,037,Crawford County,16400
20,KS,039,Decatur County,1400
20,KS,041,Dickinson County,9190
20,KS,043,Doniphan County,3410
20,KS,045,Douglas County,49070
20,KS,047,Edwards County,1520
20,KS,049,Elk County,1180
20,KS,051,Ellis County,13450
20,KS,053,Ellsworth County,2810
20,KS,055,Finney County,17440
20,KS,057,Ford County,15840
20,KS,059,Franklin County,11660
20,KS,061,Geary County,18510
20,KS,063,Gove County,1400
20,KS,065,Graham County,1320
20,KS,067,Grant County,3290
20,KS,069,Gray County,2700
20,KS,071,Greeley County,630
20,KS,073,Greenwood County,2880
20,KS,075,Hamilton County,1120
20,KS,077,Harper County,2750
20,KS,079,Harvey County,15730
20,KS,081,Haskell County,1790
20,KS,083,Hodgeman County,870
20,KS,085,Jackson County,6230
20,KS,087,Jefferson County,8560
20,KS,089,Jewell County,1520
20,KS,091,Johnson County,277890
20,KS,093,Kearny County,1860
20,KS,095,Kingman County,3700
20,KS,097,Kiowa County,1160
20,KS,099,Labette County,9700
20,KS,101,Lane County,910
20,KS,103,Leavenworth County,32550
20,KS,105,Lincoln County,1520
20,KS,107,Linn County,4190
20,KS,109,Logan County,1420
20,KS,111,Lyon County,14400
20,KS,113,McPherson County,14060
20,KS,115,Marion County,5410
20,KS,117,Marshall County,5080
20,KS,119,Meade County,2020
20,KS,121,Miami County,14780
20,KS,123,Mitchell County,3130
20,KS,125,Montgomery County,14610
20,KS,127,Morris County,2670
20,KS,129,Morton County,1480
20,KS,131,Nemaha County,5030
20,KS,133,Neosho County,7130
20,KS,135,Ness County,1500
20,KS,137,Norton County,2380
20,KS,139,Osage County,7400
20,KS,141,Osborne County,1890
20,KS,143,Ottawa County,2880
20,KS,145,Pawnee County,2960
20,KS,147,Phillips County,2640
20,KS,149,Pottawatomie County,10220
20,KS,151,Pratt County,4610
20,KS,153,Rawlins County,1310
20,KS,155,Reno County,29090
20,KS,157,Republic County,2450
20,KS,159,Rice County,4350
20,KS,161,Riley County,26870
20,KS,163,Rooks County,2500
20,KS,165,Rush County,1590
20,KS,167,Russell County,3320
20,KS,169,Saline County,27000
20,KS,171,Scott County,2440
20,KS,173,Sedgwick County,231770
20,KS,175,Seward County,10480
20,KS,177,Shawnee County,84400
20,KS,179,Sheridan County,1310
20,KS,181,Sherman County,2830
20,KS,183,Smith County,1930
20,KS,185,Stafford County,2030
20,KS,187,Stanton County,1000
20,KS,189,Stevens County,2420
20,KS,191,Sumner County,10600
20,KS,193,Thomas County,3810
20,KS,195,Trego County,1540
20,KS,197,Wabaunsee County,3210
20,KS,199,Wallace County,710
20,KS,201,Washington County,2880
20,KS,203,Wichita County,1100
20,KS,205,Wilson County,4030
20,KS,207,Woodson County,1480
20,KS,209,Wyandotte County,69680
21,KY,000,Kentucky,1883840
21,KY,001,Adair County,6960
21,KY,003,Allen County,7800
21,KY,005,Anderson County,10260
21,KY,007,Ballard County,3460
21,KY,009,Barren County,18150
21,KY,011,Bath County,4540
21,KY,013,Bell County,9240
21,KY,015,Boone County,57940
21,KY,017,Bourbon County,9000
21,KY,019,Boyd County,19660
21,KY,021,Boyle County,11980
21,KY,023,Bracken County,3670
21,KY,025,Breathitt County,4520
21,KY,027,Breckinridge County,7780
21,KY,029,Bullitt County,36320
21,KY,031,Butler County,5240
21,KY,033,Caldwell County,5510
21,KY,035,Calloway County,14810
21,KY,037,Campbell County,42600
21,KY,039,Carlisle County,2150
21,KY,041,Carroll County,4760
21,KY,043,Carter County,10370
21,KY,045,Casey County,5890
21,KY,047,Christian County,30230
21,KY,049,Clark County,15870
21,KY,051,Clay County,6410
21,KY,053,Clinton County,3760
21,KY,055,Crittenden County,3580
21,KY,057,Cumberland County,2590
21,KY,059,Daviess County,44600
21,KY,061,Edmonson County,4680
21,KY,063,Elliott County,2100
21,KY,065,Estill County,5380
21,KY,067,Fayette County,139410
21,KY,069,Fleming County,5960
21,KY,071,Floyd County,13300
21,KY,073,Franklin County,24190
21,KY,075,Fulton County,2380
21,KY,077,Gallatin County,3480
21,KY,079,Garrard County,6700
21,KY,081,Grant County,10350
21,KY,083,Graves County,15360
21,KY,085,Grayson County,10130
21,KY,087,Green County,4390
21,KY,089,Greenup County,14900
21,KY,091,Hancock County,3780
21,KY,093,Hardin County,46920
21,KY,095,Harlan County,9380
21,KY,097,Harrison County,7780
21,KY,099,Hart County,7230
21,KY,101,Henderson County,20100
21,KY,103,Henry County,7010
21,KY,105,Hickman County,1930
21,KY,107,Hopkins County,19140
21,KY,109,Jackson County,4480
21,KY,111,Jefferson County,367610
21,KY,113,Jessamine County,21290
21,KY,115,Johnson County,8000
21,KY,117,Kenton County,77150
21,KY,119,Knott County,5070
21,KY,121,Knox County,11150
21,KY,123,Larue County,6080
21,KY,125,Laurel County,23610
21,KY,127,Lawrence County,5570
21,KY,129,Lee County,2210
21,KY,131,Leslie County,3640
21,KY,133,Letcher County,7890
21,KY,135,Lewis County,4850
21,KY,137,Lincoln County,9320
21,KY,139,Livingston County,4020
21,KY,141,Logan County,11310
21,KY,143,Lyon County,3310
21,KY,145,McCracken County,29980
21,KY,147,McCreary County,4890
21,KY,149,McLean County,3940
21,KY,151,Madison County,34280
21,KY,153,Magoffin County,4040
21,KY,155,Marion County,8140
21,KY,157,Marshall County,13890
21,KY,159,Martin County,3260
21,KY,161,Mason County,7210
21,KY,163,Meade County,12370
21,KY,165,Menifee County,2240
21,KY,167,Mercer County,9600
21,KY,169,Metcalfe County,3920
21,KY,171,Monroe County,4310
21,KY,173,Montgomery County,11160
21,KY,175,Morgan County,4170
21,KY,177,Muhlenberg County,12060
21,KY,179,Nelson County,21110
21,KY,181,Nicholas County,2970
21,KY,183,Ohio County,9650
21,KY,185,Oldham County,26690
21,KY,187,Owen County,4210
21,KY,189,Owsley County,1350
21,KY,191,Pendleton County,5980
21,KY,193,Perry County,10430
21,KY,195,Pike County,21320
21,KY,197,Powell County,5010
21,KY,199,Pulaski County,25590
21,KY,201,Robertson County,830
21,KY,203,Rockcastle County,6020
21,KY,205,Rowan County,8450
21,KY,207,Russell County,7070
21,KY,209,Scott County,22360
21,KY,211,Shelby County,19960
21,KY,213,Simpson County,8110
21,KY,215,Spencer County,7870
21,KY,217,Taylor County,10060
21,KY,219,Todd County,4910
21,KY,221,Trigg County,6000
21,KY,223,Trimble County,3680
21,KY,225,Union County,5860
21,KY,227,Warren County,51170
21,KY,229,Washington County,5130
21,KY,231,Wayne County,7550
21,KY,233,Webster County,5390
21,KY,235,Whitley County,13330
21,KY,237,Wolfe County,2380
21,KY,239,Woodford County,12330
22,LA,000,Louisiana,2004060
22,LA,001,Acadia Parish,24990
22,LA,003,Allen Parish,8820
22,LA,005,Ascension Parish,50730
22,LA,007,Assumption Parish,9840
22,LA,009,Avoyelles Parish,16250
22,LA,011,Beauregard Parish,13780
22,LA,013,Bienville Parish,5800
22,LA,015,Bossier Parish,53960
22,LA,017,Caddo Parish,113900
22,LA,019,Calcasieu Parish,85610
22,LA,021,Caldwell Parish,3830
22,LA,023,Cameron Parish,3050
22,LA,025,Catahoula Parish,3770
22,LA,027,Claiborne Parish,5560
22,LA,029,Concordia Parish,7700
22,LA,031,De Soto Parish,11790
22,LA,033,East Baton Rouge Parish,201870
22,LA,035,East Carroll Parish,2700
22,LA,037,East Feliciana Parish,8360
22,LA,039,Evangeline Parish,12710
22,LA,041,Franklin Parish,8120
22,LA,043,Grant Parish,8090
22,LA,045,Iberia Parish,32780
22,LA,047,Iberville Parish,13590
22,LA,049,Jackson Parish,6140
22,LA,051,Jefferson Parish,205880
22,LA,053,Jefferson Davis Parish,13310
22,LA,055,Lafayette Parish,106850
22,LA,057,Lafourche Parish,41540
22,LA,059,La Salle Parish,5330
22,LA,061,Lincoln Parish,17900
22,LA,063,Livingston Parish,56020
22,LA,065,Madison Parish,4160
22,LA,067,Morehouse Parish,11370
22,LA,069,Natchitoches Parish,15190
22,LA,071,Orleans Parish,162180
22,LA,073,Ouachita Parish,66720
22,LA,075,Plaquemines Parish,10150
22,LA,077,Pointe Coupee Parish,9820
22,LA,079,Rapides Parish,57720
22,LA,081,Red River Parish,3390
22,LA,083,Richland Parish,8350
22,LA,085,Sabine Parish,8900
22,LA,087,St. Bernard Parish,16810
22,LA,089,St. Charles Parish,24040
22,LA,091,St. Helena Parish,5480
22,LA,093,St. James Parish,9940
22,LA,095,St. John the Baptist Parish,19790
22,LA,097,St. Landry Parish,36220
22,LA,099,St. Martin Parish,23480
22,LA,101,St. Mary Parish,24040
22,LA,103,St. Tammany Parish,110590
22,LA,105,Tangipahoa Parish,50330
22,LA,107,Tensas Parish,1920
22,LA,109,Terrebonne Parish,49040
22,LA,111,Union Parish,8960
22,LA,113,Vermilion Parish,24900
22,LA,115,Vernon Parish,20970
22,LA,117,Washington Parish,16750
22,LA,119,Webster Parish,16830
22,LA,121,West Baton Rouge Parish,11680
22,LA,123,West Carroll Parish,4390
22,LA,125,West Feliciana Parish,4540
22,LA,127,Winn Parish,5150
23,ME,000,Maine,635840
23,ME,001,Androscoggin County,48460
23,ME,003,Aroostook County,30610
23,ME,005,Cumberland County,147480
23,ME,007,Franklin County,12970
23,ME,009,Hancock County,27200
23,ME,011,Kennebec County,57540
23,ME,013,Knox County,19970
23,ME,015,Lincoln County,17630
23,ME,017,Oxford County,25240
23,ME,019,Penobscot County,67330
23,ME,021,Piscataquis County,7220
23,ME,023,Sagadahoc County,18040
23,ME,025,Somerset County,21850
23,ME,027,Waldo County,18050
23,ME,029,Washington County,13940
23,ME,031,York County,102380
24,MD,000,Maryland,2941750
24,MD,001,Allegany County,29190
24,MD,003,Anne Arundel County,279170
24,MD,005,Baltimore County,411820
24,MD,009,Calvert County,43700
24,MD,011,Caroline County,15230
24,MD,013,Carroll County,82800
24,MD,015,Cecil County,46310
24,MD,017,Charles County,76090
24,MD,019,Dorchester County,15120
24,MD,021,Frederick County,119660
24,MD,023,Garrett County,13470
24,MD,025,Harford County,123350
24,MD,027,Howard County,149130
24,MD,029,Kent County,9260
24,MD,031,Montgomery County,522450
24,MD,033,Prince George's County,488120
24,MD,035,Queen Anne's County,23930
24,MD,037,St. Mary's County,50360
24,MD,039,Somerset County,8760
24,MD,041,Talbot County,19310
24,MD,043,Washington County,67910
24,MD,045,Wicomico County,45160
24,MD,047,Worcester County,27330
24,MD,510,Baltimore city,274190
25,MA,000,Massachusetts,3300270
25,MA,001,Barnstable County,124470
25,MA,003,Berkshire County,64400
25,MA,005,Bristol County,263840
25,MA,007,Dukes County,10700
25,MA,009,Essex County,382960
25,MA,011,Franklin County,35260
25,MA,013,Hampden County,215150
25,MA,015,Hampshire County,71380
25,MA,017,Middlesex County,775660
25,MA,019,Nantucket County,7120
25,MA,021,Norfolk County,345880
25,MA,023,Plymouth County,252460
25,MA,025,Suffolk County,362010
25,MA,027,Worcester County,389070
26,MI,000,Michigan,4656590
26,MI,001,Alcona County,4920
26,MI,003,Alger County,4060
26,MI,005,Allegan County,53800
26,MI,007,Alpena County,13870
26,MI,009,Antrim County,11320
26,MI,011,Arenac County,7280
26,MI,013,Baraga County,3520
26,MI,015,Barry County,27400
26,MI,017,Bay County,53040
26,MI,019,Benzie County,9070
26,MI,021,Berrien County,73110
26,MI,023,Branch County,18950
26,MI,025,Calhoun County,61670
26,MI,027,Cass County,23170
26,MI,029,Charlevoix County,13450
26,MI,031,Cheboygan County,12360
26,MI,033,Chippewa County,15780
26,MI,035,Clare County,13080
26,MI,037,Clinton County,35800
26,MI,039,Crawford County,6120
26,MI,041,Delta County,17540
26,MI,043,Dickinson County,12930
26,MI,045,Eaton County,53620
26,MI,047,Emmet County,17530
26,MI,049,Genesee County,192190
26,MI,051,Gladwin County,11250
26,MI,053,Gogebic County,6740
26,MI,055,Grand Traverse County,46830
26,MI,057,Gratiot County,16900
26,MI,059,Hillsdale County,19700
26,MI,061,Houghton County,14480
26,MI,063,Huron County,16580
26,MI,065,Ingham County,122130
26,MI,067,Ionia County,26850
26,MI,069,Iosco County,12180
26,MI,071,Iron County,5530
26,MI,073,Isabella County,26080
26,MI,075,Jackson County,70710
26,MI,077,Kalamazoo County,117790
26,MI,079,Kalkaska County,7970
26,MI,081,Kent County,296550
26,MI,083,Keweenaw County,1030
26,MI,085,Lake County,4480
26,MI,087,Lapeer County,42080
26,MI,089,Leelanau County,11940
26,MI,091,Lenawee County,45290
26,MI,093,Livingston County,92220
26,MI,095,Luce County,2480
26,MI,097,Mackinac County,6040
26,MI,099,Macomb County,434200
26,MI,101,Manistee County,11400
26,MI,103,Marquette County,30310
26,MI,105,Mason County,13990
26,MI,107,Mecosta County,16700
26,MI,109,Menominee County,11080
26,MI,111,Midland County,39990
26,MI,113,Missaukee County,6580
26,MI,115,Monroe County,72490
26,MI,117,Montcalm County,26790
26,MI,119,Montmorency County,4350
26,MI,121,Muskegon County,76700
26,MI,123,Newaygo County,20970
26,MI,125,Oakland County,626260
26,MI,127,Oceana County,12040
26,MI,129,Ogemaw County,9450
26,MI,131,Ontonagon County,2830
26,MI,133,Osceola County,9960
26,MI,135,Oscoda County,3610
26,MI,137,Otsego County,11950
26,MI,139,Ottawa County,126340
26,MI,141,Presque Isle County,6440
26,MI,143,Roscommon County,11080
26,MI,145,Saginaw County,90530
26,MI,147,St. Clair County,77630
26,MI,149,St. Joseph County,28170
26,MI,151,Sanilac County,18950
26,MI,153,Schoolcraft County,3740
26,MI,155,Shiawassee County,32940
26,MI,157,Tuscola County,25430
26,MI,159,Van Buren County,34450
26,MI,161,Washtenaw County,161490
26,MI,163,Wayne County,803590
26,MI,165,Wexford County,15130
27,MN,000,Minnesota,2652920
27,MN,001,Aitkin County,7220
27,MN,003,Anoka County,169980
27,MN,005,Becker County,15430
27,MN,007,Beltrami County,19110
27,MN,009,Benton County,18880
27,MN,011,Big Stone County,2500
27,MN,013,Blue Earth County,29360
27,MN,015,Brown County,13260
27,MN,017,Carlton County,16120
27,MN,019,Carver County,46240
27,MN,021,Cass County,13970
27,MN,023,Chippewa County,6130
27,MN,025,Chisago County,25850
27,MN,027,Clay County,27260
27,MN,029,Clearwater County,3790
27,MN,031,Cook County,2990
27,MN,033,Cottonwood County,5740
27,MN,035,Crow Wing County,30730
27,MN,037,Dakota County,209240
27,MN,039,Dodge County,9560
27,MN,041,Douglas County,18400
27,MN,043,Faribault County,7020
27,MN,045,Fillmore County,9750
27,MN,047,Freeborn County,15300
27,MN,049,Goodhue County,23180
27,MN,051,Grant County,2960
27,MN,053,Hennepin County,614540
27,MN,055,Houston County,9440
27,MN,057,Hubbard County,9390
27,MN,059,Isanti County,18110
27,MN,061,Itasca County,20550
27,MN,063,Jackson County,5270
27,MN,065,Kanabec County,7200
27,MN,067,Kandiyohi County,20940
27,MN,069,Kittson County,2180
27,MN,071,Koochiching County,6160
27,MN,073,Lac qui Parle County,3490
27,MN,075,Lake County,5260
27,MN,077,Lake of the Woods County,2060
27,MN,079,Le Sueur County,13750
27,MN,081,Lincoln County,2730
27,MN,083,Lyon County,12020
27,MN,085,McLeod County,17970
27,MN,087,Mahnomen County,2300
27,MN,089,Marshall County,4560
27,MN,091,Martin County,10360
27,MN,093,Meeker County,10910
27,MN,095,Mille Lacs County,11970
27,MN,097,Morrison County,15460
27,MN,099,Mower County,18550
27,MN,101,Murray County,4210
27,MN,103,Nicollet County,15460
27,MN,105,Nobles County,10380
27,MN,107,Norman County,3130
27,MN,109,Olmsted County,73590
27,MN,111,Otter Tail County,28110
27,MN,113,Pennington County,6990
27,MN,115,Pine County,12670
27,MN,117,Pipestone County,4530
27,MN,119,Polk County,14790
27,MN,121,Pope County,5530
27,MN,123,Ramsey County,257240
27,MN,125,Red Lake County,1920
27,MN,127,Redwood County,7780
27,MN,129,Renville County,7690
27,MN,131,Rice County,28400
27,MN,133,Rock County,4410
27,MN,135,Roseau County,7920
27,MN,137,St. Louis County,93480
27,MN,139,Scott County,65660
27,MN,141,Sherburne County,41580
27,MN,143,Sibley County,7350
27,MN,145,Stearns County,70550
27,MN,147,Steele County,18130
27,MN,149,Stevens County,4320
27,MN,151,Swift County,4640
27,MN,153,Todd County,10700
27,MN,155,Traverse County,1700
27,MN,157,Wabasha County,10870
27,MN,159,Wadena County,6150
27,MN,161,Waseca County,8910
27,MN,163,Washington County,122970
27,MN,165,Watonwan County,5390
27,MN,167,Wilkin County,3260
27,MN,169,Winona County,22250
27,MN,171,Wright County,60380
27,MN,173,Yellow Medicine County,4940
28,MS,000,Mississippi,1245340
28,MS,001,Adams County,13030
28,MS,003,Alcorn County,13620
28,MS,005,Amite County,4960
28,MS,007,Attala County,7460
28,MS,009,Benton County,3190
28,MS,011,Bolivar County,14000
28,MS,013,Calhoun County,5730
28,MS,015,Carroll County,4240
28,MS,017,Chickasaw County,7500
28,MS,019,Choctaw County,3290
28,MS,021,Claiborne County,3590
28,MS,023,Clarke County,6680
28,MS,025,Clay County,8350
28,MS,027,Coahoma County,10320
28,MS,029,Copiah County,11700
28,MS,031,Covington County,8030
28,MS,033,DeSoto County,76570
28,MS,035,Forrest County,31940
28,MS,037,Franklin County,3210
28,MS,039,George County,8890
28,MS,041,Greene County,4340
28,MS,043,Grenada County,9470
28,MS,045,Hancock County,18180
28,MS,047,Harrison County,86920
28,MS,049,Hinds County,110860
28,MS,051,Holmes County,7550
28,MS,053,Humphreys County,3480
28,MS,055,Issaquena County,470
28,MS,057,Itawamba County,9260
28,MS,059,Jackson County,61490
28,MS,061,Jasper County,6990
28,MS,063,Jefferson County,3410
28,MS,065,Jefferson Davis County,5160
28,MS,067,Jones County,27510
28,MS,069,Kemper County,3860
28,MS,071,Lafayette County,18700
28,MS,073,Lamar County,23700
28,MS,075,Lauderdale County,32300
28,MS,077,Lawrence County,4910
28,MS,079,Leake County,8510
28,MS,081,Lee County,36690
28,MS,083,Leflore County,12340
28,MS,085,Lincoln County,13740
28,MS,087,Lowndes County,25320
28,MS,089,Madison County,47110
28,MS,091,Marion County,10010
28,MS,093,Marshall County,15340
28,MS,095,Monroe County,14770
28,MS,097,Montgomery County,4320
28,MS,099,Neshoba County,11680
28,MS,101,Newton County,8850
28,MS,103,Noxubee County,4860
28,MS,105,Oktibbeha County,17530
28,MS,107,Panola County,14650
28,MS,109,Pearl River County,21180
28,MS,111,Perry County,4710
28,MS,113,Pike County,16310
28,MS,115,Pontotoc County,12970
28,MS,117,Prentiss County,9650
28,MS,119,Quitman County,2880
28,MS,121,Rankin County,64330
28,MS,123,Scott County,12150
28,MS,125,Sharkey County,1900
28,MS,127,Simpson County,10740
28,MS,129,Smith County,6050
28,MS,131,Stone County,6840
28,MS,133,Sunflower County,10000
28,MS,135,Tallahatchie County,5170
28,MS,137,Tate County,11630
28,MS,139,Tippah County,8650
28,MS,141,Tishomingo County,7400
28,MS,143,Tunica County,4900
28,MS,145,Union County,11240
28,MS,147,Walthall County,5630
28,MS,149,Warren County,21620
28,MS,151,Washington County,20740
28,MS,153,Wayne County,8300
28,MS,155,Webster County,3990
28,MS,157,Wilkinson County,3570
28,MS,159,Winston County,7580
28,MS,161,Yalobusha County,5300
28,MS,163,Yazoo County,9610
29,MO,000,Missouri,2742750
29,MO,001,Adair County,9340
29,MO,003,Andrew County,8220
29,MO,005,Atchison County,2600
29,MO,007,Audrain County,10610
29,MO,009,Barry County,13950
29,MO,011,Barton County,5120
29,MO,013,Bates County,7070
29,MO,015,Benton County,7750
29,MO,017,Bollinger County,4850
29,MO,019,Boone County,74980
29,MO,021,Buchanan County,39160
29,MO,023,Butler County,17470
29,MO,025,Caldwell County,3770
29,MO,027,Callaway County,19300
29,MO,029,Camden County,19780
29,MO,031,Cape Girardeau County,34710
29,MO,033,Carroll County,4130
29,MO,035,Carter County,2490
29,MO,037,Cass County,46670
29,MO,039,Cedar County,5450
29,MO,041,Chariton County,3450
29,MO,043,Christian County,35410
29,MO,045,Clark County,2940
29,MO,047,Clay County,110880
29,MO,049,Clinton County,9370
29,MO,051,Cole County,35750
29,MO,053,Cooper County,7510
29,MO,055,Crawford County,10250
29,MO,057,Dade County,3180
29,MO,059,Dallas County,6500
29,MO,061,Daviess County,3470
29,MO,063,DeKalb County,4020
29,MO,065,Dent County,5970
29,MO,067,Douglas County,5030
29,MO,069,Dunklin County,11770
29,MO,071,Franklin County,48770
29,MO,073,Gasconade County,7000
29,MO,075,Gentry County,2870
29,MO,077,Greene County,127360
29,MO,079,Grundy County,4270
29,MO,081,Harrison County,3750
29,MO,083,Henry County,9490
29,MO,085,Hickory County,3570
29,MO,087,Holt County,2190
29,MO,089,Howard County,4340
29,MO,091,Howell County,15910
29,MO,093,Iron County,3970
29,MO,095,Jackson County,319960
29,MO,097,Jasper County,50150
29,MO,099,Jefferson County,104350
29,MO,101,Johnson County,21710
29,MO,103,Knox County,1710
29,MO,105,Laclede County,14600
29,MO,107,Lafayette County,14820
29,MO,109,Lawrence County,15720
29,MO,111,Lewis County,4210
29,MO,113,Lincoln County,24040
29,MO,115,Linn County,5550
29,MO,117,Livingston County,6210
29,MO,119,McDonald County,9080
29,MO,121,Macon County,6890
29,MO,123,Madison County,4930
29,MO,125,Maries County,3780
29,MO,127,Marion County,12710
29,MO,129,Mercer County,1520
29,MO,131,Miller County,10210
29,MO,133,Mississippi County,5030
29,MO,135,Moniteau County,6470
29,MO,137,Monroe County,3850
29,MO,139,Montgomery County,5220
29,MO,141,Morgan County,8390
29,MO,143,New Madrid County,7160
29,MO,145,Newton County,24300
29,MO,147,Nodaway County,8630
29,MO,149,Oregon County,3880
29,MO,151,Osage County,6000
29,MO,153,Ozark County,3750
29,MO,155,Pemiscot County,6830
29,MO,157,Perry County,8870
29,MO,159,Pettis County,18300
29,MO,161,Phelps County,17550
29,MO,163,Pike County,7290
29,MO,165,Platte County,46060
29,MO,167,Polk County,11790
29,MO,169,Pulaski County,18620
29,MO,171,Putnam County,2090
29,MO,173,Ralls County,4650
29,MO,175,Randolph County,10210
29,MO,177,Ray County,10270
29,MO,179,Reynolds County,2450
29,MO,181,Ripley County,5240
29,MO,183,St. Charles County,185050
29,MO,185,St. Clair County,3660
29,MO,186,Ste. Genevieve County,8320
29,MO,187,St. Francois County,25510
29,MO,189,St. Louis County,504640
29,MO,195,Saline County,9970
29,MO,197,Schuyler County,1770
29,MO,199,Scotland County,2070
29,MO,201,Scott County,17230
29,MO,203,Shannon County,3180
29,MO,205,Shelby County,2900
29,MO,207,Stoddard County,12440
29,MO,209,Stone County,13710
29,MO,211,Sullivan County,2810
29,MO,213,Taney County,23670
29,MO,215,Texas County,9250
29,MO,217,Vernon County,8480
29,MO,219,Warren County,15050
29,MO,221,Washington County,8860
29,MO,223,Wayne County,4700
29,MO,225,Webster County,14600
29,MO,227,Worth County,940
29,MO,229,Wright County,6870
29,MO,510,St. Louis city,146020
30,MT,000,Montana,487280
30,MT,001,Beaverhead County,4410
30,MT,003,Big Horn County,4780
30,MT,005,Blaine County,2680
30,MT,007,Broadwater County,2520
30,MT,009,Carbon County,4950
30,MT,011,Carter County,560
30,MT,013,Cascade County,39840
30,MT,015,Chouteau County,2350
30,MT,017,Custer County,5750
30,MT,019,Daniels County,920
30,MT,021,Dawson County,4480
30,MT,023,Deer Lodge County,4170
30,MT,025,Fallon County,1560
30,MT,027,Fergus County,5720
30,MT,029,Flathead County,46370
30,MT,031,Gallatin County,48940
30,MT,033,Garfield County,550
30,MT,035,Glacier County,5380
30,MT,037,Golden Valley County,460
30,MT,039,Granite County,1330
30,MT,041,Hill County,7700
30,MT,043,Jefferson County,5410
30,MT,045,Judith Basin County,990
30,MT,047,Lake County,12190
30,MT,049,Lewis and Clark County,32890
30,MT,051,Liberty County,1000
30,MT,053,Lincoln County,8020
30,MT,055,McCone County,910
30,MT,057,Madison County,3730
30,MT,059,Meagher County,810
30,MT,061,Mineral County,1930
30,MT,063,Missoula County,54800
30,MT,065,Musselshell County,2000
30,MT,067,Park County,8390
30,MT,069,Petroleum County,190
30,MT,071,Phillips County,2040
30,MT,073,Pondera County,3000
30,MT,075,Powder River County,830
30,MT,077,Powell County,2700
30,MT,079,Prairie County,540
30,MT,081,Ravalli County,19000
30,MT,083,Richland County,6210
30,MT,085,Roosevelt County,4440
30,MT,087,Rosebud County,4020
30,MT,089,Sanders County,4750
30,MT,091,Sheridan County,2020
30,MT,093,Silver Bow County,16430
30,MT,095,Stillwater County,4300
30,MT,097,Sweet Grass County,1690
30,MT,099,Teton County,2960
30,MT,101,Toole County,2380
30,MT,103,Treasure County,370
30,MT,105,Valley County,3740
30,MT,107,Wheatland County,940
30,MT,109,Wibaux County,520
30,MT,111,Yellowstone County,75900
31,NE,000,Nebraska,879780
31,NE,001,Adams County,14460
31,NE,003,Antelope County,2990
31,NE,005,Arthur County,210
31,NE,007,Banner County,290
31,NE,009,Blaine County,250
31,NE,011,Boone County,2660
31,NE,013,Box Butte County,5320
31,NE,015,Boyd County,910
31,NE,017,Brown County,1430
31,NE,019,Buffalo County,21600
31,NE,021,Burt County,3120
31,NE,023,Butler County,3940
31,NE,025,Cass County,12290
31,NE,027,Cedar County,3970
31,NE,029,Chase County,1860
31,NE,031,Cherry County,2860
31,NE,033,Cheyenne County,4950
31,NE,035,Clay County,2960
31,NE,037,Colfax County,5180
31,NE,039,Cuming County,4380
31,NE,041,Custer County,5230
31,NE,043,Dakota County,9740
31,NE,045,Dawes County,3650
31,NE,047,Dawson County,11290
31,NE,049,Deuel County,890
31,NE,051,Dixon County,2770
31,NE,053,Dodge County,17540
31,NE,055,Douglas County,258060
31,NE,057,Dundy County,860
31,NE,059,Fillmore County,2850
31,NE,061,Franklin County,1450
31,NE,063,Frontier County,1180
31,NE,065,Furnas County,2270
31,NE,067,Gage County,10180
31,NE,069,Garden County,900
31,NE,071,Garfield County,820
31,NE,073,Gosper County,990
31,NE,075,Grant County,320
31,NE,077,Greeley County,1100
31,NE,079,Hall County,29060
31,NE,081,Hamilton County,4530
31,NE,083,Harlan County,1580
31,NE,085,Hayes County,440
31,NE,087,Hitchcock County,1360
31,NE,089,Holt County,5110
31,NE,091,Hooker County,360
31,NE,093,Howard County,2980
31,NE,095,Jefferson County,3430
31,NE,097,Johnson County,2020
31,NE,099,Kearney County,3170
31,NE,101,Keith County,3980
31,NE,103,Keya Paha County,410
31,NE,105,Kimball County,1660
31,NE,107,Knox County,3890
31,NE,109,Lancaster County,137690
31,NE,111,Lincoln County,16600
31,NE,113,Logan County,350
31,NE,115,Loup County,280
31,NE,117,McPherson County,210
31,NE,119,Madison County,16710
31,NE,121,Merrick County,3600
31,NE,123,Morrill County,2180
31,NE,125,Nance County,1630
31,NE,127,Nemaha County,3040
31,NE,129,Nuckolls County,2090
31,NE,131,Otoe County,7470
31,NE,133,Pawnee County,1270
31,NE,135,Perkins County,1380
31,NE,137,Phelps County,4410
31,NE,139,Pierce County,3410
31,NE,141,Platte County,16410
31,NE,143,Polk County,2610
31,NE,145,Red Willow County,5030
31,NE,147,Richardson County,3780
31,NE,149,Rock County,670
31,NE,151,Saline County,6400
31,NE,153,Sarpy County,80990
31,NE,155,Saunders County,9890
31,NE,157,Scotts Bluff County,16380
31,NE,159,Seward County,7580
31,NE,161,Sheridan County,2350
31,NE,163,Sherman County,1440
31,NE,165,Sioux County,560
31,NE,167,Stanton County,2750
31,NE,169,Thayer County,2500
31,NE,171,Thomas County,330
31,NE,173,Thurston County,2630
31,NE,175,Valley County,1950
31,NE,177,Washington County,9500
31,NE,179,Wayne County,3710
31,NE,181,Webster County,1620
31,NE,183,Wheeler County,390
31,NE,185,York County,6690
32,NV,000,Nevada,1307550
32,NV,001,Churchill County,10930
32,NV,003,Clark County,944190
32,NV,005,Douglas County,25090
32,NV,007,Elko County,23650
32,NV,009,Esmeralda County,390
32,NV,011,Eureka County,800
32,NV,013,Humboldt County,8200
32,NV,015,Lander County,2760
32,NV,017,Lincoln County,1780
32,NV,019,Lyon County,24180
32,NV,021,Mineral County,1950
32,NV,023,Nye County,18110
32,NV,027,Pershing County,2080
32,NV,029,Storey County,1820
32,NV,031,Washoe County,210920
32,NV,033,White Pine County,4140
32,NV,510,Carson City,26580
33,NH,000,New Hampshire,681680
33,NH,001,Belknap County,32470
33,NH,003,Carroll County,25590
33,NH,005,Cheshire County,37260
33,NH,007,Coos County,15140
33,NH,009,Grafton County,44070
33,NH,011,Hillsborough County,208140
33,NH,013,Merrimack County,73820
33,NH,015,Rockingham County,163840
33,NH,017,Strafford County,60170
33,NH,019,Sullivan County,21220
34,NJ,000,New Jersey,4326590
34,NJ,001,Atlantic County,137490
34,NJ,003,Bergen County,458750
34,NJ,005,Burlington County,223090
34,NJ,007,Camden County,244490
34,NJ,009,Cape May County,50020
34,NJ,011,Cumberland County,67860
34,NJ,013,Essex County,364770
34,NJ,015,Gloucester County,137630
34,NJ,017,Hudson County,320660
34,NJ,019,Hunterdon County,64130
34,NJ,021,Mercer County,172880
34,NJ,023,Middlesex County,399560
34,NJ,025,Monmouth County,317820
34,NJ,027,Morris County,252020
34,NJ,029,Ocean County,278250
34,NJ,031,Passaic County,245080
34,NJ,033,Salem County,30730
34,NJ,035,Somerset County,166740
34,NJ,037,Sussex County,72360
34,NJ,039,Union County,269150
34,NJ,041,Warren County,53200
35,NM,000,New Mexico,905670
35,NM,001,Bernalillo County,303980
35,NM,003,Catron County,1370
35,NM,005,Chaves County,25630
35,NM,006,Cibola County,9160
35,NM,007,Colfax County,5540
35,NM,009,Curry County,21240
35,NM,011,De Baca County,860
35,NM,013,Doña Ana County,89250
35,NM,015,Eddy County,24430
35,NM,017,Grant County,12690
35,NM,019,Guadalupe County,1840
35,NM,021,Harding County,320
35,NM,023,Hidalgo County,1870
35,NM,025,Lea County,28140
35,NM,027,Lincoln County,9100
35,NM,028,Los Alamos County,8880
35,NM,029,Luna County,10640
35,NM,031,McKinley County,31570
35,NM,033,Mora County,2020
35,NM,035,Otero County,26020
35,NM,037,Quay County,3670
35,NM,039,Rio Arriba County,16340
35,NM,041,Roosevelt County,7650
35,NM,043,Sandoval County,60890
35,NM,045,San Juan County,52730
35,NM,047,San Miguel County,11360
35,NM,049,Santa Fe County,74000
35,NM,051,Sierra County,4880
35,NM,053,Socorro County,6900
35,NM,055,Taos County,15390
35,NM,057,Torrance County,5700
35,NM,059,Union County,1670
35,NM,061,Valencia County,30010
36,NY,000,New York,9442110
36,NY,001,Albany County,150370
36,NY,003,Allegany County,19000
36,NY,005,Bronx County,634080
36,NY,007,Broome County,89400
36,NY,009,Cattaraugus County,34560
36,NY,011,Cayuga County,35600
36,NY,013,Chautauqua County,57550
36,NY,015,Chemung County,39520
36,NY,017,Chenango County,22870
36,NY,019,Clinton County,36240
36,NY,021,Columbia County,29930
36,NY,023,Cortland County,20510
36,NY,025,Delaware County,20030
36,NY,027,Dutchess County,138930
36,NY,029,Erie County,444980
36,NY,031,Essex County,17760
36,NY,033,Franklin County,20070
36,NY,035,Fulton County,24880
36,NY,037,Genesee County,28200
36,NY,039,Greene County,22070
36,NY,041,Hamilton County,2640
36,NY,043,Herkimer County,28180
36,NY,045,Jefferson County,51960
36,NY,047,Kings County,1181020
36,NY,049,Lewis County,11880
36,NY,051,Livingston County,28090
36,NY,053,Madison County,31430
36,NY,055,Monroe County,359990
36,NY,057,Montgomery County,22760
36,NY,059,Nassau County,703060
36,NY,061,New York County,880460
36,NY,063,Niagara County,104480
36,NY,065,Oneida County,104520
36,NY,067,Onondaga County,221320
36,NY,069,Ontario County,53780
36,NY,071,Orange County,176420
36,NY,073,Orleans County,18530
36,NY,075,Oswego County,53270
36,NY,077,Otsego County,26510
36,NY,079,Putnam County,49270
36,NY,081,Queens County,1118140
36,NY,083,Rensselaer County,76680
36,NY,085,Richmond County,216710
36,NY,087,Rockland County,148090
36,NY,089,St. Lawrence County,43540
36,NY,091,Saratoga County,114190
36,NY,093,Schenectady County,75650
36,NY,095,Schoharie County,13690
36,NY,097,Schuyler County,8690
36,NY,099,Seneca County,15500
36,NY,101,Steuben County,44150
36,NY,103,Suffolk County,768160
36,NY,105,Sullivan County,33600
36,NY,107,Tioga County,23760
36,NY,109,Tompkins County,40830
36,NY,111,Ulster County,85810
36,NY,113,Warren County,33940
36,NY,115,Washington County,28450
36,NY,117,Wayne County,44360
36,NY,119,Westchester County,482950
36,NY,121,Wyoming County,18280
36,NY,123,Yates County,11100
37,NC,000,North Carolina,4335390
37,NC,001,Alamance County,68210
37,NC,003,Alexander County,15080
37,NC,005,Alleghany County,4450
37,NC,007,Anson County,9490
37,NC,009,Ashe County,10820
37,NC,011,Avery County,6890
37,NC,013,Beaufort County,20120
37,NC,015,Bertie County,8010
37,NC,017,Bladen County,13070
37,NC,019,Brunswick County,53420
37,NC,021,Buncombe County,119910
37,NC,023,Burke County,36770
37,NC,025,Cabarrus County,83850
37,NC,027,Caldwell County,33190
37,NC,029,Camden County,4430
37,NC,031,Carteret County,31910
37,NC,033,Caswell County,9260
37,NC,035,Catawba County,70180
37,NC,037,Chatham County,30990
37,NC,039,Cherokee County,10800
37,NC,041,Chowan County,6300
37,NC,043,Clay County,4310
37,NC,045,Cleveland County,40490
37,NC,047,Columbus County,21320
37,NC,049,Craven County,46000
37,NC,051,Cumberland County,141600
37,NC,053,Currituck County,11320
37,NC,055,Dare County,19100
37,NC,057,Davidson County,70980
37,NC,059,Davie County,18470
37,NC,061,Duplin County,23540
37,NC,063,Durham County,137610
37,NC,065,Edgecombe County,23160
37,NC,067,Forsyth County,163560
37,NC,069,Franklin County,25430
37,NC,071,Gaston County,91060
37,NC,073,Gates County,4650
37,NC,075,Graham County,3280
37,NC,077,Granville County,24640
37,NC,079,Greene County,7640
37,NC,081,Guilford County,230500
37,NC,083,Halifax County,21960
37,NC,085,Harnett County,48150
37,NC,087,Haywood County,26410
37,NC,089,Henderson County,50910
37,NC,091,Hertford County,8690
37,NC,093,Hoke County,19780
37,NC,095,Hyde County,2100
37,NC,097,Iredell County,75370
37,NC,099,Jackson County,15000
37,NC,101,Johnston County,76020
37,NC,103,Jones County,4300
37,NC,105,Lee County,25860
37,NC,107,Lenoir County,25670
37,NC,109,Lincoln County,34380
37,NC,111,McDowell County,18100
37,NC,113,Macon County,15210
37,NC,115,Madison County,8430
37,NC,117,Martin County,10320
37,NC,119,Mecklenburg County,469810
37,NC,121,Mitchell County,6040
37,NC,123,Montgomery County,10930
37,NC,125,Moore County,41810
37,NC,127,Nash County,43220
37,NC,129,New Hanover County,99180
37,NC,131,Northampton County,8060
37,NC,133,Onslow County,77050
37,NC,135,Orange County,59430
37,NC,137,Pamlico County,5410
37,NC,139,Pasquotank County,17020
37,NC,141,Pender County,23530
37,NC,143,Perquimans County,5740
37,NC,145,Person County,16820
37,NC,147,Pitt County,69830
37,NC,149,Polk County,8780
37,NC,151,Randolph County,61390
37,NC,153,Richmond County,18250
37,NC,155,Robeson County,50100
37,NC,157,Rockingham County,39130
37,NC,159,Rowan County,59630
37,NC,161,Rutherford County,25150
37,NC,163,Sampson County,29070
37,NC,165,Scotland County,13630
37,NC,167,Stanly County,25230
37,NC,169,Stokes County,19500
37,NC,171,Surry County,30170
37,NC,173,Swain County,7810
37,NC,175,Transylvania County,13980
37,NC,177,Tyrrell County,1630
37,NC,179,Union County,90480
37,NC,181,Vance County,18540
37,NC,183,Wake County,457580
37,NC,185,Warren County,7610
37,NC,187,Washington County,5260
37,NC,189,Watauga County,18660
37,NC,191,Wayne County,51780
37,NC,193,Wilkes County,27250
37,NC,195,Wilson County,35550
37,NC,197,Yadkin County,15990
37,NC,199,Yancey County,7160
38,ND,000,North Dakota,361520
38,ND,001,Adams County,1120
38,ND,003,Barnes County,5460
38,ND,005,Benson County,2630
38,ND,007,Billings County,480
38,ND,009,Bottineau County,3340
38,ND,011,Bowman County,1700
38,ND,013,Burke County,1250
38,ND,015,Burleigh County,45030
38,ND,017,Cass County,81050
38,ND,019,Cavalier County,2040
38,ND,021,Dickey County,2520
38,ND,023,Divide County,1330
38,ND,025,Dunn County,2150
38,ND,027,Eddy County,1150
38,ND,029,Emmons County,1620
38,ND,031,Foster County,1720
38,ND,033,Golden Valley County,910
38,ND,035,Grand Forks County,32520
38,ND,037,Grant County,1120
38,ND,039,Griggs County,1200
38,ND,041,Hettinger County,1300
38,ND,043,Kidder County,1160
38,ND,045,LaMoure County,1980
38,ND,047,Logan County,920
38,ND,049,McHenry County,2940
38,ND,051,McIntosh County,1400
38,ND,053,McKenzie County,4530
38,ND,055,McLean County,4750
38,ND,057,Mercer County,4400
38,ND,059,Morton County,15100
38,ND,061,Mountrail County,4680
38,ND,063,Nelson County,1570
38,ND,065,Oliver County,910
38,ND,067,Pembina County,3610
38,ND,069,Pierce County,2090
38,ND,071,Ramsey County,5750
38,ND,073,Ransom County,2730
38,ND,075,Renville County,1330
38,ND,077,Richland County,7880
38,ND,079,Rolette County,5560
38,ND,081,Sargent County,2050
38,ND,083,Sheridan County,680
38,ND,085,Sioux County,1310
38,ND,087,Slope County,350
38,ND,089,Stark County,16160
38,ND,091,Steele County,940
38,ND,093,Stutsman County,10330
38,ND,095,Towner County,1180
38,ND,097,Traill County,3780
38,ND,099,Walsh County,5470
38,ND,101,Ward County,34700
38,ND,103,Wells County,2200
38,ND,105,Williams County,17670
39,OH,000,Ohio,5536460
39,OH,001,Adams County,10830
39,OH,003,Allen County,47740
39,OH,005,Ashland County,24460
39,OH,007,Ashtabula County,44900
39,OH,009,Athens County,21850
39,OH,011,Auglaize County,23490
39,OH,013,Belmont County,31140
39,OH,015,Brown County,19310
39,OH,017,Butler County,171870
39,OH,019,Carroll County,12960
39,OH,021,Champaign County,18410
39,OH,023,Clark County,63780
39,OH,025,Clermont County,96090
39,OH,027,Clinton County,19090
39,OH,029,Columbiana County,48190
39,OH,031,Coshocton County,16240
39,OH,033,Crawford County,20430
39,OH,035,Cuyahoga County,629390
39,OH,037,Darke County,25260
39,OH,039,Defiance County,18890
39,OH,041,Delaware County,88440
39,OH,043,Erie County,39580
39,OH,045,Fairfield County,69380
39,OH,047,Fayette County,13230
39,OH,049,Franklin County,603580
39,OH,051,Fulton County,20960
39,OH,053,Gallia County,12130
39,OH,055,Geauga County,47460
39,OH,057,Greene County,75250
39,OH,059,Guernsey County,18110
39,OH,061,Hamilton County,398800
39,OH,063,Hancock County,36980
39,OH,065,Hardin County,13140
39,OH,067,Harrison County,6650
39,OH,069,Henry County,14000
39,OH,071,Highland County,18250
39,OH,073,Hocking County,12490
39,OH,075,Holmes County,16750
39,OH,077,Huron County,28540
39,OH,079,Jackson County,13580
39,OH,081,Jefferson County,30850
39,OH,083,Knox County,27220
39,OH,085,Lake County,122020
39,OH,087,Lawrence County,25500
39,OH,089,Licking County,80500
39,OH,091,Logan County,22380
39,OH,093,Lorain County,146770
39,OH,095,Lucas County,201710
39,OH,097,Madison County,18940
39,OH,099,Mahoning County,112760
39,OH,101,Marion County,27950
39,OH,103,Medina County,89940
39,OH,105,Meigs County,9110
39,OH,107,Mercer County,20910
39,OH,109,Miami County,50750
39,OH,111,Monroe County,6380
39,OH,113,Montgomery County,255850
39,OH,115,Morgan County,6010
39,OH,117,Morrow County,15340
39,OH,119,Muskingum County,39110
39,OH,121,Noble County,5340
39,OH,123,Ottawa County,21660
39,OH,125,Paulding County,8960
39,OH,127,Perry County,15100
39,OH,129,Pickaway County,24280
39,OH,131,Pike County,11110
39,OH,133,Portage County,75830
39,OH,135,Preble County,19550
39,OH,137,Putnam County,17300
39,OH,139,Richland County,56710
39,OH,141,Ross County,32320
39,OH,143,Sandusky County,30030
39,OH,145,Scioto County,29210
39,OH,147,Seneca County,26430
39,OH,149,Shelby County,23830
39,OH,151,Stark County,183660
39,OH,153,Summit County,268070
39,OH,155,Trumbull County,100470
39,OH,157,Tuscarawas County,44930
39,OH,159,Union County,24270
39,OH,161,Van Wert County,14030
39,OH,163,Vinton County,5190
39,OH,165,Warren County,104810
39,OH,167,Washington County,28920
39,OH,169,Wayne County,53850
39,OH,171,Williams County,18290
39,OH,173,Wood County,60020
39,OH,175,Wyandot County,11120
40,OK,000,Oklahoma,1630460
40,OK,001,Adair County,8000
40,OK,003,Alfalfa County,2180
40,OK,005,Atoka County,5310
40,OK,007,Beaver County,2410
40,OK,009,Beckham County,9570
40,OK,011,Blaine County,4200
40,OK,013,Bryan County,16980
40,OK,015,Caddo County,11030
40,OK,017,Canadian County,56870
40,OK,019,Carter County,21130
40,OK,021,Cherokee County,17530
40,OK,023,Choctaw County,5790
40,OK,025,Cimarron County,1160
40,OK,027,Cleveland County,117550
40,OK,029,Coal County,2070
40,OK,031,Comanche County,48990
40,OK,033,Cotton County,2480
40,OK,035,Craig County,5520
40,OK,037,Creek County,29310
40,OK,039,Custer County,12000
40,OK,041,Delaware County,15520
40,OK,043,Dewey County,2180
40,OK,045,Ellis County,1870
40,OK,047,Garfield County,27960
40,OK,049,Garvin County,11160
40,OK,051,Grady County,21530
40,OK,053,Grant County,1980
40,OK,055,Greer County,2020
40,OK,057,Harmon County,1020
40,OK,059,Harper County,1710
40,OK,061,Haskell County,4660
40,OK,063,Hughes County,4780
40,OK,065,Jackson County,10810
40,OK,067,Jefferson County,2280
40,OK,069,Johnston County,4210
40,OK,071,Kay County,19350
40,OK,073,Kingfisher County,6850
40,OK,075,Kiowa County,3690
40,OK,077,Latimer County,4310
40,OK,079,Le Flore County,18070
40,OK,081,Lincoln County,13670
40,OK,083,Logan County,18000
40,OK,085,Love County,4160
40,OK,087,McClain County,16270
40,OK,089,McCurtain County,12690
40,OK,091,McIntosh County,7680
40,OK,093,Major County,3420
40,OK,095,Marshall County,6250
40,OK,097,Mayes County,16030
40,OK,099,Murray County,5670
40,OK,101,Muskogee County,27320
40,OK,103,Noble County,4850
40,OK,105,Nowata County,4260
40,OK,107,Okfuskee County,3980
40,OK,109,Oklahoma County,337960
40,OK,111,Okmulgee County,15280
40,OK,113,Osage County,17710
40,OK,115,Ottawa County,13140
40,OK,117,Pawnee County,6370
40,OK,119,Payne County,28900
40,OK,121,Pittsburg County,18290
40,OK,123,Pontotoc County,16260
40,OK,125,Pottawatomie County,28970
40,OK,127,Pushmataha County,4250
40,OK,129,Roger Mills County,1610
40,OK,131,Rogers County,39140
40,OK,133,Seminole County,9400
40,OK,135,Sequoyah County,15630
40,OK,137,Stephens County,18430
40,OK,139,Texas County,9920
40,OK,141,Tillman County,2990
40,OK,143,Tulsa County,283420
40,OK,145,Wagoner County,31570
40,OK,147,Washington County,23350
40,OK,149,Washita County,4750
40,OK,151,Woods County,3930
40,OK,153,Woodward County,9240
41,OR,000,Oregon,1792240
41,OR,001,Baker County,6890
41,OR,003,Benton County,36930
41,OR,005,Clackamas County,186450
41,OR,007,Clatsop County,17510
41,OR,009,Columbia County,21740
41,OR,011,Coos County,26630
41,OR,013,Crook County,9030
41,OR,015,Curry County,10360
41,OR,017,Deschutes County,80980
41,OR,019,Douglas County,44740
41,OR,021,Gilliam County,830
41,OR,023,Grant County,3000
41,OR,025,Harney County,2980
41,OR,027,Hood River County,11410
41,OR,029,Jackson County,95450
41,OR,031,Jefferson County,8980
41,OR,033,Josephine County,35100
41,OR,035,Klamath County,27040
41,OR,037,Lake County,3200
41,OR,039,Lane County,157980
41,OR,041,Lincoln County,21320
41,OR,043,Linn County,50540
41,OR,045,Malheur County,10700
41,OR,047,Marion County,137780
41,OR,049,Morrow County,4730
41,OR,051,Multnomah County,377000
41,OR,053,Polk County,32690
41,OR,055,Sherman County,890
41,OR,057,Tillamook County,11680
41,OR,059,Umatilla County,31210
41,OR,061,Union County,10980
41,OR,063,Wallowa County,3300
41,OR,065,Wasco County,10960
41,OR,067,Washington County,258170
41,OR,069,Wheeler County,570
41,OR,071,Yamhill County,42640
42,PA,000,Pennsylvania,6153180
42,PA,001,Adams County,50590
42,PA,003,Allegheny County,628740
42,PA,005,Armstrong County,32510
42,PA,007,Beaver County,86400
42,PA,009,Bedford County,22890
42,PA,011,Berks County,200370
42,PA,013,Blair County,59320
42,PA,015,Bradford County,28870
42,PA,017,Bucks County,326760
42,PA,019,Butler County,92950
42,PA,021,Cambria County,64470
42,PA,023,Cameron County,2460
42,PA,025,Carbon County,30740
42,PA,027,Centre County,58680
42,PA,029,Chester County,250620
42,PA,031,Clarion County,17230
42,PA,033,Clearfield County,36860
42,PA,035,Clinton County,17160
42,PA,037,Columbia County,29650
42,PA,039,Crawford County,38950
42,PA,041,Cumberland County,121730
42,PA,043,Dauphin County,139760
42,PA,045,Delaware County,274280
42,PA,047,Elk County,16550
42,PA,049,Erie County,130270
42,PA,051,Fayette County,61640
42,PA,053,Forest County,2320
42,PA,055,Franklin County,74840
42,PA,057,Fulton County,6970
42,PA,059,Greene County,16020
42,PA,061,Huntingdon County,19050
42,PA,063,Indiana County,36630
42,PA,065,Jefferson County,21370
42,PA,067,Juniata County,11030
42,PA,069,Lackawanna County,103180
42,PA,071,Lancaster County,258630
42,PA,073,Lawrence County,41970
42,PA,075,Lebanon County,67350
42,PA,077,Lehigh County,178400
42,PA,079,Luzerne County,156010
42,PA,081,Lycoming County,55850
42,PA,083,McKean County,19240
42,PA,085,Mercer County,53810
42,PA,087,Mifflin County,20830
42,PA,089,Monroe County,77190
42,PA,091,Montgomery County,415060
42,PA,093,Montour County,9120
42,PA,095,Northampton County,148760
42,PA,097,Northumberland County,43730
42,PA,099,Perry County,22440
42,PA,101,Philadelphia County,670430
42,PA,103,Pike County,26770
42,PA,105,Potter County,7710
42,PA,107,Schuylkill County,68040
42,PA,109,Snyder County,18060
42,PA,111,Somerset County,35150
42,PA,113,Sullivan County,2960
42,PA,115,Susquehanna County,20050
42,PA,117,Tioga County,18890
42,PA,119,Union County,17190
42,PA,121,Venango County,25110
42,PA,123,Warren County,19750
42,PA,125,Washington County,103370
42,PA,127,Wayne County,25000
42,PA,129,Westmoreland County,183360
42,PA,131,Wyoming County,13800
42,PA,133,York County,217500
44,RI,000,Rhode Island,517820
44,RI,001,Bristol County,23910
44,RI,003,Kent County,86570
44,RI,005,Newport County,42880
44,RI,007,Providence County,300480
44,RI,009,Washington County,63980
45,SC,000,South Carolina,2105880
45,SC,001,Abbeville County,9540
45,SC,003,Aiken County,71100
45,SC,005,Allendale County,3230
45,SC,007,Anderson County,81430
45,SC,009,Bamberg County,5440
45,SC,011,Barnwell County,8620
45,SC,013,Beaufort County,79390
45,SC,015,Berkeley County,87160
45,SC,017,Calhoun County,6310
45,SC,019,Charleston County,180760
45,SC,021,Cherokee County,22530
45,SC,023,Chester County,13640
45,SC,025,Chesterfield County,17620
45,SC,027,Clarendon County,13390
45,SC,029,Colleton County,16180
45,SC,031,Darlington County,27820
45,SC,033,Dillon County,12820
45,SC,035,Dorchester County,66060
45,SC,037,Edgefield County,10110
45,SC,039,Fairfield County,9860
45,SC,041,Florence County,59180
45,SC,043,Georgetown County,29010
45,SC,045,Greenville County,214910
45,SC,047,Greenwood County,29530
45,SC,049,Hampton County,7960
45,SC,051,Horry County,141950
45,SC,053,Jasper County,10500
45,SC,055,Kershaw County,27360
45,SC,057,Lancaster County,34690
45,SC,059,Laurens County,26990
45,SC,061,Lee County,7070
45,SC,063,Lexington County,124590
45,SC,065,McCormick County,3880
45,SC,067,Marion County,13590
45,SC,069,Marlboro County,10570
45,SC,071,Newberry County,16330
45,SC,073,Oconee County,31250
45,SC,075,Orangeburg County,37290
45,SC,077,Pickens County,47990
45,SC,079,Richland County,175050
45,SC,081,Saluda County,8540
45,SC,083,Spartanburg County,125640
45,SC,085,Sumter County,46900
45,SC,087,Union County,10970
45,SC,089,Williamsburg County,13340
45,SC,091,York County,108010
46,SD,000,South Dakota,411900
46,SD,003,Aurora County,1360
46,SD,005,Beadle County,8840
46,SD,007,Bennett County,1160
46,SD,009,Bon Homme County,2800
46,SD,011,Brookings County,13640
46,SD,013,Brown County,19160
46,SD,015,Brule County,2590
46,SD,017,Buffalo County,710
46,SD,019,Butte County,4800
46,SD,021,Campbell County,760
46,SD,023,Charles Mix County,3730
46,SD,025,Clark County,1740
46,SD,027,Clay County,5240
46,SD,029,Codington County,13890
46,SD,031,Corson County,1350
46,SD,033,Custer County,4150
46,SD,035,Davison County,9940
46,SD,037,Day County,2780
46,SD,039,Deuel County,2140
46,SD,041,Dewey County,2560
46,SD,043,Douglas County,1400
46,SD,045,Edmunds County,1810
46,SD,047,Fall River County,3430
46,SD,049,Faulk County,990
46,SD,051,Grant County,3830
46,SD,053,Gregory County,2050
46,SD,055,Haakon County,980
46,SD,057,Hamlin County,2570
46,SD,059,Hand County,1700
46,SD,061,Hanson County,2120
46,SD,063,Harding County,610
46,SD,065,Hughes County,9110
46,SD,067,Hutchinson County,3380
46,SD,069,Hyde County,680
46,SD,071,Jackson County,1120
46,SD,073,Jerauld County,870
46,SD,075,Jones County,530
46,SD,077,Kingsbury County,2720
46,SD,079,Lake County,6520
46,SD,081,Lawrence County,12580
46,SD,083,Lincoln County,24610
46,SD,085,Lyman County,1730
46,SD,087,McCook County,2680
46,SD,089,McPherson County,1040
46,SD,091,Marshall County,2100
46,SD,093,Meade County,12930
46,SD,095,Mellette County,710
46,SD,097,Miner County,1120
46,SD,099,Minnehaha County,95490
46,SD,101,Moody County,2990
46,SD,103,Pennington County,55350
46,SD,105,Perkins County,1400
46,SD,107,Potter County,1280
46,SD,109,Roberts County,4470
46,SD,111,Sanborn County,1140
46,SD,113,Shannon County,3930
46,SD,115,Spink County,3070
46,SD,117,Stanley County,1620
46,SD,119,Sully County,770
46,SD,121,Todd County,2920
46,SD,123,Tripp County,2690
46,SD,125,Turner County,4000
46,SD,127,Union County,7600
46,SD,129,Walworth County,2760
46,SD,135,Yankton County,10880
46,SD,137,Ziebach County,480
47,TN,000,Tennessee,2907840
47,TN,001,Anderson County,33540
47,TN,003,Bedford County,20100
47,TN,005,Benton County,6690
47,TN,007,Bledsoe County,4350
47,TN,009,Blount County,57060
47,TN,011,Bradley County,44960
47,TN,013,Campbell County,14610
47,TN,015,Cannon County,5880
47,TN,017,Carroll County,11460
47,TN,019,Carter County,22620
47,TN,021,Cheatham County,18410
47,TN,023,Chester County,6570
47,TN,025,Claiborne County,12020
47,TN,027,Clay County,2970
47,TN,029,Cocke County,14400
47,TN,031,Coffee County,23560
47,TN,033,Crockett County,6130
47,TN,035,Cumberland County,25690
47,TN,037,Davidson County,328930
47,TN,039,Decatur County,4580
47,TN,041,DeKalb County,7790
47,TN,043,Dickson County,22260
47,TN,045,Dyer County,16020
47,TN,047,Fayette County,18470
47,TN,049,Fentress County,6590
47,TN,051,Franklin County,17760
47,TN,053,Gibson County,21040
47,TN,055,Giles County,12320
47,TN,057,Grainger County,8870
47,TN,059,Greene County,28520
47,TN,061,Grundy County,5460
47,TN,063,Hamblen County,26950
47,TN,065,Hamilton County,160560
47,TN,067,Hancock County,2210
47,TN,069,Hardeman County,9980
47,TN,071,Hardin County,10480
47,TN,073,Hawkins County,22890
47,TN,075,Haywood County,8090
47,TN,077,Henderson County,11540
47,TN,079,Henry County,13890
47,TN,081,Hickman County,9200
47,TN,083,Houston County,3340
47,TN,085,Humphreys County,7840
47,TN,087,Jackson County,4310
47,TN,089,Jefferson County,21690
47,TN,091,Johnson County,6230
47,TN,093,Knox County,201400
47,TN,095,Lake County,2130
47,TN,097,Lauderdale County,9670
47,TN,099,Lawrence County,16280
47,TN,101,Lewis County,4720
47,TN,103,Lincoln County,14630
47,TN,105,Loudon County,23610
47,TN,107,McMinn County,21770
47,TN,109,McNairy County,10080
47,TN,111,Macon County,9310
47,TN,113,Madison County,43630
47,TN,115,Marion County,11820
47,TN,117,Marshall County,13810
47,TN,119,Maury County,39960
47,TN,121,Meigs County,4890
47,TN,123,Monroe County,18380
47,TN,125,Montgomery County,78610
47,TN,127,Moore County,2750
47,TN,129,Morgan County,7470
47,TN,131,Obion County,13730
47,TN,133,Overton County,8700
47,TN,135,Perry County,3000
47,TN,137,Pickett County,2040
47,TN,139,Polk County,6890
47,TN,141,Putnam County,30760
47,TN,143,Rhea County,13260
47,TN,145,Roane County,22350
47,TN,147,Robertson County,32110
47,TN,149,Rutherford County,130430
47,TN,151,Scott County,7630
47,TN,153,Sequatchie County,5920
47,TN,155,Sevier County,45090
47,TN,157,Shelby County,442430
47,TN,159,Smith County,8070
47,TN,161,Stewart County,5420
47,TN,163,Sullivan County,69450
47,TN,165,Sumner County,78880
47,TN,167,Tipton County,26300
47,TN,169,Trousdale County,3560
47,TN,171,Unicoi County,7280
47,TN,173,Union County,7090
47,TN,175,Van Buren County,2240
47,TN,177,Warren County,16630
47,TN,179,Washington County,54730
47,TN,181,Wayne County,5690
47,TN,183,Weakley County,12830
47,TN,185,White County,10480
47,TN,187,Williamson County,93190
47,TN,189,Wilson County,58330
48,TX,000,Texas,11886920
48,TX,001,Anderson County,19120
48,TX,003,Andrews County,7360
48,TX,005,Angelina County,36680
48,TX,007,Aransas County,11590
48,TX,009,Archer County,4040
48,TX,011,Armstrong County,840
48,TX,013,Atascosa County,19940
48,TX,015,Austin County,13770
48,TX,017,Bailey County,2830
48,TX,019,Bandera County,9300
48,TX,021,Bastrop County,33260
48,TX,023,Baylor County,1510
48,TX,025,Bee County,11110
48,TX,027,Bell County,141230
48,TX,029,Bexar County,822920
48,TX,031,Blanco County,5040
48,TX,033,Borden County,250
48,TX,035,Bosque County,7490
48,TX,037,Bowie County,40230
48,TX,039,Brazoria County,143080
48,TX,041,Brazos County,75490
48,TX,043,Brewster County,4350
48,TX,045,Briscoe County,650
48,TX,047,Brooks County,3040
48,TX,049,Brown County,15610
48,TX,051,Burleson County,8020
48,TX,053,Burnet County,20670
48,TX,055,Caldwell County,16530
48,TX,057,Calhoun County,9700
48,TX,059,Callahan County,5750
48,TX,061,Cameron County,159230
48,TX,063,Camp County,5270
48,TX,065,Carson County,2590
48,TX,067,Cass County,12680
48,TX,069,Castro County,2980
48,TX,071,Chambers County,17920
48,TX,073,Cherokee County,20010
48,TX,075,Childress County,2520
48,TX,077,Clay County,4600
48,TX,079,Cochran County,1200
48,TX,081,Coke County,1450
48,TX,083,Coleman County,3590
48,TX,085,Collin County,395180
48,TX,087,Collingsworth County,1260
48,TX,089,Colorado County,9620
48,TX,091,Comal County,59260
48,TX,093,Comanche County,5610
48,TX,095,Concho County,1030
48,TX,097,Cooke County,17640
48,TX,099,Coryell County,26480
48,TX,101,Cottle County,650
48,TX,103,Crane County,2070
48,TX,105,Crockett County,1710
48,TX,107,Crosby County,2390
48,TX,109,Culberson County,1090
48,TX,111,Dallam County,3290
48,TX,113,Dallas County,1143270
48,TX,115,Dawson County,5060
48,TX,117,Deaf Smith County,8000
48,TX,119,Delta County,2080
48,TX,121,Denton County,336710
48,TX,123,DeWitt County,8550
48,TX,125,Dickens County,820
48,TX,127,Dimmit County,4410
48,TX,129,Donley County,1510
48,TX,131,Duval County,4800
48,TX,133,Eastland County,7330
48,TX,135,Ector County,68010
48,TX,137,Edwards County,790
48,TX,139,Ellis County,70670
48,TX,141,El Paso County,351950
48,TX,143,Erath County,15080
48,TX,145,Falls County,6390
48,TX,147,Fannin County,13170
48,TX,149,Fayette County,11520
48,TX,151,Fisher County,1600
48,TX,153,Floyd County,2510
48,TX,155,Foard County,560
48,TX,157,Fort Bend County,296840
48,TX,159,Franklin County,4220
48,TX,161,Freestone County,7920
48,TX,163,Frio County,6450
48,TX,165,Gaines County,7160
48,TX,167,Galveston County,144810
48,TX,169,Garza County,1920
48,TX,171,Gillespie County,12950
48,TX,173,Glasscock County,600
48,TX,175,Goliad County,3190
48,TX,177,Gonzales County,8770
48,TX,179,Gray County,9370
48,TX,181,Grayson County,54770
48,TX,183,Gregg County,56290
48,TX,185,Grimes County,11170
48,TX,187,Guadalupe County,66890
48,TX,189,Hale County,13560
48,TX,191,Hall County,1280
48,TX,193,Hamilton County,3620
48,TX,195,Hansford County,2360
48,TX,197,Hardeman County,1650
48,TX,199,Hardin County,23770
48,TX,201,Harris County,1955830
48,TX,203,Harrison County,28830
48,TX,205,Hartley County,1870
48,TX,207,Haskell County,2240
48,TX,209,Hays County,78890
48,TX,211,Hemphill County,1900
48,TX,213,Henderson County,32330
48,TX,215,Hidalgo County,298030
48,TX,217,Hill County,14530
48,TX,219,Hockley County,9600
48,TX,221,Hood County,24600
48,TX,223,Hopkins County,15140
48,TX,225,Houston County,8290
48,TX,227,Howard County,13680
48,TX,229,Hudspeth County,1330
48,TX,231,Hunt County,36640
48,TX,233,Hutchinson County,9390
48,TX,235,Irion County,800
48,TX,237,Jack County,3320
48,TX,239,Jackson County,6570
48,TX,241,Jasper County,14160
48,TX,243,Jeff Davis County,1010
48,TX,245,Jefferson County,107390
48,TX,247,Jim Hogg County,2130
48,TX,249,Jim Wells County,17800
48,TX,251,Johnson County,68870
48,TX,253,Jones County,6320
48,TX,255,Karnes County,5920
48,TX,257,Kaufman County,48990
48,TX,259,Kendall County,19000
48,TX,261,Kenedy County,170
48,TX,263,Kent County,340
48,TX,265,Kerr County,24110
48,TX,267,Kimble County,2070
48,TX,269,King County,130
48,TX,271,Kinney County,1270
48,TX,273,Kleberg County,13090
48,TX,275,Knox County,1550
48,TX,277,Lamar County,20860
48,TX,279,Lamb County,5510
48,TX,281,Lampasas County,8980
48,TX,283,La Salle County,2550
48,TX,285,Lavaca County,9370
48,TX,287,Lee County,7710
48,TX,289,Leon County,7550
48,TX,291,Liberty County,30480
48,TX,293,Limestone County,9420
48,TX,295,Lipscomb County,1550
48,TX,297,Live Oak County,4880
48,TX,299,Llano County,8350
48,TX,301,Loving County,30
48,TX,303,Lubbock County,124350
48,TX,305,Lynn County,2490
48,TX,307,McCulloch County,3610
48,TX,309,McLennan County,102730
48,TX,311,McMullen County,450
48,TX,313,Madison County,5120
48,TX,315,Marion County,4090
48,TX,317,Martin County,2260
48,TX,319,Mason County,1890
48,TX,321,Matagorda County,15920
48,TX,323,Maverick County,24650
48,TX,325,Medina County,19320
48,TX,327,Menard County,910
48,TX,329,Midland County,72610
48,TX,331,Milam County,10340
48,TX,333,Mills County,2070
48,TX,335,Mitchell County,3070
48,TX,337,Montague County,8520
48,TX,339,Montgomery County,225990
48,TX,341,Moore County,9520
48,TX,343,Morris County,5400
48,TX,345,Motley County,470
48,TX,347,Nacogdoches County,25200
48,TX,349,Navarro County,20100
48,TX,351,Newton County,4920
48,TX,353,Nolan County,6560
48,TX,355,Nueces County,155560
48,TX,357,Ochiltree County,4620
48,TX,359,Oldham County,880
48,TX,361,Orange County,36380
48,TX,363,Palo Pinto County,11780
48,TX,365,Panola County,10010
48,TX,367,Parker County,55590
48,TX,369,Parmer County,4220
48,TX,371,Pecos County,6100
48,TX,373,Polk County,21970
48,TX,375,Potter County,51570
48,TX,377,Presidio County,3580
48,TX,379,Rains County,4280
48,TX,381,Randall County,58930
48,TX,383,Reagan County,1680
48,TX,385,Real County,1550
48,TX,387,Red River County,5310
48,TX,389,Reeves County,4870
48,TX,391,Refugio County,3500
48,TX,393,Roberts County,390
48,TX,395,Robertson County,7370
48,TX,397,Rockwall County,38610
48,TX,399,Runnels County,4630
48,TX,401,Rusk County,20880
48,TX,403,Sabine County,4200
48,TX,405,San Augustine County,3380
48,TX,407,San Jacinto County,10010
48,TX,409,San Patricio County,31020
48,TX,411,San Saba County,2380
48,TX,413,Schleicher County,1240
48,TX,415,Scurry County,7080
48,TX,417,Shackelford County,1490
48,TX,419,Shelby County,10350
48,TX,421,Sherman County,1080
48,TX,423,Smith County,96220
48,TX,425,Somervell County,3720
48,TX,427,Starr County,23720
48,TX,429,Stephens County,3680
48,TX,431,Sterling County,590
48,TX,433,Stonewall County,640
48,TX,435,Sutton County,1830
48,TX,437,Swisher County,2890
48,TX,439,Tarrant County,880900
48,TX,441,Taylor County,60310
48,TX,443,Terrell County,410
48,TX,445,Terry County,4860
48,TX,447,Throckmorton County,700
48,TX,449,Titus County,13560
48,TX,451,Tom Green County,51970
48,TX,453,Travis County,707510
48,TX,455,Trinity County,5670
48,TX,457,Tyler County,7440
48,TX,459,Upshur County,16050
48,TX,461,Upton County,1530
48,TX,463,Uvalde County,11890
48,TX,465,Val Verde County,20590
48,TX,467,Van Zandt County,21600
48,TX,469,Victoria County,42080
48,TX,471,Walker County,23130
48,TX,473,Waller County,18190
48,TX,475,Ward County,5070
48,TX,477,Washington County,15920
48,TX,479,Webb County,107510
48,TX,481,Wharton County,19130
48,TX,483,Wheeler County,2510
48,TX,485,Wichita County,54150
48,TX,487,Wilbarger County,5680
48,TX,489,Willacy County,7310
48,TX,491,Williamson County,218800
48,TX,493,Wilson County,19950
48,TX,495,Winkler County,3250
48,TX,497,Wise County,26470
48,TX,499,Wood County,17800
48,TX,501,Yoakum County,3540
48,TX,503,Young County,8010
48,TX,505,Zapata County,5150
48,TX,507,Zavala County,4690
49,UT,000,Utah,1196400
49,UT,001,Beaver County,2600
49,UT,003,Box Elder County,20660
49,UT,005,Cache County,44220
49,UT,007,Carbon County,7990
49,UT,009,Daggett County,430
49,UT,011,Davis County,134100
49,UT,013,Duchesne County,7900
49,UT,015,Emery County,3980
49,UT,017,Garfield County,2100
49,UT,019,Grand County,4730
49,UT,021,Iron County,17080
49,UT,023,Juab County,3900
49,UT,025,Kane County,3000
49,UT,027,Millard County,4820
49,UT,029,Morgan County,4250
49,UT,031,Piute County,500
49,UT,033,Rich County,890
49,UT,035,Salt Lake County,480600
49,UT,037,San Juan County,4150
49,UT,039,Sanpete County,8850
49,UT,041,Sevier County,7910
49,UT,043,Summit County,20710
49,UT,045,Tooele County,23900
49,UT,047,Uintah County,13810
49,UT,049,Utah County,200610
49,UT,051,Wasatch County,11070
49,UT,053,Washington County,58840
49,UT,055,Wayne County,1090
49,UT,057,Weber County,101850
50,VT,000,Vermont,321470
50,VT,001,Addison County,18520
50,VT,003,Bennington County,18500
50,VT,005,Caledonia County,14570
50,VT,007,Chittenden County,82670
50,VT,009,Essex County,2880
50,VT,011,Franklin County,24090
50,VT,013,Grand Isle County,3890
50,VT,015,Lamoille County,13320
50,VT,017,Orange County,14760
50,VT,019,Orleans County,13400
50,VT,021,Rutland County,31170
50,VT,023,Washington County,30750
50,VT,025,Windham County,22660
50,VT,027,Windsor County,30360
51,VA,000,Virginia,3834510
51,VA,001,Accomack County,15980
51,VA,003,Albemarle County,47250
51,VA,005,Alleghany County,6900
51,VA,007,Amelia County,5960
51,VA,009,Amherst County,14020
51,VA,011,Appomattox County,6850
51,VA,013,Arlington County,121400
51,VA,015,Augusta County,34190
51,VA,017,Bath County,2250
51,VA,019,Bedford County,35300
51,VA,021,Bland County,2600
51,VA,023,Botetourt County,16090
51,VA,025,Brunswick County,6480
51,VA,027,Buchanan County,7990
51,VA,029,Buckingham County,6150
51,VA,031,Campbell County,24840
51,VA,033,Caroline County,13720
51,VA,035,Carroll County,11950
51,VA,036,Charles City County,3530
51,VA,037,Charlotte County,5070
51,VA,041,Chesterfield County,159480
51,VA,043,Clarke County,6990
51,VA,045,Craig County,2210
51,VA,047,Culpeper County,21710
51,VA,049,Cumberland County,4230
51,VA,051,Dickenson County,5070
51,VA,053,Dinwiddie County,12660
51,VA,057,Essex County,5330
51,VA,059,Fairfax County,543230
51,VA,061,Fauquier County,33170
51,VA,063,Floyd County,6660
51,VA,065,Fluvanna County,11720
51,VA,067,Franklin County,23450
51,VA,069,Frederick County,38610
51,VA,071,Giles County,7360
51,VA,073,Gloucester County,18230
51,VA,075,Goochland County,10410
51,VA,077,Grayson County,6130
51,VA,079,Greene County,8660
51,VA,081,Greensville County,3670
51,VA,083,Halifax County,14880
51,VA,085,Hanover County,50080
51,VA,087,Henrico County,158970
51,VA,089,Henry County,22070
51,VA,091,Highland County,1070
51,VA,093,Isle of Wight County,17270
51,VA,095,James City County,35780
51,VA,097,King and Queen County,3180
51,VA,099,King George County,11250
51,VA,101,King William County,7960
51,VA,103,Lancaster County,5820
51,VA,105,Lee County,7750
51,VA,107,Loudoun County,165280
51,VA,109,Louisa County,15230
51,VA,111,Lunenburg County,4830
51,VA,113,Madison County,6000
51,VA,115,Mathews County,4180
51,VA,117,Mecklenburg County,13370
51,VA,119,Middlesex County,5220
51,VA,121,Montgomery County,34240
51,VA,125,Nelson County,7230
51,VA,127,New Kent County,9780
51,VA,131,Northampton County,5760
51,VA,133,Northumberland County,5970
51,VA,135,Nottoway County,6250
51,VA,137,Orange County,16340
51,VA,139,Page County,10620
51,VA,141,Patrick County,7310
51,VA,143,Pittsylvania County,26580
51,VA,145,Powhatan County,12770
51,VA,147,Prince Edward County,7800
51,VA,149,Prince George County,15100
51,VA,153,Prince William County,205320
51,VA,155,Pulaski County,14430
51,VA,157,Rappahannock County,3610
51,VA,159,Richmond County,3380
51,VA,161,Roanoke County,45790
51,VA,163,Rockbridge County,9900
51,VA,165,Rockingham County,35880
51,VA,167,Russell County,10060
51,VA,169,Scott County,8320
51,VA,171,Shenandoah County,20260
51,VA,173,Smyth County,12840
51,VA,175,Southampton County,7630
51,VA,177,Spotsylvania County,59370
51,VA,179,Stafford County,62320
51,VA,181,Surry County,3180
51,VA,183,Sussex County,4390
51,VA,185,Tazewell County,16440
51,VA,187,Warren County,18070
51,VA,191,Washington County,22580
51,VA,193,Westmoreland County,8380
51,VA,195,Wise County,13960
51,VA,197,Wythe County,12630
51,VA,199,York County,31480
51,VA,510,Alexandria city,82260
51,VA,515,Bedford city,0
51,VA,520,Bristol city,7200
51,VA,530,Buena Vista city,2780
51,VA,540,Charlottesville city,19590
51,VA,550,Chesapeake city,109560
51,VA,570,Colonial Heights city,9000
51,VA,580,Covington city,2820
51,VA,590,Danville city,18250
51,VA,595,Emporia city,2570
51,VA,600,Fairfax city,12240
51,VA,610,Falls Church city,6260
51,VA,620,Franklin city,3830
51,VA,630,Fredericksburg city,12400
51,VA,640,Galax city,2950
51,VA,650,Hampton city,65200
51,VA,660,Harrisonburg city,17140
51,VA,670,Hopewell city,10300
51,VA,678,Lexington city,2410
51,VA,680,Lynchburg city,31050
51,VA,683,Manassas city,20490
51,VA,685,Manassas Park city,7380
51,VA,690,Martinsville city,6100
51,VA,700,Newport News city,85410
51,VA,710,Norfolk city,103500
51,VA,720,Norton city,1730
51,VA,730,Petersburg city,16510
51,VA,735,Poquoson city,5970
51,VA,740,Portsmouth city,45790
51,VA,750,Radford city,5190
51,VA,760,Richmond city,98100
51,VA,770,Roanoke city,46600
51,VA,775,Salem city,11750
51,VA,790,Staunton city,11650
51,VA,800,Suffolk city,39150
51,VA,810,Virginia Beach city,219580
51,VA,820,Waynesboro city,10230
51,VA,830,Williamsburg city,5180
51,VA,840,Winchester city,13320
53,WA,000,Washington,3292800
53,WA,001,Adams County,8190
53,WA,003,Asotin County,9900
53,WA,005,Benton County,81830
53,WA,007,Chelan County,36050
53,WA,009,Clallam County,33750
53,WA,011,Clark County,203390
53,WA,013,Columbia County,1740
53,WA,015,Cowlitz County,44080
53,WA,017,Douglas County,18010
53,WA,019,Ferry County,2740
53,WA,021,Franklin County,35270
53,WA,023,Garfield County,970
53,WA,025,Grant County,39810
53,WA,027,Grays Harbor County,28890
53,WA,029,Island County,38170
53,WA,031,Jefferson County,15360
53,WA,033,King County,1039880
53,WA,035,Kitsap County,117740
53,WA,037,Kittitas County,17420
53,WA,039,Klickitat County,9460
53,WA,041,Lewis County,32440
53,WA,043,Lincoln County,4560
53,WA,045,Mason County,25610
53,WA,047,Okanogan County,18050
53,WA,049,Pacific County,9300
53,WA,051,Pend Oreille County,5250
53,WA,053,Pierce County,382420
53,WA,055,San Juan County,8590
53,WA,057,Skagit County,56280
53,WA,059,Skamania County,4700
53,WA,061,Snohomish County,356750
53,WA,063,Spokane County,217580
53,WA,065,Stevens County,17800
53,WA,067,Thurston County,125750
53,WA,069,Wahkiakum County,1730
53,WA,071,Walla Walla County,25100
53,WA,073,Whatcom County,95940
53,WA,075,Whitman County,16410
53,WA,077,Yakima County,106030
54,WV,000,West Virginia,784250
54,WV,001,Barbour County,6460
54,WV,003,Berkeley County,50500
54,WV,005,Boone County,8590
54,WV,007,Braxton County,5400
54,WV,009,Brooke County,10760
54,WV,011,Cabell County,40560
54,WV,013,Calhoun County,2610
54,WV,015,Clay County,3240
54,WV,017,Doddridge County,2860
54,WV,019,Fayette County,17480
54,WV,021,Gilmer County,2600
54,WV,023,Grant County,4990
54,WV,025,Greenbrier County,15330
54,WV,027,Hampshire County,9690
54,WV,029,Hancock County,15020
54,WV,031,Hardy County,6320
54,WV,033,Harrison County,31780
54,WV,035,Jackson County,12120
54,WV,037,Jefferson County,25240
54,WV,039,Kanawha County,89020
54,WV,041,Lewis County,7850
54,WV,043,Lincoln County,7530
54,WV,045,Logan County,12660
54,WV,047,McDowell County,6110
54,WV,049,Marion County,25910
54,WV,051,Marshall County,14680
54,WV,053,Mason County,10220
54,WV,055,Mercer County,24750
54,WV,057,Mineral County,12550
54,WV,059,Mingo County,8680
54,WV,061,Monongalia County,41140
54,WV,063,Monroe County,5590
54,WV,065,Morgan County,7720
54,WV,067,Nicholas County,10270
54,WV,069,Ohio County,21180
54,WV,071,Pendleton County,3230
54,WV,073,Pleasants County,3200
54,WV,075,Pocahontas County,3780
54,WV,077,Preston County,13780
54,WV,079,Putnam County,25680
54,WV,081,Raleigh County,31770
54,WV,083,Randolph County,12400
54,WV,085,Ritchie County,4230
54,WV,087,Roane County,5480
54,WV,089,Summers County,4510
54,WV,091,Taylor County,7370
54,WV,093,Tucker County,3200
54,WV,095,Tyler County,3870
54,WV,097,Upshur County,9960
54,WV,099,Wayne County,15500
54,WV,101,Webster County,3080
54,WV,103,Wetzel County,7150
54,WV,105,Wirt County,2240
54,WV,107,Wood County,39180
54,WV,109,Wyoming County,7470
55,WI,000,Wisconsin,2798200
55,WI,001,Adams County,9020
55,WI,003,Ashland County,7490
55,WI,005,Barron County,22460
55,WI,007,Bayfield County,7700
55,WI,009,Brown County,126000
55,WI,011,Buffalo County,6620
55,WI,013,Burnett County,7700
55,WI,015,Calumet County,23690
55,WI,017,Chippewa County,30200
55,WI,019,Clark County,14860
55,WI,021,Columbia County,29490
55,WI,023,Crawford County,7840
55,WI,025,Dane County,257280
55,WI,027,Dodge County,42320
55,WI,029,Door County,15470
55,WI,031,Douglas County,20600
55,WI,033,Dunn County,18730
55,WI,035,Eau Claire County,47300
55,WI,037,Florence County,2210
55,WI,039,Fond du Lac County,50110
55,WI,041,Forest County,4240
55,WI,043,Grant County,22460
55,WI,045,Green County,18570
55,WI,047,Green Lake County,9270
55,WI,049,Iowa County,11700
55,WI,051,Iron County,3040
55,WI,053,Jackson County,9620
55,WI,055,Jefferson County,40280
55,WI,057,Juneau County,12130
55,WI,059,Kenosha County,78950
55,WI,061,Kewaunee County,10000
55,WI,063,La Crosse County,55120
55,WI,065,Lafayette County,8210
55,WI,067,Langlade County,9560
55,WI,069,Lincoln County,14000
55,WI,071,Manitowoc County,39930
55,WI,073,Marathon County,66360
55,WI,075,Marinette County,20260
55,WI,077,Marquette County,7520
55,WI,078,Menominee County,1720
55,WI,079,Milwaukee County,450140
55,WI,081,Monroe County,21230
55,WI,083,Oconto County,18190
55,WI,085,Oneida County,19360
55,WI,087,Outagamie County,91340
55,WI,089,Ozaukee County,45300
55,WI,091,Pepin County,3470
55,WI,093,Pierce County,18700
55,WI,095,Polk County,21420
55,WI,097,Portage County,33210
55,WI,099,Price County,6980
55,WI,101,Racine County,94730
55,WI,103,Richland County,7860
55,WI,105,Rock County,77390
55,WI,107,Rusk County,6600
55,WI,109,St. Croix County,41670
55,WI,111,Sauk County,32840
55,WI,113,Sawyer County,8260
55,WI,115,Shawano County,19550
55,WI,117,Sheboygan County,57740
55,WI,119,Taylor County,8990
55,WI,121,Trempealeau County,15140
55,WI,123,Vernon County,13300
55,WI,125,Vilas County,11340
55,WI,127,Walworth County,48690
55,WI,129,Washburn County,8120
55,WI,131,Washington County,68160
55,WI,133,Waukesha County,203530
55,WI,135,Waupaca County,25280
55,WI,137,Waushara County,11130
55,WI,139,Winnebago County,81680
55,WI,141,Wood County,37000
56,WY,000,Wyoming,283780
56,WY,001,Albany County,16190
56,WY,003,Big Horn County,5080
56,WY,005,Campbell County,23110
56,WY,007,Carbon County,7490
56,WY,009,Converse County,6940
56,WY,011,Crook County,3420
56,WY,013,Fremont County,18720
56,WY,015,Goshen County,6070
56,WY,017,Hot Springs County,2400
56,WY,019,Johnson County,4380
56,WY,021,Laramie County,48500
56,WY,023,Lincoln County,8180
56,WY,025,Natrona County,40660
56,WY,027,Niobrara County,1160
56,WY,029,Park County,15190
56,WY,031,Platte County,4360
56,WY,033,Sheridan County,15190
56,WY,035,Sublette County,4530
56,WY,037,Sweetwater County,21200
56,WY,039,Teton County,14420
56,WY,041,Uinta County,9370
56,WY,043,Washakie County,3970
56,WY,045,Weston County,3380
"** - Not shown to avoid disclosure of information 
about specifictaxpayers.  However, the data have been  
combined with data in another county, 
as appropriate, and included in the appropriate totals.",,,,
"[1] The State and County Federal Information Processing System (FIPS) 
Codes used for these statistics were derived from the 
U.S. Census Bureau.  A complete list of codes can be obtained from",,,,
http://www.census.gov/popest/geographic/codes02.html,,,,
[2] Less deficit.,,,,
"[3] ""Qualified dividends"" are ordinary dividends received 
in tax years beginning after 2002 that meet certain 
conditions and receive preferential tax rates. 
The maximum qualified dividends tax rate is 15%.",,,,
"[4] Includes the Alaskan permanent fund, reported by 
residents of Alaska on Forms 1040A and 1040EZ's.  
This fund only applies to statistics in the totals, and the 
state of Alaska.",,,,
"[5] ""Earned income credit"" includes both the refundable 
and non-refundable portions.  The non-refundable portion 
could reduce income tax and certain related taxes to zero. 
The earned income credit amounts in excess of total tax 
liability, or amounts when there was no tax liability at all, 
were refundable.  See footnote 6 below for explanation 
of the refundable portion of the earned income credit.",,,,
"[6] The refundable portion of the ""earned income credit"" 
equals ""total income tax"" minus the ""earned income credit.""  
If the result is negative, this amount is considered the 
refundable portion.  No other refundable credits were 
taken into account for this calculation.",,,,
"[7]  ""Income tax"" reflects the amount reported on 
Form 1040 line 55.  It also includes data from 
Form 1040A and 1040EZ filers.  ",,,,
"[8] ""Total tax liability"" differs from ""Income tax,"" in that
""Total tax liability"" includes the taxes from recapture of 
certain prior-year credits, tax applicable to individual 
retirement arrangements (IRA's), social security taxes 
on self-employment income and on certain tip income, 
advanced earned income payments, household
employment taxes, and certain ""other taxes"" listed 
in the Form 1040 instructions.",,,,
"[9] Reflects payments to or withholdings made to 
""Total tax liability"".  This is the amount the tax filer 
owes when the income tax return is filed.",,,,
"[10]  The amount of overpayments the tax filer requested to 
have refunded. ",,,,
"[11]  Total is for all 50 states, plus the District of Columbia. 
Other areas, such as returns filed from Army Post Office and 
Fleet Post Office addresses by members of the armed forces 
stationed overseas; returns filed by other U.S. citizens abroad; 
and returns filed by residents of Puerto Rico with income from 
sources outside Puerto Rico or with income earned as 
U.S. government employees; have not been included. ",,,,
"NOTE: This table presents aggregates of all returns filed and
processed through the Individual Master File (IMF) system 
during Calendar Year 2014, including any returns filed for 
tax years preceding 2013.",,,,
"In general, during administrative or Master File processing, taxpayer
reporting discrepancies are corrected only to the extent necessary to
verify the total tax liability reported.  Most of the other corrections to
the taxpayer records used for these statistics could not be made
because of time and resource constraints.  The statistics in the 
county data should, therefore, be used with the knowledge that 
some of the data have not been perfected or edited for statistical 
purposes and that State totals in this table may not be altogether 
comparable to other State totals published by the IRS, 
Statistics of Income Division. ",,,,
Detail may not add to totals because of rounding.,,,,
"SOURCE: IRS, Statistics of Income Division, 
Individual Master File System, August 2015.",,,,