State FIPS code,State,County FIPS code,County name,Number of returns
00,US,000,Total [12],"147,036,250"
01,AL,000,Alabama,2046400
01,AL,001,Autauga County,23820
01,AL,003,Baldwin County,90890
01,AL,005,Barbour County,9730
01,AL,007,Bibb County,7980
01,AL,009,Blount County,21900
01,AL,011,Bullock County,3820
01,AL,013,Butler County,8320
01,AL,015,Calhoun County,48040
01,AL,017,Chambers County,14690
01,AL,019,Cherokee County,9180
01,AL,021,Chilton County,17430
01,AL,023,Choctaw County,5230
01,AL,025,Clarke County,10280
01,AL,027,Clay County,5460
01,AL,029,Cleburne County,5700
01,AL,031,Coffee County,21010
01,AL,033,Colbert County,23690
01,AL,035,Conecuh County,4910
01,AL,037,Coosa County,4000
01,AL,039,Covington County,15010
01,AL,041,Crenshaw County,5760
01,AL,043,Cullman County,33260
01,AL,045,Dale County,20080
01,AL,047,Dallas County,16500
01,AL,049,DeKalb County,26820
01,AL,051,Elmore County,34760
01,AL,053,Escambia County,14360
01,AL,055,Etowah County,41710
01,AL,057,Fayette County,6250
01,AL,059,Franklin County,12320
01,AL,061,Geneva County,10220
01,AL,063,Greene County,3480
01,AL,065,Hale County,6390
01,AL,067,Henry County,7050
01,AL,069,Houston County,44650
01,AL,071,Jackson County,21140
01,AL,073,Jefferson County,295560
01,AL,075,Lamar County,5290
01,AL,077,Lauderdale County,38140
01,AL,079,Lawrence County,13540
01,AL,081,Lee County,61750
01,AL,083,Limestone County,37590
01,AL,085,Lowndes County,4960
01,AL,087,Macon County,8180
01,AL,089,Madison County,163260
01,AL,091,Marengo County,8350
01,AL,093,Marion County,10760
01,AL,095,Marshall County,39280
01,AL,097,Mobile County,176120
01,AL,099,Monroe County,8330
01,AL,101,Montgomery County,100620
01,AL,103,Morgan County,52650
01,AL,105,Perry County,3740
01,AL,107,Pickens County,7530
01,AL,109,Pike County,12620
01,AL,111,Randolph County,8970
01,AL,113,Russell County,23780
01,AL,115,St. Clair County,35230
01,AL,117,Shelby County,92570
01,AL,119,Sumter County,5100
01,AL,121,Talladega County,32740
01,AL,123,Tallapoosa County,17270
01,AL,125,Tuscaloosa County,81530
01,AL,127,Walker County,25260
01,AL,129,Washington County,6620
01,AL,131,Wilcox County,4480
01,AL,133,Winston County,9040
02,AK,000,Alaska,361110
02,AK,013,Aleutians East Borough,1000
02,AK,016,Aleutians West Census Area,2330
02,AK,020,Anchorage Municipality,154390
02,AK,050,Bethel Census Area,7050
02,AK,060,Bristol Bay Borough,530
02,AK,068,Denali Borough,1150
02,AK,070,Dillingham Census Area,2390
02,AK,090,Fairbanks North Star Borough,48140
02,AK,100,Haines Borough,1360
02,AK,105,Hoonah-Angoon Census Area,1020
02,AK,110,Juneau City and Borough,17540
02,AK,122,Kenai Peninsula Borough,29020
02,AK,130,Ketchikan Gateway Borough,7250
02,AK,150,Kodiak Island Borough,7020
02,AK,158,Kusilvak Census Area,3260
02,AK,164,Lake and Peninsula Borough,750
02,AK,170,Matanuska-Susitna Borough,44140
02,AK,180,Nome Census Area,3820
02,AK,185,North Slope Borough,3860
02,AK,188,Northwest Arctic Borough,2570
02,AK,195,Petersburg Census Area,2000
02,AK,198,Prince of Wales-Hyder Census Area,2430
02,AK,220,Sitka City and Borough,4730
02,AK,230,Skagway Municipality,770
02,AK,240,Southeast Fairbanks Census Area,3240
02,AK,261,Valdez-Cordova Census Area,5160
02,AK,275,Wrangell City and Borough,1190
02,AK,282,Yakutat City and Borough,290
02,AK,290,Yukon-Koyukuk Census Area,2840
04,AZ,000,Arizona,2844970
04,AZ,001,Apache County,23880
04,AZ,003,Cochise County,52000
04,AZ,005,Coconino County,58640
04,AZ,007,Gila County,21240
04,AZ,009,Graham County,11530
04,AZ,011,Greenlee County,3480
04,AZ,012,La Paz County,6520
04,AZ,013,Maricopa County,1780700
04,AZ,015,Mohave County,79020
04,AZ,017,Navajo County,37850
04,AZ,019,Pima County,434040
04,AZ,021,Pinal County,133500
04,AZ,023,Santa Cruz County,19610
04,AZ,025,Yavapai County,100270
04,AZ,027,Yuma County,82770
05,AR,000,Arkansas,1223070
05,AR,001,Arkansas County,8030
05,AR,003,Ashley County,8400
05,AR,005,Baxter County,17680
05,AR,007,Benton County,105520
05,AR,009,Boone County,15220
05,AR,011,Bradley County,4330
05,AR,013,Calhoun County,1910
05,AR,015,Carroll County,12120
05,AR,017,Chicot County,4090
05,AR,019,Clark County,8470
05,AR,021,Clay County,5970
05,AR,023,Cleburne County,10410
05,AR,025,Cleveland County,3200
05,AR,027,Columbia County,9210
05,AR,029,Conway County,8470
05,AR,031,Craighead County,41540
05,AR,033,Crawford County,23800
05,AR,035,Crittenden County,21180
05,AR,037,Cross County,7290
05,AR,039,Dallas County,2920
05,AR,041,Desha County,4960
05,AR,043,Drew County,7140
05,AR,045,Faulkner County,48870
05,AR,047,Franklin County,6730
05,AR,049,Fulton County,4330
05,AR,051,Garland County,43040
05,AR,053,Grant County,7320
05,AR,055,Greene County,17260
05,AR,057,Hempstead County,8600
05,AR,059,Hot Spring County,12360
05,AR,061,Howard County,5500
05,AR,063,Independence County,14610
05,AR,065,Izard County,4570
05,AR,067,Jackson County,5820
05,AR,069,Jefferson County,30130
05,AR,071,Johnson County,9740
05,AR,073,Lafayette County,2590
05,AR,075,Lawrence County,6160
05,AR,077,Lee County,3020
05,AR,079,Lincoln County,3980
05,AR,081,Little River County,4960
05,AR,083,Logan County,8460
05,AR,085,Lonoke County,29470
05,AR,087,Madison County,6200
05,AR,089,Marion County,6300
05,AR,091,Miller County,17530
05,AR,093,Mississippi County,17330
05,AR,095,Monroe County,3070
05,AR,097,Montgomery County,3140
05,AR,099,Nevada County,3430
05,AR,101,Newton County,2860
05,AR,103,Ouachita County,9740
05,AR,105,Perry County,4000
05,AR,107,Phillips County,7460
05,AR,109,Pike County,4140
05,AR,111,Poinsett County,9000
05,AR,113,Polk County,7640
05,AR,115,Pope County,25260
05,AR,117,Prairie County,3310
05,AR,119,Pulaski County,182160
05,AR,121,Randolph County,6730
05,AR,123,St. Francis County,9170
05,AR,125,Saline County,50040
05,AR,127,Scott County,4020
05,AR,129,Searcy County,2890
05,AR,131,Sebastian County,53660
05,AR,133,Sevier County,6100
05,AR,135,Sharp County,6300
05,AR,137,Stone County,4570
05,AR,139,Union County,17570
05,AR,141,Van Buren County,6490
05,AR,143,Washington County,92890
05,AR,145,White County,30220
05,AR,147,Woodruff County,2640
05,AR,149,Yell County,8200
06,CA,000,California,17410120
06,CA,001,Alameda County,762590
06,CA,003,Alpine County,450
06,CA,005,Amador County,16140
06,CA,007,Butte County,90320
06,CA,009,Calaveras County,19580
06,CA,011,Colusa County,9500
06,CA,013,Contra Costa County,526040
06,CA,015,Del Norte County,9400
06,CA,017,El Dorado County,85760
06,CA,019,Fresno County,384300
06,CA,021,Glenn County,11780
06,CA,023,Humboldt County,55980
06,CA,025,Imperial County,77590
06,CA,027,Inyo County,8440
06,CA,029,Kern County,334400
06,CA,031,Kings County,53220
06,CA,033,Lake County,24670
06,CA,035,Lassen County,9740
06,CA,037,Los Angeles County,4563010
06,CA,039,Madera County,57880
06,CA,041,Marin County,131730
06,CA,043,Mariposa County,7660
06,CA,045,Mendocino County,38510
06,CA,047,Merced County,98680
06,CA,049,Modoc County,3450
06,CA,051,Mono County,6430
06,CA,053,Monterey County,194370
06,CA,055,Napa County,67710
06,CA,057,Nevada County,48400
06,CA,059,Orange County,1473110
06,CA,061,Placer County,172500
06,CA,063,Plumas County,8550
06,CA,065,Riverside County,944370
06,CA,067,Sacramento County,654660
06,CA,069,San Benito County,26290
06,CA,071,San Bernardino County,865800
06,CA,073,San Diego County,1531220
06,CA,075,San Francisco County,469980
06,CA,077,San Joaquin County,293270
06,CA,079,San Luis Obispo County,129600
06,CA,081,San Mateo County,380730
06,CA,083,Santa Barbara County,200020
06,CA,085,Santa Clara County,898250
06,CA,087,Santa Cruz County,129940
06,CA,089,Shasta County,75780
06,CA,091,Sierra County,1210
06,CA,093,Siskiyou County,18430
06,CA,095,Solano County,199140
06,CA,097,Sonoma County,243170
06,CA,099,Stanislaus County,216690
06,CA,101,Sutter County,38910
06,CA,103,Tehama County,24480
06,CA,105,Trinity County,4680
06,CA,107,Tulare County,173730
06,CA,109,Tuolumne County,23480
06,CA,111,Ventura County,401040
06,CA,113,Yolo County,86210
06,CA,115,Yuba County,27320
08,CO,000,Colorado,2553140
08,CO,001,Adams County,221440
08,CO,003,Alamosa County,6470
08,CO,005,Arapahoe County,302690
08,CO,007,Archuleta County,5760
08,CO,009,Baca County,1570
08,CO,011,Bent County,1570
08,CO,013,Boulder County,155670
08,CO,014,Broomfield County,31170
08,CO,015,Chaffee County,8650
08,CO,017,Cheyenne County,820
08,CO,019,Clear Creek County,4590
08,CO,021,Conejos County,2890
08,CO,023,Costilla County,1290
08,CO,025,Crowley County,1100
08,CO,027,Custer County,1910
08,CO,029,Delta County,12630
08,CO,031,Denver County,338820
08,CO,033,Dolores County,800
08,CO,035,Douglas County,145380
08,CO,037,Eagle County,28020
08,CO,039,Elbert County,11300
08,CO,041,El Paso County,304520
08,CO,043,Fremont County,17180
08,CO,045,Garfield County,26350
08,CO,047,Gilpin County,2580
08,CO,049,Grand County,7170
08,CO,051,Gunnison County,7710
08,CO,053,Hinsdale County,370
08,CO,055,Huerfano County,2630
08,CO,057,Jackson County,620
08,CO,059,Jefferson County,287040
08,CO,061,Kiowa County,610
08,CO,063,Kit Carson County,3310
08,CO,065,Lake County,3320
08,CO,067,La Plata County,26350
08,CO,069,Larimer County,159430
08,CO,071,Las Animas County,5830
08,CO,073,Lincoln County,2070
08,CO,075,Logan County,8580
08,CO,077,Mesa County,67630
08,CO,079,Mineral County,430
08,CO,081,Moffat County,5750
08,CO,083,Montezuma County,11340
08,CO,085,Montrose County,17980
08,CO,087,Morgan County,12650
08,CO,089,Otero County,7480
08,CO,091,Ouray County,2420
08,CO,093,Park County,7000
08,CO,095,Phillips County,2000
08,CO,097,Pitkin County,10200
08,CO,099,Prowers County,4840
08,CO,101,Pueblo County,68330
08,CO,103,Rio Blanco County,2820
08,CO,105,Rio Grande County,5680
08,CO,107,Routt County,12840
08,CO,109,Saguache County,1820
08,CO,111,San Juan County,330
08,CO,113,San Miguel County,4180
08,CO,115,Sedgwick County,1080
08,CO,117,Summit County,16710
08,CO,119,Teller County,11180
08,CO,121,Washington County,1990
08,CO,123,Weld County,122060
08,CO,125,Yuma County,4340
09,CT,000,Connecticut,1749380
09,CT,001,Fairfield County,457540
09,CT,003,Hartford County,443880
09,CT,005,Litchfield County,94430
09,CT,007,Middlesex County,83730
09,CT,009,New Haven County,412580
09,CT,011,New London County,134330
09,CT,013,Tolland County,68660
09,CT,015,Windham County,54280
10,DE,000,Delaware,443820
10,DE,001,Kent County,78250
10,DE,003,New Castle County,264010
10,DE,005,Sussex County,101570
11,DC,000,District of Columbia,336950
12,FL,000,Florida,9398170
12,FL,001,Alachua County,110240
12,FL,003,Baker County,10220
12,FL,005,Bay County,86640
12,FL,007,Bradford County,9600
12,FL,009,Brevard County,269250
12,FL,011,Broward County,922370
12,FL,013,Calhoun County,4880
12,FL,015,Charlotte County,78270
12,FL,017,Citrus County,62370
12,FL,019,Clay County,93250
12,FL,021,Collier County,173430
12,FL,023,Columbia County,26540
12,FL,027,DeSoto County,11820
12,FL,029,Dixie County,5090
12,FL,031,Duval County,437570
12,FL,033,Escambia County,141080
12,FL,035,Flagler County,48410
12,FL,037,Franklin County,4440
12,FL,039,Gadsden County,19900
12,FL,041,Gilchrist County,6440
12,FL,043,Glades County,3900
12,FL,045,Gulf County,5700
12,FL,047,Hamilton County,4700
12,FL,049,Hardee County,9910
12,FL,051,Hendry County,16090
12,FL,053,Hernando County,75660
12,FL,055,Highlands County,40520
12,FL,057,Hillsborough County,618330
12,FL,059,Holmes County,6630
12,FL,061,Indian River County,70520
12,FL,063,Jackson County,18210
12,FL,065,Jefferson County,5860
12,FL,067,Lafayette County,2430
12,FL,069,Lake County,148780
12,FL,071,Lee County,318780
12,FL,073,Leon County,125560
12,FL,075,Levy County,16530
12,FL,077,Liberty County,2620
12,FL,079,Madison County,7030
12,FL,081,Manatee County,165040
12,FL,083,Marion County,151600
12,FL,085,Martin County,74490
12,FL,086,Miami-Dade County,1267780
12,FL,087,Monroe County,45230
12,FL,089,Nassau County,37200
12,FL,091,Okaloosa County,99040
12,FL,093,Okeechobee County,14730
12,FL,095,Orange County,607460
12,FL,097,Osceola County,146760
12,FL,099,Palm Beach County,692560
12,FL,101,Pasco County,214620
12,FL,103,Pinellas County,463560
12,FL,105,Polk County,275310
12,FL,107,Putnam County,28170
12,FL,109,St. Johns County,103850
12,FL,111,St. Lucie County,133920
12,FL,113,Santa Rosa County,71780
12,FL,115,Sarasota County,200310
12,FL,117,Seminole County,214700
12,FL,119,Sumter County,52270
12,FL,121,Suwannee County,15990
12,FL,123,Taylor County,8070
12,FL,125,Union County,4500
12,FL,127,Volusia County,239680
12,FL,129,Wakulla County,12800
12,FL,131,Walton County,28440
12,FL,133,Washington County,9010
13,GA,000,Georgia,4377430
13,GA,001,Appling County,7060
13,GA,003,Atkinson County,3090
13,GA,005,Bacon County,4180
13,GA,007,Baker County,1180
13,GA,009,Baldwin County,16870
13,GA,011,Banks County,6970
13,GA,013,Barrow County,31810
13,GA,015,Bartow County,42880
13,GA,017,Ben Hill County,6650
13,GA,019,Berrien County,6710
13,GA,021,Bibb County,65940
13,GA,023,Bleckley County,4710
13,GA,025,Brantley County,6390
13,GA,027,Brooks County,6230
13,GA,029,Bryan County,15910
13,GA,031,Bulloch County,25860
13,GA,033,Burke County,9250
13,GA,035,Butts County,9210
13,GA,037,Calhoun County,1980
13,GA,039,Camden County,21570
13,GA,043,Candler County,4070
13,GA,045,Carroll County,47460
13,GA,047,Catoosa County,26370
13,GA,049,Charlton County,3500
13,GA,051,Chatham County,127110
13,GA,053,Chattahoochee County,3260
13,GA,055,Chattooga County,9310
13,GA,057,Cherokee County,105320
13,GA,059,Clarke County,46040
13,GA,061,Clay County,1180
13,GA,063,Clayton County,123450
13,GA,065,Clinch County,2540
13,GA,067,Cobb County,345240
13,GA,069,Coffee County,15810
13,GA,071,Colquitt County,17360
13,GA,073,Columbia County,60650
13,GA,075,Cook County,6470
13,GA,077,Coweta County,61190
13,GA,079,Crawford County,4930
13,GA,081,Crisp County,8430
13,GA,083,Dade County,6050
13,GA,085,Dawson County,9960
13,GA,087,Decatur County,11100
13,GA,089,DeKalb County,345390
13,GA,091,Dodge County,7260
13,GA,093,Dooly County,3920
13,GA,095,Dougherty County,38070
13,GA,097,Douglas County,61190
13,GA,099,Early County,4140
13,GA,101,Echols County,1380
13,GA,103,Effingham County,24030
13,GA,105,Elbert County,8030
13,GA,107,Emanuel County,8860
13,GA,109,Evans County,4290
13,GA,111,Fannin County,9810
13,GA,113,Fayette County,52000
13,GA,115,Floyd County,39980
13,GA,117,Forsyth County,87630
13,GA,119,Franklin County,8820
13,GA,121,Fulton County,457280
13,GA,123,Gilmer County,11930
13,GA,125,Glascock County,1070
13,GA,127,Glynn County,37020
13,GA,129,Gordon County,22580
13,GA,131,Grady County,10000
13,GA,133,Greene County,7310
13,GA,135,Gwinnett County,400000
13,GA,137,Habersham County,17270
13,GA,139,Hall County,82640
13,GA,141,Hancock County,3170
13,GA,143,Haralson County,11120
13,GA,145,Harris County,13940
13,GA,147,Hart County,10020
13,GA,149,Heard County,4160
13,GA,151,Henry County,95730
13,GA,153,Houston County,67290
13,GA,155,Irwin County,3560
13,GA,157,Jackson County,26780
13,GA,159,Jasper County,5490
13,GA,161,Jeff Davis County,5500
13,GA,163,Jefferson County,6900
13,GA,165,Jenkins County,2980
13,GA,167,Johnson County,2890
13,GA,169,Jones County,11780
13,GA,171,Lamar County,7090
13,GA,173,Lanier County,3330
13,GA,175,Laurens County,19890
13,GA,177,Lee County,13190
13,GA,179,Liberty County,26430
13,GA,181,Lincoln County,3200
13,GA,183,Long County,5150
13,GA,185,Lowndes County,45130
13,GA,187,Lumpkin County,11600
13,GA,189,McDuffie County,9220
13,GA,191,McIntosh County,4860
13,GA,193,Macon County,4550
13,GA,195,Madison County,11550
13,GA,197,Marion County,2790
13,GA,199,Meriwether County,9030
13,GA,201,Miller County,2270
13,GA,205,Mitchell County,8360
13,GA,207,Monroe County,11360
13,GA,209,Montgomery County,3120
13,GA,211,Morgan County,8300
13,GA,213,Murray County,14940
13,GA,215,Muscogee County,87690
13,GA,217,Newton County,44460
13,GA,219,Oconee County,15760
13,GA,221,Oglethorpe County,5790
13,GA,223,Paulding County,62780
13,GA,225,Peach County,11340
13,GA,227,Pickens County,13780
13,GA,229,Pierce County,7570
13,GA,231,Pike County,7400
13,GA,233,Polk County,16230
13,GA,235,Pulaski County,3680
13,GA,237,Putnam County,9180
13,GA,239,Quitman County,850
13,GA,241,Rabun County,7110
13,GA,243,Randolph County,2640
13,GA,245,Richmond County,86870
13,GA,247,Rockdale County,38790
13,GA,249,Schley County,1720
13,GA,251,Screven County,5650
13,GA,253,Seminole County,3460
13,GA,255,Spalding County,26430
13,GA,257,Stephens County,10010
13,GA,259,Stewart County,1620
13,GA,261,Sumter County,12110
13,GA,263,Talbot County,2660
13,GA,265,Taliaferro County,640
13,GA,267,Tattnall County,8000
13,GA,269,Taylor County,3170
13,GA,271,Telfair County,3890
13,GA,273,Terrell County,4020
13,GA,275,Thomas County,18750
13,GA,277,Tift County,17060
13,GA,279,Toombs County,11100
13,GA,281,Towns County,4860
13,GA,283,Treutlen County,2360
13,GA,285,Troup County,29730
13,GA,287,Turner County,3400
13,GA,289,Twiggs County,3670
13,GA,291,Union County,9300
13,GA,293,Upson County,10610
13,GA,295,Walker County,25510
13,GA,297,Walton County,36830
13,GA,299,Ware County,13630
13,GA,301,Warren County,2250
13,GA,303,Washington County,8010
13,GA,305,Wayne County,10860
13,GA,307,Webster County,930
13,GA,309,Wheeler County,1800
13,GA,311,White County,11000
13,GA,313,Whitfield County,42040
13,GA,315,Wilcox County,2730
13,GA,317,Wilkes County,4090
13,GA,319,Wilkinson County,3980
13,GA,321,Worth County,8550
15,HI,000,Hawaii,681790
15,HI,001,Hawaii County,85110
15,HI,003,Honolulu County,483720
15,HI,007,Kauai County,34430
15,HI,009,Maui County,78530
16,ID,000,Idaho,701960
16,ID,001,Ada County,193620
16,ID,003,Adams County,1620
16,ID,005,Bannock County,33960
16,ID,007,Bear Lake County,2490
16,ID,009,Benewah County,3840
16,ID,011,Bingham County,18200
16,ID,013,Blaine County,11660
16,ID,015,Boise County,3000
16,ID,017,Bonner County,18660
16,ID,019,Bonneville County,45370
16,ID,021,Boundary County,4790
16,ID,023,Butte County,1040
16,ID,025,Camas County,450
16,ID,027,Canyon County,80440
16,ID,029,Caribou County,2720
16,ID,031,Cassia County,9260
16,ID,033,Clark County,320
16,ID,035,Clearwater County,3390
16,ID,037,Custer County,1860
16,ID,039,Elmore County,11240
16,ID,041,Franklin County,4950
16,ID,043,Fremont County,5320
16,ID,045,Gem County,7050
16,ID,047,Gooding County,6370
16,ID,049,Idaho County,6300
16,ID,051,Jefferson County,10260
16,ID,053,Jerome County,9330
16,ID,055,Kootenai County,69710
16,ID,057,Latah County,15700
16,ID,059,Lemhi County,3520
16,ID,061,Lewis County,1780
16,ID,063,Lincoln County,2020
16,ID,065,Madison County,12280
16,ID,067,Minidoka County,8680
16,ID,069,Nez Perce County,18350
16,ID,071,Oneida County,1750
16,ID,073,Owyhee County,4460
16,ID,075,Payette County,9460
16,ID,077,Power County,3200
16,ID,079,Shoshone County,5260
16,ID,081,Teton County,4490
16,ID,083,Twin Falls County,35060
16,ID,085,Valley County,4830
16,ID,087,Washington County,4070
17,IL,000,Illinois,6130850
17,IL,001,Adams County,32170
17,IL,003,Alexander County,2590
17,IL,005,Bond County,7000
17,IL,007,Boone County,25350
17,IL,009,Brown County,2370
17,IL,011,Bureau County,16630
17,IL,013,Calhoun County,2160
17,IL,015,Carroll County,7560
17,IL,017,Cass County,6410
17,IL,019,Champaign County,85580
17,IL,021,Christian County,15470
17,IL,023,Clark County,7580
17,IL,025,Clay County,6270
17,IL,027,Clinton County,17510
17,IL,029,Coles County,21340
17,IL,031,Cook County,2536230
17,IL,033,Crawford County,8770
17,IL,035,Cumberland County,4870
17,IL,037,DeKalb County,45890
17,IL,039,De Witt County,7710
17,IL,041,Douglas County,10000
17,IL,043,DuPage County,472040
17,IL,045,Edgar County,8080
17,IL,047,Edwards County,2900
17,IL,049,Effingham County,17670
17,IL,051,Fayette County,9160
17,IL,053,Ford County,6540
17,IL,055,Franklin County,16720
17,IL,057,Fulton County,15830
17,IL,059,Gallatin County,2300
17,IL,061,Greene County,5840
17,IL,063,Grundy County,24590
17,IL,065,Hamilton County,3630
17,IL,067,Hancock County,8740
17,IL,069,Hardin County,1570
17,IL,071,Henderson County,3300
17,IL,073,Henry County,24000
17,IL,075,Iroquois County,13800
17,IL,077,Jackson County,23460
17,IL,079,Jasper County,4660
17,IL,081,Jefferson County,16670
17,IL,083,Jersey County,10190
17,IL,085,Jo Daviess County,12690
17,IL,087,Johnson County,4910
17,IL,089,Kane County,242440
17,IL,091,Kankakee County,50580
17,IL,093,Kendall County,55570
17,IL,095,Knox County,23220
17,IL,097,Lake County,341720
17,IL,099,LaSalle County,54090
17,IL,101,Lawrence County,6370
17,IL,103,Lee County,16260
17,IL,105,Livingston County,17260
17,IL,107,Logan County,12580
17,IL,109,McDonough County,12390
17,IL,111,McHenry County,153260
17,IL,113,McLean County,77770
17,IL,115,Macon County,49350
17,IL,117,Macoupin County,21070
17,IL,119,Madison County,125100
17,IL,121,Marion County,17880
17,IL,123,Marshall County,5980
17,IL,125,Mason County,6430
17,IL,127,Massac County,6420
17,IL,129,Menard County,6110
17,IL,131,Mercer County,7770
17,IL,133,Monroe County,16830
17,IL,135,Montgomery County,12600
17,IL,137,Morgan County,15820
17,IL,139,Moultrie County,6730
17,IL,141,Ogle County,25370
17,IL,143,Peoria County,89470
17,IL,145,Perry County,8820
17,IL,147,Piatt County,8030
17,IL,149,Pike County,7010
17,IL,151,Pope County,1600
17,IL,153,Pulaski County,2360
17,IL,155,Putnam County,2900
17,IL,157,Randolph County,13770
17,IL,159,Richland County,7550
17,IL,161,Rock Island County,71090
17,IL,163,St. Clair County,121790
17,IL,165,Saline County,10380
17,IL,167,Sangamon County,99980
17,IL,169,Schuyler County,3170
17,IL,171,Scott County,2430
17,IL,173,Shelby County,10230
17,IL,175,Stark County,2650
17,IL,177,Stephenson County,22290
17,IL,179,Tazewell County,64450
17,IL,181,Union County,7770
17,IL,183,Vermilion County,34250
17,IL,185,Wabash County,5320
17,IL,187,Warren County,8010
17,IL,189,Washington County,7220
17,IL,191,Wayne County,7350
17,IL,193,White County,6420
17,IL,195,Whiteside County,27940
17,IL,197,Will County,326950
17,IL,199,Williamson County,29930
17,IL,201,Winnebago County,136220
17,IL,203,Woodford County,18220
18,IN,000,Indiana,3078600
18,IN,001,Adams County,15000
18,IN,003,Allen County,174050
18,IN,005,Bartholomew County,39650
18,IN,007,Benton County,4120
18,IN,009,Blackford County,5840
18,IN,011,Boone County,29790
18,IN,013,Brown County,7560
18,IN,015,Carroll County,9500
18,IN,017,Cass County,18050
18,IN,019,Clark County,55920
18,IN,021,Clay County,12080
18,IN,023,Clinton County,15350
18,IN,025,Crawford County,4590
18,IN,027,Daviess County,14370
18,IN,029,Dearborn County,24460
18,IN,031,Decatur County,12760
18,IN,033,DeKalb County,20370
18,IN,035,Delaware County,49030
18,IN,037,Dubois County,22180
18,IN,039,Elkhart County,93840
18,IN,041,Fayette County,10050
18,IN,043,Floyd County,37690
18,IN,045,Fountain County,7920
18,IN,047,Franklin County,10760
18,IN,049,Fulton County,9530
18,IN,051,Gibson County,16120
18,IN,053,Grant County,29800
18,IN,055,Greene County,14480
18,IN,057,Hamilton County,142530
18,IN,059,Hancock County,35210
18,IN,061,Harrison County,18310
18,IN,063,Hendricks County,73900
18,IN,065,Henry County,21660
18,IN,067,Howard County,40210
18,IN,069,Huntington County,17790
18,IN,071,Jackson County,21570
18,IN,073,Jasper County,15380
18,IN,075,Jay County,9540
18,IN,077,Jefferson County,14760
18,IN,079,Jennings County,12840
18,IN,081,Johnson County,70680
18,IN,083,Knox County,16700
18,IN,085,Kosciusko County,38300
18,IN,087,LaGrange County,16810
18,IN,089,Lake County,227750
18,IN,091,LaPorte County,51490
18,IN,093,Lawrence County,20790
18,IN,095,Madison County,59370
18,IN,097,Marion County,456270
18,IN,099,Marshall County,22100
18,IN,101,Martin County,4710
18,IN,103,Miami County,15380
18,IN,105,Monroe County,57090
18,IN,107,Montgomery County,18210
18,IN,109,Morgan County,33420
18,IN,111,Newton County,6610
18,IN,113,Noble County,22060
18,IN,115,Ohio County,2780
18,IN,117,Orange County,8640
18,IN,119,Owen County,9500
18,IN,121,Parke County,6850
18,IN,123,Perry County,8630
18,IN,125,Pike County,5730
18,IN,127,Porter County,80660
18,IN,129,Posey County,12260
18,IN,131,Pulaski County,6000
18,IN,133,Putnam County,15780
18,IN,135,Randolph County,11750
18,IN,137,Ripley County,13260
18,IN,139,Rush County,7970
18,IN,141,St. Joseph County,124860
18,IN,143,Scott County,10430
18,IN,145,Shelby County,21510
18,IN,147,Spencer County,9760
18,IN,149,Starke County,10330
18,IN,151,Steuben County,16370
18,IN,153,Sullivan County,8740
18,IN,155,Switzerland County,4090
18,IN,157,Tippecanoe County,74030
18,IN,159,Tipton County,7570
18,IN,161,Union County,3290
18,IN,163,Vanderburgh County,85510
18,IN,165,Vermillion County,7230
18,IN,167,Vigo County,46400
18,IN,169,Wabash County,15070
18,IN,171,Warren County,3980
18,IN,173,Warrick County,29080
18,IN,175,Washington County,12330
18,IN,177,Wayne County,30470
18,IN,179,Wells County,13110
18,IN,181,White County,12130
18,IN,183,Whitley County,16500
19,IA,000,Iowa,1445500
19,IA,001,Adair County,3500
19,IA,003,Adams County,1900
19,IA,005,Allamakee County,6710
19,IA,007,Appanoose County,5500
19,IA,009,Audubon County,2840
19,IA,011,Benton County,12040
19,IA,013,Black Hawk County,60270
19,IA,015,Boone County,12620
19,IA,017,Bremer County,11030
19,IA,019,Buchanan County,9440
19,IA,021,Buena Vista County,9710
19,IA,023,Butler County,6850
19,IA,025,Calhoun County,4530
19,IA,027,Carroll County,10240
19,IA,029,Cass County,6440
19,IA,031,Cedar County,8770
19,IA,033,Cerro Gordo County,21010
19,IA,035,Cherokee County,5720
19,IA,037,Chickasaw County,5860
19,IA,039,Clarke County,4260
19,IA,041,Clay County,8200
19,IA,043,Clayton County,8370
19,IA,045,Clinton County,22680
19,IA,047,Crawford County,7880
19,IA,049,Dallas County,36470
19,IA,051,Davis County,3450
19,IA,053,Decatur County,3180
19,IA,055,Delaware County,8430
19,IA,057,Des Moines County,19400
19,IA,059,Dickinson County,8850
19,IA,061,Dubuque County,47230
19,IA,063,Emmet County,4550
19,IA,065,Fayette County,9110
19,IA,067,Floyd County,7370
19,IA,069,Franklin County,4720
19,IA,071,Fremont County,3190
19,IA,073,Greene County,4240
19,IA,075,Grundy County,5790
19,IA,077,Guthrie County,5010
19,IA,079,Hamilton County,7190
19,IA,081,Hancock County,5290
19,IA,083,Hardin County,7910
19,IA,085,Harrison County,6660
19,IA,087,Henry County,8860
19,IA,089,Howard County,4590
19,IA,091,Humboldt County,4600
19,IA,093,Ida County,3390
19,IA,095,Iowa County,7990
19,IA,097,Jackson County,9490
19,IA,099,Jasper County,16660
19,IA,101,Jefferson County,7480
19,IA,103,Johnson County,63570
19,IA,105,Jones County,9090
19,IA,107,Keokuk County,4560
19,IA,109,Kossuth County,7460
19,IA,111,Lee County,15870
19,IA,113,Linn County,105490
19,IA,115,Louisa County,5090
19,IA,117,Lucas County,3940
19,IA,119,Lyon County,5190
19,IA,121,Madison County,7060
19,IA,123,Mahaska County,9770
19,IA,125,Marion County,14720
19,IA,127,Marshall County,18220
19,IA,129,Mills County,6630
19,IA,131,Mitchell County,4820
19,IA,133,Monona County,4190
19,IA,135,Monroe County,3490
19,IA,137,Montgomery County,4790
19,IA,139,Muscatine County,20790
19,IA,141,O'Brien County,6700
19,IA,143,Osceola County,3020
19,IA,145,Page County,6630
19,IA,147,Palo Alto County,4280
19,IA,149,Plymouth County,12170
19,IA,151,Pocahontas County,3370
19,IA,153,Polk County,221400
19,IA,155,Pottawattamie County,42850
19,IA,157,Poweshiek County,8280
19,IA,159,Ringgold County,2070
19,IA,161,Sac County,4810
19,IA,163,Scott County,82370
19,IA,165,Shelby County,5890
19,IA,167,Sioux County,14470
19,IA,169,Story County,36480
19,IA,171,Tama County,8350
19,IA,173,Taylor County,2790
19,IA,175,Union County,5560
19,IA,177,Van Buren County,3180
19,IA,179,Wapello County,15790
19,IA,181,Warren County,22100
19,IA,183,Washington County,10480
19,IA,185,Wayne County,2730
19,IA,187,Webster County,16750
19,IA,189,Winnebago County,5100
19,IA,191,Winneshiek County,9430
19,IA,193,Woodbury County,47030
19,IA,195,Worth County,3620
19,IA,197,Wright County,5970
20,KS,000,Kansas,1336350
20,KS,001,Allen County,5980
20,KS,003,Anderson County,3510
20,KS,005,Atchison County,6950
20,KS,007,Barber County,2350
20,KS,009,Barton County,12740
20,KS,011,Bourbon County,6240
20,KS,013,Brown County,4400
20,KS,015,Butler County,29000
20,KS,017,Chase County,1220
20,KS,019,Chautauqua County,1460
20,KS,021,Cherokee County,8690
20,KS,023,Cheyenne County,1270
20,KS,025,Clark County,980
20,KS,027,Clay County,3970
20,KS,029,Cloud County,4230
20,KS,031,Coffey County,4070
20,KS,033,Comanche County,870
20,KS,035,Cowley County,15800
20,KS,037,Crawford County,16290
20,KS,039,Decatur County,1470
20,KS,041,Dickinson County,9190
20,KS,043,Doniphan County,3370
20,KS,045,Douglas County,50280
20,KS,047,Edwards County,1480
20,KS,049,Elk County,1200
20,KS,051,Ellis County,13490
20,KS,053,Ellsworth County,2780
20,KS,055,Finney County,17600
20,KS,057,Ford County,15790
20,KS,059,Franklin County,11810
20,KS,061,Geary County,19250
20,KS,063,Gove County,1380
20,KS,065,Graham County,1300
20,KS,067,Grant County,3340
20,KS,069,Gray County,2780
20,KS,071,Greeley County,650
20,KS,073,Greenwood County,2860
20,KS,075,Hamilton County,1090
20,KS,077,Harper County,2720
20,KS,079,Harvey County,15880
20,KS,081,Haskell County,1770
20,KS,083,Hodgeman County,920
20,KS,085,Jackson County,6180
20,KS,087,Jefferson County,8540
20,KS,089,Jewell County,1490
20,KS,091,Johnson County,281740
20,KS,093,Kearny County,1850
20,KS,095,Kingman County,3590
20,KS,097,Kiowa County,1140
20,KS,099,Labette County,9680
20,KS,101,Lane County,880
20,KS,103,Leavenworth County,32910
20,KS,105,Lincoln County,1500
20,KS,107,Linn County,4140
20,KS,109,Logan County,1430
20,KS,111,Lyon County,14650
20,KS,113,McPherson County,13950
20,KS,115,Marion County,5320
20,KS,117,Marshall County,5050
20,KS,119,Meade County,1980
20,KS,121,Miami County,14920
20,KS,123,Mitchell County,3090
20,KS,125,Montgomery County,14350
20,KS,127,Morris County,2640
20,KS,129,Morton County,1470
20,KS,131,Nemaha County,5000
20,KS,133,Neosho County,7100
20,KS,135,Ness County,1520
20,KS,137,Norton County,2400
20,KS,139,Osage County,7410
20,KS,141,Osborne County,1900
20,KS,143,Ottawa County,2840
20,KS,145,Pawnee County,2930
20,KS,147,Phillips County,2650
20,KS,149,Pottawatomie County,10570
20,KS,151,Pratt County,4590
20,KS,153,Rawlins County,1270
20,KS,155,Reno County,28940
20,KS,157,Republic County,2410
20,KS,159,Rice County,4290
20,KS,161,Riley County,27620
20,KS,163,Rooks County,2540
20,KS,165,Rush County,1550
20,KS,167,Russell County,3330
20,KS,169,Saline County,27130
20,KS,171,Scott County,2420
20,KS,173,Sedgwick County,234450
20,KS,175,Seward County,10600
20,KS,177,Shawnee County,84930
20,KS,179,Sheridan County,1290
20,KS,181,Sherman County,2800
20,KS,183,Smith County,1920
20,KS,185,Stafford County,1980
20,KS,187,Stanton County,980
20,KS,189,Stevens County,2430
20,KS,191,Sumner County,10630
20,KS,193,Thomas County,3850
20,KS,195,Trego County,1550
20,KS,197,Wabaunsee County,3170
20,KS,199,Wallace County,730
20,KS,201,Washington County,2880
20,KS,203,Wichita County,1090
20,KS,205,Wilson County,3970
20,KS,207,Woodson County,1470
20,KS,209,Wyandotte County,70720
21,KY,000,Kentucky,1891680
21,KY,001,Adair County,6900
21,KY,003,Allen County,7810
21,KY,005,Anderson County,10250
21,KY,007,Ballard County,3430
21,KY,009,Barren County,18230
21,KY,011,Bath County,4520
21,KY,013,Bell County,8920
21,KY,015,Boone County,58830
21,KY,017,Bourbon County,9070
21,KY,019,Boyd County,19540
21,KY,021,Boyle County,11980
21,KY,023,Bracken County,3620
21,KY,025,Breathitt County,4520
21,KY,027,Breckinridge County,7830
21,KY,029,Bullitt County,36580
21,KY,031,Butler County,5120
21,KY,033,Caldwell County,5500
21,KY,035,Calloway County,14850
21,KY,037,Campbell County,42940
21,KY,039,Carlisle County,2140
21,KY,041,Carroll County,4770
21,KY,043,Carter County,10340
21,KY,045,Casey County,5740
21,KY,047,Christian County,30530
21,KY,049,Clark County,15930
21,KY,051,Clay County,6390
21,KY,053,Clinton County,3700
21,KY,055,Crittenden County,3610
21,KY,057,Cumberland County,2560
21,KY,059,Daviess County,45050
21,KY,061,Edmonson County,4670
21,KY,063,Elliott County,2080
21,KY,065,Estill County,5390
21,KY,067,Fayette County,141210
21,KY,069,Fleming County,5960
21,KY,071,Floyd County,13020
21,KY,073,Franklin County,24440
21,KY,075,Fulton County,2350
21,KY,077,Gallatin County,3510
21,KY,079,Garrard County,6720
21,KY,081,Grant County,10340
21,KY,083,Graves County,15130
21,KY,085,Grayson County,10070
21,KY,087,Green County,4340
21,KY,089,Greenup County,14790
21,KY,091,Hancock County,3750
21,KY,093,Hardin County,46840
21,KY,095,Harlan County,9090
21,KY,097,Harrison County,7730
21,KY,099,Hart County,7280
21,KY,101,Henderson County,20060
21,KY,103,Henry County,6990
21,KY,105,Hickman County,1890
21,KY,107,Hopkins County,19200
21,KY,109,Jackson County,4400
21,KY,111,Jefferson County,370770
21,KY,113,Jessamine County,21590
21,KY,115,Johnson County,8040
21,KY,117,Kenton County,77650
21,KY,119,Knott County,4940
21,KY,121,Knox County,11050
21,KY,123,Larue County,6120
21,KY,125,Laurel County,23420
21,KY,127,Lawrence County,5510
21,KY,129,Lee County,2190
21,KY,131,Leslie County,3450
21,KY,133,Letcher County,7600
21,KY,135,Lewis County,4760
21,KY,137,Lincoln County,9370
21,KY,139,Livingston County,3990
21,KY,141,Logan County,11350
21,KY,143,Lyon County,3260
21,KY,145,McCracken County,30020
21,KY,147,McCreary County,4860
21,KY,149,McLean County,3940
21,KY,151,Madison County,34720
21,KY,153,Magoffin County,4050
21,KY,155,Marion County,8250
21,KY,157,Marshall County,13830
21,KY,159,Martin County,3210
21,KY,161,Mason County,7280
21,KY,163,Meade County,12110
21,KY,165,Menifee County,2240
21,KY,167,Mercer County,9560
21,KY,169,Metcalfe County,3920
21,KY,171,Monroe County,4260
21,KY,173,Montgomery County,11370
21,KY,175,Morgan County,4140
21,KY,177,Muhlenberg County,12090
21,KY,179,Nelson County,21200
21,KY,181,Nicholas County,2910
21,KY,183,Ohio County,9630
21,KY,185,Oldham County,27130
21,KY,187,Owen County,4280
21,KY,189,Owsley County,1290
21,KY,191,Pendleton County,6120
21,KY,193,Perry County,10180
21,KY,195,Pike County,20610
21,KY,197,Powell County,4990
21,KY,199,Pulaski County,25410
21,KY,201,Robertson County,820
21,KY,203,Rockcastle County,6040
21,KY,205,Rowan County,8570
21,KY,207,Russell County,7000
21,KY,209,Scott County,22870
21,KY,211,Shelby County,20590
21,KY,213,Simpson County,8070
21,KY,215,Spencer County,8000
21,KY,217,Taylor County,10300
21,KY,219,Todd County,4860
21,KY,221,Trigg County,6000
21,KY,223,Trimble County,3690
21,KY,225,Union County,5910
21,KY,227,Warren County,52120
21,KY,229,Washington County,5220
21,KY,231,Wayne County,7440
21,KY,233,Webster County,5360
21,KY,235,Whitley County,13470
21,KY,237,Wolfe County,2310
21,KY,239,Woodford County,12340
22,LA,000,Louisiana,2007690
22,LA,001,Acadia Parish,25110
22,LA,003,Allen Parish,8780
22,LA,005,Ascension Parish,51280
22,LA,007,Assumption Parish,9710
22,LA,009,Avoyelles Parish,16320
22,LA,011,Beauregard Parish,13940
22,LA,013,Bienville Parish,5780
22,LA,015,Bossier Parish,53830
22,LA,017,Caddo Parish,113190
22,LA,019,Calcasieu Parish,86680
22,LA,021,Caldwell Parish,3800
22,LA,023,Cameron Parish,3060
22,LA,025,Catahoula Parish,3720
22,LA,027,Claiborne Parish,5490
22,LA,029,Concordia Parish,7620
22,LA,031,De Soto Parish,11630
22,LA,033,East Baton Rouge Parish,201020
22,LA,035,East Carroll Parish,2640
22,LA,037,East Feliciana Parish,8220
22,LA,039,Evangeline Parish,12670
22,LA,041,Franklin Parish,7910
22,LA,043,Grant Parish,7890
22,LA,045,Iberia Parish,32890
22,LA,047,Iberville Parish,13650
22,LA,049,Jackson Parish,6050
22,LA,051,Jefferson Parish,205850
22,LA,053,Jefferson Davis Parish,13290
22,LA,055,Lafayette Parish,108250
22,LA,057,Lafourche Parish,41750
22,LA,059,LaSalle Parish,5300
22,LA,061,Lincoln Parish,17870
22,LA,063,Livingston Parish,56730
22,LA,065,Madison Parish,4120
22,LA,067,Morehouse Parish,11200
22,LA,069,Natchitoches Parish,15340
22,LA,071,Orleans Parish,163260
22,LA,073,Ouachita Parish,66940
22,LA,075,Plaquemines Parish,10300
22,LA,077,Pointe Coupee Parish,9810
22,LA,079,Rapides Parish,57700
22,LA,081,Red River Parish,3350
22,LA,083,Richland Parish,8300
22,LA,085,Sabine Parish,8910
22,LA,087,St. Bernard Parish,17060
22,LA,089,St. Charles Parish,24160
22,LA,091,St. Helena Parish,5540
22,LA,093,St. James Parish,9990
22,LA,095,St. John the Baptist Parish,19490
22,LA,097,St. Landry Parish,36100
22,LA,099,St. Martin Parish,23520
22,LA,101,St. Mary Parish,23680
22,LA,103,St. Tammany Parish,111590
22,LA,105,Tangipahoa Parish,50900
22,LA,107,Tensas Parish,1850
22,LA,109,Terrebonne Parish,49310
22,LA,111,Union Parish,8940
22,LA,113,Vermilion Parish,25010
22,LA,115,Vernon Parish,20820
22,LA,117,Washington Parish,16610
22,LA,119,Webster Parish,16660
22,LA,121,West Baton Rouge Parish,11690
22,LA,123,West Carroll Parish,4300
22,LA,125,West Feliciana Parish,4520
22,LA,127,Winn Parish,5050
23,ME,000,Maine,638230
23,ME,001,Androscoggin County,48600
23,ME,003,Aroostook County,30340
23,ME,005,Cumberland County,149290
23,ME,007,Franklin County,12870
23,ME,009,Hancock County,26910
23,ME,011,Kennebec County,57920
23,ME,013,Knox County,19970
23,ME,015,Lincoln County,17500
23,ME,017,Oxford County,25410
23,ME,019,Penobscot County,67550
23,ME,021,Piscataquis County,7180
23,ME,023,Sagadahoc County,18170
23,ME,025,Somerset County,21800
23,ME,027,Waldo County,18000
23,ME,029,Washington County,13860
23,ME,031,York County,102930
24,MD,000,Maryland,2935420
24,MD,001,Allegany County,29070
24,MD,003,Anne Arundel County,280000
24,MD,005,Baltimore County,411330
24,MD,009,Calvert County,43830
24,MD,011,Caroline County,15110
24,MD,013,Carroll County,83150
24,MD,015,Cecil County,46300
24,MD,017,Charles County,76690
24,MD,019,Dorchester County,15150
24,MD,021,Frederick County,120030
24,MD,023,Garrett County,13460
24,MD,025,Harford County,123900
24,MD,027,Howard County,150240
24,MD,029,Kent County,9290
24,MD,031,Montgomery County,521920
24,MD,033,Prince George's County,480620
24,MD,035,Queen Anne's County,23860
24,MD,037,St. Mary's County,50850
24,MD,039,Somerset County,8790
24,MD,041,Talbot County,19050
24,MD,043,Washington County,67940
24,MD,045,Wicomico County,45180
24,MD,047,Worcester County,27300
24,MD,510,Baltimore city,272490
25,MA,000,Massachusetts,3343170
25,MA,001,Barnstable County,124250
25,MA,003,Berkshire County,64490
25,MA,005,Bristol County,267240
25,MA,007,Dukes County,10710
25,MA,009,Essex County,388700
25,MA,011,Franklin County,35390
25,MA,013,Hampden County,216810
25,MA,015,Hampshire County,71900
25,MA,017,Middlesex County,786490
25,MA,019,Nantucket County,7330
25,MA,021,Norfolk County,348940
25,MA,023,Plymouth County,255110
25,MA,025,Suffolk County,373450
25,MA,027,Worcester County,392410
26,MI,000,Michigan,4685120
26,MI,001,Alcona County,4810
26,MI,003,Alger County,4010
26,MI,005,Allegan County,54210
26,MI,007,Alpena County,13930
26,MI,009,Antrim County,11360
26,MI,011,Arenac County,7230
26,MI,013,Baraga County,3510
26,MI,015,Barry County,27590
26,MI,017,Bay County,53070
26,MI,019,Benzie County,8990
26,MI,021,Berrien County,73360
26,MI,023,Branch County,19100
26,MI,025,Calhoun County,61870
26,MI,027,Cass County,23340
26,MI,029,Charlevoix County,13560
26,MI,031,Cheboygan County,12300
26,MI,033,Chippewa County,15760
26,MI,035,Clare County,13060
26,MI,037,Clinton County,36010
26,MI,039,Crawford County,6100
26,MI,041,Delta County,17600
26,MI,043,Dickinson County,13090
26,MI,045,Eaton County,53570
26,MI,047,Emmet County,17660
26,MI,049,Genesee County,192350
26,MI,051,Gladwin County,11160
26,MI,053,Gogebic County,6680
26,MI,055,Grand Traverse County,47620
26,MI,057,Gratiot County,17030
26,MI,059,Hillsdale County,19800
26,MI,061,Houghton County,14610
26,MI,063,Huron County,16580
26,MI,065,Ingham County,123930
26,MI,067,Ionia County,27030
26,MI,069,Iosco County,12100
26,MI,071,Iron County,5560
26,MI,073,Isabella County,26400
26,MI,075,Jackson County,71280
26,MI,077,Kalamazoo County,119410
26,MI,079,Kalkaska County,7970
26,MI,081,Kent County,302010
26,MI,083,Keweenaw County,1040
26,MI,085,Lake County,4440
26,MI,087,Lapeer County,42230
26,MI,089,Leelanau County,11810
26,MI,091,Lenawee County,45290
26,MI,093,Livingston County,93450
26,MI,095,Luce County,2500
26,MI,097,Mackinac County,5930
26,MI,099,Macomb County,438670
26,MI,101,Manistee County,11440
26,MI,103,Marquette County,30570
26,MI,105,Mason County,14070
26,MI,107,Mecosta County,16840
26,MI,109,Menominee County,11160
26,MI,111,Midland County,40170
26,MI,113,Missaukee County,6590
26,MI,115,Monroe County,73050
26,MI,117,Montcalm County,27010
26,MI,119,Montmorency County,4320
26,MI,121,Muskegon County,77840
26,MI,123,Newaygo County,21150
26,MI,125,Oakland County,630980
26,MI,127,Oceana County,12030
26,MI,129,Ogemaw County,9340
26,MI,131,Ontonagon County,2780
26,MI,133,Osceola County,9890
26,MI,135,Oscoda County,3560
26,MI,137,Otsego County,12040
26,MI,139,Ottawa County,128950
26,MI,141,Presque Isle County,6290
26,MI,143,Roscommon County,11040
26,MI,145,Saginaw County,90260
26,MI,147,St. Clair County,78090
26,MI,149,St. Joseph County,28270
26,MI,151,Sanilac County,19030
26,MI,153,Schoolcraft County,3840
26,MI,155,Shiawassee County,33000
26,MI,157,Tuscola County,25350
26,MI,159,Van Buren County,34610
26,MI,161,Washtenaw County,163820
26,MI,163,Wayne County,800950
26,MI,165,Wexford County,15170
27,MN,000,Minnesota,2687660
27,MN,001,Aitkin County,7220
27,MN,003,Anoka County,172200
27,MN,005,Becker County,15540
27,MN,007,Beltrami County,19640
27,MN,009,Benton County,19120
27,MN,011,Big Stone County,2450
27,MN,013,Blue Earth County,29930
27,MN,015,Brown County,13240
27,MN,017,Carlton County,16270
27,MN,019,Carver County,46830
27,MN,021,Cass County,13840
27,MN,023,Chippewa County,6200
27,MN,025,Chisago County,26270
27,MN,027,Clay County,27920
27,MN,029,Clearwater County,3770
27,MN,031,Cook County,2930
27,MN,033,Cottonwood County,5740
27,MN,035,Crow Wing County,30820
27,MN,037,Dakota County,211610
27,MN,039,Dodge County,9810
27,MN,041,Douglas County,18520
27,MN,043,Faribault County,7050
27,MN,045,Fillmore County,9770
27,MN,047,Freeborn County,15200
27,MN,049,Goodhue County,23360
27,MN,051,Grant County,2930
27,MN,053,Hennepin County,624350
27,MN,055,Houston County,9470
27,MN,057,Hubbard County,9330
27,MN,059,Isanti County,18260
27,MN,061,Itasca County,20700
27,MN,063,Jackson County,5240
27,MN,065,Kanabec County,7210
27,MN,067,Kandiyohi County,21270
27,MN,069,Kittson County,2180
27,MN,071,Koochiching County,6180
27,MN,073,Lac qui Parle County,3490
27,MN,075,Lake County,5260
27,MN,077,Lake of the Woods County,2030
27,MN,079,Le Sueur County,13860
27,MN,081,Lincoln County,2690
27,MN,083,Lyon County,12190
27,MN,085,McLeod County,18390
27,MN,087,Mahnomen County,2270
27,MN,089,Marshall County,4610
27,MN,091,Martin County,10440
27,MN,093,Meeker County,11020
27,MN,095,Mille Lacs County,12050
27,MN,097,Morrison County,15590
27,MN,099,Mower County,18650
27,MN,101,Murray County,4230
27,MN,103,Nicollet County,15630
27,MN,105,Nobles County,10440
27,MN,107,Norman County,3180
27,MN,109,Olmsted County,75470
27,MN,111,Otter Tail County,28190
27,MN,113,Pennington County,7130
27,MN,115,Pine County,12660
27,MN,117,Pipestone County,4550
27,MN,119,Polk County,14870
27,MN,121,Pope County,5530
27,MN,123,Ramsey County,262240
27,MN,125,Red Lake County,1920
27,MN,127,Redwood County,7780
27,MN,129,Renville County,7670
27,MN,131,Rice County,28960
27,MN,133,Rock County,4430
27,MN,135,Roseau County,7910
27,MN,137,St. Louis County,93770
27,MN,139,Scott County,66930
27,MN,141,Sherburne County,42270
27,MN,143,Sibley County,7440
27,MN,145,Stearns County,71720
27,MN,147,Steele County,18420
27,MN,149,Stevens County,4410
27,MN,151,Swift County,4670
27,MN,153,Todd County,10730
27,MN,155,Traverse County,1660
27,MN,157,Wabasha County,10960
27,MN,159,Wadena County,6270
27,MN,161,Waseca County,8920
27,MN,163,Washington County,124720
27,MN,165,Watonwan County,5360
27,MN,167,Wilkin County,3210
27,MN,169,Winona County,22420
27,MN,171,Wright County,61340
27,MN,173,Yellow Medicine County,4920
28,MS,000,Mississippi,1243270
28,MS,001,Adams County,12770
28,MS,003,Alcorn County,13680
28,MS,005,Amite County,4930
28,MS,007,Attala County,7460
28,MS,009,Benton County,3150
28,MS,011,Bolivar County,13760
28,MS,013,Calhoun County,5670
28,MS,015,Carroll County,4180
28,MS,017,Chickasaw County,7480
28,MS,019,Choctaw County,3370
28,MS,021,Claiborne County,3560
28,MS,023,Clarke County,6630
28,MS,025,Clay County,8400
28,MS,027,Coahoma County,10150
28,MS,029,Copiah County,11700
28,MS,031,Covington County,8070
28,MS,033,DeSoto County,77470
28,MS,035,Forrest County,32020
28,MS,037,Franklin County,3140
28,MS,039,George County,8880
28,MS,041,Greene County,4300
28,MS,043,Grenada County,9480
28,MS,045,Hancock County,18200
28,MS,047,Harrison County,87110
28,MS,049,Hinds County,108400
28,MS,051,Holmes County,7550
28,MS,053,Humphreys County,3470
28,MS,055,Issaquena County,460
28,MS,057,Itawamba County,9340
28,MS,059,Jackson County,61280
28,MS,061,Jasper County,7080
28,MS,063,Jefferson County,3250
28,MS,065,Jefferson Davis County,4990
28,MS,067,Jones County,27870
28,MS,069,Kemper County,3740
28,MS,071,Lafayette County,19160
28,MS,073,Lamar County,24260
28,MS,075,Lauderdale County,32130
28,MS,077,Lawrence County,4930
28,MS,079,Leake County,8540
28,MS,081,Lee County,37090
28,MS,083,Leflore County,12270
28,MS,085,Lincoln County,13690
28,MS,087,Lowndes County,25160
28,MS,089,Madison County,47630
28,MS,091,Marion County,9890
28,MS,093,Marshall County,15310
28,MS,095,Monroe County,14670
28,MS,097,Montgomery County,4210
28,MS,099,Neshoba County,11670
28,MS,101,Newton County,8880
28,MS,103,Noxubee County,4760
28,MS,105,Oktibbeha County,17960
28,MS,107,Panola County,14330
28,MS,109,Pearl River County,21090
28,MS,111,Perry County,4660
28,MS,113,Pike County,16500
28,MS,115,Pontotoc County,12760
28,MS,117,Prentiss County,9680
28,MS,119,Quitman County,2830
28,MS,121,Rankin County,64950
28,MS,123,Scott County,12030
28,MS,125,Sharkey County,1870
28,MS,127,Simpson County,10610
28,MS,129,Smith County,6050
28,MS,131,Stone County,6680
28,MS,133,Sunflower County,9950
28,MS,135,Tallahatchie County,5120
28,MS,137,Tate County,11640
28,MS,139,Tippah County,8700
28,MS,141,Tishomingo County,7370
28,MS,143,Tunica County,4760
28,MS,145,Union County,11350
28,MS,147,Walthall County,5570
28,MS,149,Warren County,21310
28,MS,151,Washington County,20380
28,MS,153,Wayne County,8340
28,MS,155,Webster County,3950
28,MS,157,Wilkinson County,3590
28,MS,159,Winston County,7570
28,MS,161,Yalobusha County,5260
28,MS,163,Yazoo County,9480
29,MO,000,Missouri,2767190
29,MO,001,Adair County,9510
29,MO,003,Andrew County,8170
29,MO,005,Atchison County,2510
29,MO,007,Audrain County,10660
29,MO,009,Barry County,13880
29,MO,011,Barton County,5120
29,MO,013,Bates County,7070
29,MO,015,Benton County,7730
29,MO,017,Bollinger County,4730
29,MO,019,Boone County,77110
29,MO,021,Buchanan County,39310
29,MO,023,Butler County,17550
29,MO,025,Caldwell County,3830
29,MO,027,Callaway County,19440
29,MO,029,Camden County,19750
29,MO,031,Cape Girardeau County,35130
29,MO,033,Carroll County,4200
29,MO,035,Carter County,2400
29,MO,037,Cass County,47250
29,MO,039,Cedar County,5450
29,MO,041,Chariton County,3460
29,MO,043,Christian County,36040
29,MO,045,Clark County,2950
29,MO,047,Clay County,113140
29,MO,049,Clinton County,9590
29,MO,051,Cole County,36150
29,MO,053,Cooper County,7440
29,MO,055,Crawford County,10180
29,MO,057,Dade County,3090
29,MO,059,Dallas County,6560
29,MO,061,Daviess County,3490
29,MO,063,DeKalb County,4030
29,MO,065,Dent County,5820
29,MO,067,Douglas County,4880
29,MO,069,Dunklin County,11660
29,MO,071,Franklin County,49180
29,MO,073,Gasconade County,7070
29,MO,075,Gentry County,2830
29,MO,077,Greene County,129320
29,MO,079,Grundy County,4250
29,MO,081,Harrison County,3720
29,MO,083,Henry County,9490
29,MO,085,Hickory County,3420
29,MO,087,Holt County,2120
29,MO,089,Howard County,4360
29,MO,091,Howell County,15920
29,MO,093,Iron County,3910
29,MO,095,Jackson County,325640
29,MO,097,Jasper County,51140
29,MO,099,Jefferson County,105400
29,MO,101,Johnson County,22230
29,MO,103,Knox County,1670
29,MO,105,Laclede County,15020
29,MO,107,Lafayette County,14880
29,MO,109,Lawrence County,15830
29,MO,111,Lewis County,4250
29,MO,113,Lincoln County,24660
29,MO,115,Linn County,5460
29,MO,117,Livingston County,6270
29,MO,119,McDonald County,9000
29,MO,121,Macon County,6890
29,MO,123,Madison County,4950
29,MO,125,Maries County,3700
29,MO,127,Marion County,12740
29,MO,129,Mercer County,1510
29,MO,131,Miller County,10330
29,MO,133,Mississippi County,5080
29,MO,135,Moniteau County,6520
29,MO,137,Monroe County,3860
29,MO,139,Montgomery County,5190
29,MO,141,Morgan County,8390
29,MO,143,New Madrid County,7170
29,MO,145,Newton County,24410
29,MO,147,Nodaway County,8650
29,MO,149,Oregon County,3830
29,MO,151,Osage County,6040
29,MO,153,Ozark County,3590
29,MO,155,Pemiscot County,6700
29,MO,157,Perry County,8940
29,MO,159,Pettis County,18510
29,MO,161,Phelps County,17670
29,MO,163,Pike County,7310
29,MO,165,Platte County,46500
29,MO,167,Polk County,11850
29,MO,169,Pulaski County,18690
29,MO,171,Putnam County,2080
29,MO,173,Ralls County,4640
29,MO,175,Randolph County,10330
29,MO,177,Ray County,10290
29,MO,179,Reynolds County,2400
29,MO,181,Ripley County,5100
29,MO,183,St. Charles County,187880
29,MO,185,St. Clair County,3660
29,MO,186,Ste. Genevieve County,8310
29,MO,187,St. Francois County,25540
29,MO,189,St. Louis County,505860
29,MO,195,Saline County,9840
29,MO,197,Schuyler County,1740
29,MO,199,Scotland County,2100
29,MO,201,Scott County,17530
29,MO,203,Shannon County,3040
29,MO,205,Shelby County,2920
29,MO,207,Stoddard County,12460
29,MO,209,Stone County,13750
29,MO,211,Sullivan County,2780
29,MO,213,Taney County,24040
29,MO,215,Texas County,9220
29,MO,217,Vernon County,8440
29,MO,219,Warren County,15260
29,MO,221,Washington County,8690
29,MO,223,Wayne County,4560
29,MO,225,Webster County,14760
29,MO,227,Worth County,910
29,MO,229,Wright County,6950
29,MO,510,St. Louis city,147330
30,MT,000,Montana,491930
30,MT,001,Beaverhead County,4370
30,MT,003,Big Horn County,4670
30,MT,005,Blaine County,2650
30,MT,007,Broadwater County,2500
30,MT,009,Carbon County,4960
30,MT,011,Carter County,560
30,MT,013,Cascade County,40090
30,MT,015,Chouteau County,2280
30,MT,017,Custer County,5730
30,MT,019,Daniels County,890
30,MT,021,Dawson County,4640
30,MT,023,Deer Lodge County,4180
30,MT,025,Fallon County,1520
30,MT,027,Fergus County,5670
30,MT,029,Flathead County,46770
30,MT,031,Gallatin County,50960
30,MT,033,Garfield County,540
30,MT,035,Glacier County,5210
30,MT,037,Golden Valley County,460
30,MT,039,Granite County,1340
30,MT,041,Hill County,7680
30,MT,043,Jefferson County,5380
30,MT,045,Judith Basin County,940
30,MT,047,Lake County,12310
30,MT,049,Lewis and Clark County,33070
30,MT,051,Liberty County,970
30,MT,053,Lincoln County,7900
30,MT,055,McCone County,900
30,MT,057,Madison County,3710
30,MT,059,Meagher County,810
30,MT,061,Mineral County,1890
30,MT,063,Missoula County,55820
30,MT,065,Musselshell County,1990
30,MT,067,Park County,8500
30,MT,069,Petroleum County,200
30,MT,071,Phillips County,1980
30,MT,073,Pondera County,3010
30,MT,075,Powder River County,840
30,MT,077,Powell County,2740
30,MT,079,Prairie County,550
30,MT,081,Ravalli County,19180
30,MT,083,Richland County,6300
30,MT,085,Roosevelt County,4360
30,MT,087,Rosebud County,4010
30,MT,089,Sanders County,4850
30,MT,091,Sheridan County,2030
30,MT,093,Silver Bow County,16430
30,MT,095,Stillwater County,4350
30,MT,097,Sweet Grass County,1710
30,MT,099,Teton County,3030
30,MT,101,Toole County,2360
30,MT,103,Treasure County,380
30,MT,105,Valley County,3780
30,MT,107,Wheatland County,890
30,MT,109,Wibaux County,480
30,MT,111,Yellowstone County,76850
31,NE,000,Nebraska,889030
31,NE,001,Adams County,14580
31,NE,003,Antelope County,2970
31,NE,005,Arthur County,190
31,NE,007,Banner County,300
31,NE,009,Blaine County,230
31,NE,011,Boone County,2650
31,NE,013,Box Butte County,5320
31,NE,015,Boyd County,890
31,NE,017,Brown County,1450
31,NE,019,Buffalo County,21930
31,NE,021,Burt County,3100
31,NE,023,Butler County,3870
31,NE,025,Cass County,12210
31,NE,027,Cedar County,3980
31,NE,029,Chase County,1850
31,NE,031,Cherry County,2800
31,NE,033,Cheyenne County,5000
31,NE,035,Clay County,2940
31,NE,037,Colfax County,5140
31,NE,039,Cuming County,4410
31,NE,041,Custer County,5180
31,NE,043,Dakota County,9810
31,NE,045,Dawes County,3620
31,NE,047,Dawson County,11340
31,NE,049,Deuel County,910
31,NE,051,Dixon County,2740
31,NE,053,Dodge County,17430
31,NE,055,Douglas County,262360
31,NE,057,Dundy County,870
31,NE,059,Fillmore County,2820
31,NE,061,Franklin County,1450
31,NE,063,Frontier County,1140
31,NE,065,Furnas County,2270
31,NE,067,Gage County,10310
31,NE,069,Garden County,930
31,NE,071,Garfield County,840
31,NE,073,Gosper County,970
31,NE,075,Grant County,340
31,NE,077,Greeley County,1120
31,NE,079,Hall County,29290
31,NE,081,Hamilton County,4520
31,NE,083,Harlan County,1550
31,NE,085,Hayes County,430
31,NE,087,Hitchcock County,1280
31,NE,089,Holt County,5040
31,NE,091,Hooker County,350
31,NE,093,Howard County,2970
31,NE,095,Jefferson County,3400
31,NE,097,Johnson County,2040
31,NE,099,Kearney County,3090
31,NE,101,Keith County,3950
31,NE,103,Keya Paha County,400
31,NE,105,Kimball County,1680
31,NE,107,Knox County,3880
31,NE,109,Lancaster County,140400
31,NE,111,Lincoln County,16600
31,NE,113,Logan County,360
31,NE,115,Loup County,270
31,NE,117,McPherson County,200
31,NE,119,Madison County,16720
31,NE,121,Merrick County,3610
31,NE,123,Morrill County,2190
31,NE,125,Nance County,1620
31,NE,127,Nemaha County,2980
31,NE,129,Nuckolls County,2010
31,NE,131,Otoe County,7530
31,NE,133,Pawnee County,1250
31,NE,135,Perkins County,1340
31,NE,137,Phelps County,4460
31,NE,139,Pierce County,3410
31,NE,141,Platte County,16460
31,NE,143,Polk County,2580
31,NE,145,Red Willow County,5100
31,NE,147,Richardson County,3800
31,NE,149,Rock County,660
31,NE,151,Saline County,6370
31,NE,153,Sarpy County,82790
31,NE,155,Saunders County,9950
31,NE,157,Scotts Bluff County,16500
31,NE,159,Seward County,7580
31,NE,161,Sheridan County,2380
31,NE,163,Sherman County,1410
31,NE,165,Sioux County,570
31,NE,167,Stanton County,2720
31,NE,169,Thayer County,2450
31,NE,171,Thomas County,320
31,NE,173,Thurston County,2700
31,NE,175,Valley County,1920
31,NE,177,Washington County,9610
31,NE,179,Wayne County,3720
31,NE,181,Webster County,1630
31,NE,183,Wheeler County,380
31,NE,185,York County,6660
32,NV,000,Nevada,1321660
32,NV,001,Churchill County,10790
32,NV,003,Clark County,957920
32,NV,005,Douglas County,25110
32,NV,007,Elko County,23230
32,NV,009,Esmeralda County,400
32,NV,011,Eureka County,820
32,NV,013,Humboldt County,7930
32,NV,015,Lander County,2650
32,NV,017,Lincoln County,1690
32,NV,019,Lyon County,24390
32,NV,021,Mineral County,1850
32,NV,023,Nye County,17760
32,NV,027,Pershing County,2050
32,NV,029,Storey County,1850
32,NV,031,Washoe County,212640
32,NV,033,White Pine County,4100
32,NV,510,Carson City,26560
33,NH,000,New Hampshire,684980
33,NH,001,Belknap County,32530
33,NH,003,Carroll County,25400
33,NH,005,Cheshire County,37210
33,NH,007,Coos County,14990
33,NH,009,Grafton County,43910
33,NH,011,Hillsborough County,209830
33,NH,013,Merrimack County,74350
33,NH,015,Rockingham County,164680
33,NH,017,Strafford County,60890
33,NH,019,Sullivan County,21210
34,NJ,000,New Jersey,4342400
34,NJ,001,Atlantic County,135430
34,NJ,003,Bergen County,460500
34,NJ,005,Burlington County,223760
34,NJ,007,Camden County,244100
34,NJ,009,Cape May County,49700
34,NJ,011,Cumberland County,67710
34,NJ,013,Essex County,365810
34,NJ,015,Gloucester County,138660
34,NJ,017,Hudson County,325010
34,NJ,019,Hunterdon County,64340
34,NJ,021,Mercer County,173960
34,NJ,023,Middlesex County,401840
34,NJ,025,Monmouth County,318840
34,NJ,027,Morris County,252070
34,NJ,029,Ocean County,279800
34,NJ,031,Passaic County,246570
34,NJ,033,Salem County,30580
34,NJ,035,Somerset County,167600
34,NJ,037,Sussex County,72400
34,NJ,039,Union County,270510
34,NJ,041,Warren County,53270
35,NM,000,New Mexico,911750
35,NM,001,Bernalillo County,306260
35,NM,003,Catron County,1350
35,NM,005,Chaves County,25740
35,NM,006,Cibola County,9170
35,NM,007,Colfax County,5450
35,NM,009,Curry County,21110
35,NM,011,De Baca County,840
35,NM,013,Doña Ana County,90410
35,NM,015,Eddy County,24750
35,NM,017,Grant County,12470
35,NM,019,Guadalupe County,1780
35,NM,021,Harding County,320
35,NM,023,Hidalgo County,1840
35,NM,025,Lea County,29290
35,NM,027,Lincoln County,8890
35,NM,028,Los Alamos County,8880
35,NM,029,Luna County,10510
35,NM,031,McKinley County,32280
35,NM,033,Mora County,1960
35,NM,035,Otero County,26230
35,NM,037,Quay County,3630
35,NM,039,Rio Arriba County,16400
35,NM,041,Roosevelt County,7660
35,NM,043,Sandoval County,61200
35,NM,045,San Juan County,51650
35,NM,047,San Miguel County,11480
35,NM,049,Santa Fe County,75260
35,NM,051,Sierra County,4850
35,NM,053,Socorro County,6870
35,NM,055,Taos County,15510
35,NM,057,Torrance County,5730
35,NM,059,Union County,1650
35,NM,061,Valencia County,30330
36,NY,000,New York,9523340
36,NY,001,Albany County,151980
36,NY,003,Allegany County,18880
36,NY,005,Bronx County,644950
36,NY,007,Broome County,89140
36,NY,009,Cattaraugus County,34420
36,NY,011,Cayuga County,35620
36,NY,013,Chautauqua County,57250
36,NY,015,Chemung County,39660
36,NY,017,Chenango County,22780
36,NY,019,Clinton County,36340
36,NY,021,Columbia County,29970
36,NY,023,Cortland County,20650
36,NY,025,Delaware County,19870
36,NY,027,Dutchess County,139970
36,NY,029,Erie County,446800
36,NY,031,Essex County,17850
36,NY,033,Franklin County,20120
36,NY,035,Fulton County,24870
36,NY,037,Genesee County,28260
36,NY,039,Greene County,22050
36,NY,041,Hamilton County,2610
36,NY,043,Herkimer County,27950
36,NY,045,Jefferson County,52390
36,NY,047,Kings County,1202400
36,NY,049,Lewis County,11780
36,NY,051,Livingston County,28160
36,NY,053,Madison County,31400
36,NY,055,Monroe County,361230
36,NY,057,Montgomery County,22690
36,NY,059,Nassau County,708170
36,NY,061,New York County,887420
36,NY,063,Niagara County,104380
36,NY,065,Oneida County,104560
36,NY,067,Onondaga County,222590
36,NY,069,Ontario County,53940
36,NY,071,Orange County,178310
36,NY,073,Orleans County,18560
36,NY,075,Oswego County,53040
36,NY,077,Otsego County,26530
36,NY,079,Putnam County,49630
36,NY,081,Queens County,1135060
36,NY,083,Rensselaer County,77610
36,NY,085,Richmond County,219350
36,NY,087,Rockland County,149040
36,NY,089,St. Lawrence County,43380
36,NY,091,Saratoga County,115070
36,NY,093,Schenectady County,76070
36,NY,095,Schoharie County,13680
36,NY,097,Schuyler County,8720
36,NY,099,Seneca County,15420
36,NY,101,Steuben County,44090
36,NY,103,Suffolk County,773080
36,NY,105,Sullivan County,33510
36,NY,107,Tioga County,23600
36,NY,109,Tompkins County,40930
36,NY,111,Ulster County,86150
36,NY,113,Warren County,33820
36,NY,115,Washington County,28530
36,NY,117,Wayne County,44480
36,NY,119,Westchester County,483430
36,NY,121,Wyoming County,18290
36,NY,123,Yates County,11060
37,NC,000,North Carolina,4380570
37,NC,001,Alamance County,68920
37,NC,003,Alexander County,14980
37,NC,005,Alleghany County,4510
37,NC,007,Anson County,9610
37,NC,009,Ashe County,10810
37,NC,011,Avery County,6910
37,NC,013,Beaufort County,20320
37,NC,015,Bertie County,8040
37,NC,017,Bladen County,13010
37,NC,019,Brunswick County,54260
37,NC,021,Buncombe County,121390
37,NC,023,Burke County,36960
37,NC,025,Cabarrus County,85820
37,NC,027,Caldwell County,33240
37,NC,029,Camden County,4410
37,NC,031,Carteret County,32150
37,NC,033,Caswell County,9230
37,NC,035,Catawba County,70590
37,NC,037,Chatham County,31430
37,NC,039,Cherokee County,10830
37,NC,041,Chowan County,6230
37,NC,043,Clay County,4320
37,NC,045,Cleveland County,40960
37,NC,047,Columbus County,21350
37,NC,049,Craven County,45760
37,NC,051,Cumberland County,141970
37,NC,053,Currituck County,11380
37,NC,055,Dare County,19260
37,NC,057,Davidson County,71410
37,NC,059,Davie County,18600
37,NC,061,Duplin County,23010
37,NC,063,Durham County,139410
37,NC,065,Edgecombe County,22590
37,NC,067,Forsyth County,165300
37,NC,069,Franklin County,25330
37,NC,071,Gaston County,92180
37,NC,073,Gates County,4650
37,NC,075,Graham County,3270
37,NC,077,Granville County,24350
37,NC,079,Greene County,7820
37,NC,081,Guilford County,233600
37,NC,083,Halifax County,21550
37,NC,085,Harnett County,48860
37,NC,087,Haywood County,26500
37,NC,089,Henderson County,51180
37,NC,091,Hertford County,8530
37,NC,093,Hoke County,19850
37,NC,095,Hyde County,2100
37,NC,097,Iredell County,76680
37,NC,099,Jackson County,15160
37,NC,101,Johnston County,77550
37,NC,103,Jones County,4320
37,NC,105,Lee County,25940
37,NC,107,Lenoir County,25800
37,NC,109,Lincoln County,34620
37,NC,111,McDowell County,18370
37,NC,113,Macon County,15050
37,NC,115,Madison County,8460
37,NC,117,Martin County,10270
37,NC,119,Mecklenburg County,480950
37,NC,121,Mitchell County,6030
37,NC,123,Montgomery County,11090
37,NC,125,Moore County,42250
37,NC,127,Nash County,43260
37,NC,129,New Hanover County,100570
37,NC,131,Northampton County,8110
37,NC,133,Onslow County,78430
37,NC,135,Orange County,59990
37,NC,137,Pamlico County,5480
37,NC,139,Pasquotank County,17070
37,NC,141,Pender County,23940
37,NC,143,Perquimans County,5710
37,NC,145,Person County,16880
37,NC,147,Pitt County,70570
37,NC,149,Polk County,8770
37,NC,151,Randolph County,61450
37,NC,153,Richmond County,18140
37,NC,155,Robeson County,49500
37,NC,157,Rockingham County,39260
37,NC,159,Rowan County,60090
37,NC,161,Rutherford County,25360
37,NC,163,Sampson County,28140
37,NC,165,Scotland County,13480
37,NC,167,Stanly County,25540
37,NC,169,Stokes County,19670
37,NC,171,Surry County,29980
37,NC,173,Swain County,7770
37,NC,175,Transylvania County,13990
37,NC,177,Tyrrell County,1660
37,NC,179,Union County,92200
37,NC,181,Vance County,18640
37,NC,183,Wake County,466560
37,NC,185,Warren County,7610
37,NC,187,Washington County,5220
37,NC,189,Watauga County,18820
37,NC,191,Wayne County,51660
37,NC,193,Wilkes County,27120
37,NC,195,Wilson County,35720
37,NC,197,Yadkin County,16050
37,NC,199,Yancey County,7190
38,ND,000,North Dakota,370550
38,ND,001,Adams County,1140
38,ND,003,Barnes County,5420
38,ND,005,Benson County,2590
38,ND,007,Billings County,490
38,ND,009,Bottineau County,3320
38,ND,011,Bowman County,1680
38,ND,013,Burke County,1280
38,ND,015,Burleigh County,46370
38,ND,017,Cass County,83860
38,ND,019,Cavalier County,1990
38,ND,021,Dickey County,2520
38,ND,023,Divide County,1270
38,ND,025,Dunn County,2260
38,ND,027,Eddy County,1150
38,ND,029,Emmons County,1610
38,ND,031,Foster County,1720
38,ND,033,Golden Valley County,890
38,ND,035,Grand Forks County,33630
38,ND,037,Grant County,1140
38,ND,039,Griggs County,1210
38,ND,041,Hettinger County,1270
38,ND,043,Kidder County,1160
38,ND,045,LaMoure County,1980
38,ND,047,Logan County,930
38,ND,049,McHenry County,2850
38,ND,051,McIntosh County,1360
38,ND,053,McKenzie County,5160
38,ND,055,McLean County,4700
38,ND,057,Mercer County,4380
38,ND,059,Morton County,15320
38,ND,061,Mountrail County,4810
38,ND,063,Nelson County,1560
38,ND,065,Oliver County,890
38,ND,067,Pembina County,3590
38,ND,069,Pierce County,2090
38,ND,071,Ramsey County,5810
38,ND,073,Ransom County,2850
38,ND,075,Renville County,1300
38,ND,077,Richland County,7810
38,ND,079,Rolette County,5520
38,ND,081,Sargent County,2070
38,ND,083,Sheridan County,660
38,ND,085,Sioux County,1320
38,ND,087,Slope County,330
38,ND,089,Stark County,16820
38,ND,091,Steele County,960
38,ND,093,Stutsman County,10300
38,ND,095,Towner County,1140
38,ND,097,Traill County,3740
38,ND,099,Walsh County,5480
38,ND,101,Ward County,35840
38,ND,103,Wells County,2170
38,ND,105,Williams County,19070
39,OH,000,Ohio,5559640
39,OH,001,Adams County,10870
39,OH,003,Allen County,47950
39,OH,005,Ashland County,24530
39,OH,007,Ashtabula County,44610
39,OH,009,Athens County,22100
39,OH,011,Auglaize County,23480
39,OH,013,Belmont County,31210
39,OH,015,Brown County,19040
39,OH,017,Butler County,172970
39,OH,019,Carroll County,12910
39,OH,021,Champaign County,18480
39,OH,023,Clark County,63770
39,OH,025,Clermont County,96950
39,OH,027,Clinton County,19140
39,OH,029,Columbiana County,47750
39,OH,031,Coshocton County,16120
39,OH,033,Crawford County,20570
39,OH,035,Cuyahoga County,627120
39,OH,037,Darke County,25240
39,OH,039,Defiance County,18960
39,OH,041,Delaware County,89940
39,OH,043,Erie County,39770
39,OH,045,Fairfield County,69870
39,OH,047,Fayette County,13380
39,OH,049,Franklin County,612920
39,OH,051,Fulton County,21140
39,OH,053,Gallia County,12050
39,OH,055,Geauga County,47460
39,OH,057,Greene County,75670
39,OH,059,Guernsey County,18260
39,OH,061,Hamilton County,401250
39,OH,063,Hancock County,37220
39,OH,065,Hardin County,13230
39,OH,067,Harrison County,6690
39,OH,069,Henry County,14130
39,OH,071,Highland County,18250
39,OH,073,Hocking County,12240
39,OH,075,Holmes County,17100
39,OH,077,Huron County,28820
39,OH,079,Jackson County,13490
39,OH,081,Jefferson County,30740
39,OH,083,Knox County,27080
39,OH,085,Lake County,122420
39,OH,087,Lawrence County,25410
39,OH,089,Licking County,80880
39,OH,091,Logan County,22400
39,OH,093,Lorain County,147360
39,OH,095,Lucas County,203380
39,OH,097,Madison County,18990
39,OH,099,Mahoning County,112550
39,OH,101,Marion County,28010
39,OH,103,Medina County,90420
39,OH,105,Meigs County,9120
39,OH,107,Mercer County,20950
39,OH,109,Miami County,51000
39,OH,111,Monroe County,6400
39,OH,113,Montgomery County,255760
39,OH,115,Morgan County,5990
39,OH,117,Morrow County,15410
39,OH,119,Muskingum County,39390
39,OH,121,Noble County,5350
39,OH,123,Ottawa County,21570
39,OH,125,Paulding County,8960
39,OH,127,Perry County,15190
39,OH,129,Pickaway County,24370
39,OH,131,Pike County,11100
39,OH,133,Portage County,75960
39,OH,135,Preble County,19410
39,OH,137,Putnam County,17430
39,OH,139,Richland County,56820
39,OH,141,Ross County,32500
39,OH,143,Sandusky County,30110
39,OH,145,Scioto County,29020
39,OH,147,Seneca County,26540
39,OH,149,Shelby County,23980
39,OH,151,Stark County,184130
39,OH,153,Summit County,268810
39,OH,155,Trumbull County,100310
39,OH,157,Tuscarawas County,45050
39,OH,159,Union County,24680
39,OH,161,Van Wert County,14150
39,OH,163,Vinton County,5130
39,OH,165,Warren County,105790
39,OH,167,Washington County,29090
39,OH,169,Wayne County,54010
39,OH,171,Williams County,18310
39,OH,173,Wood County,60820
39,OH,175,Wyandot County,11120
40,OK,000,Oklahoma,1639760
40,OK,001,Adair County,7850
40,OK,003,Alfalfa County,2150
40,OK,005,Atoka County,5190
40,OK,007,Beaver County,2370
40,OK,009,Beckham County,9480
40,OK,011,Blaine County,4090
40,OK,013,Bryan County,17020
40,OK,015,Caddo County,10820
40,OK,017,Canadian County,57890
40,OK,019,Carter County,21230
40,OK,021,Cherokee County,17680
40,OK,023,Choctaw County,5630
40,OK,025,Cimarron County,1130
40,OK,027,Cleveland County,119270
40,OK,029,Coal County,2050
40,OK,031,Comanche County,49300
40,OK,033,Cotton County,2420
40,OK,035,Craig County,5540
40,OK,037,Creek County,29220
40,OK,039,Custer County,12070
40,OK,041,Delaware County,15450
40,OK,043,Dewey County,2160
40,OK,045,Ellis County,1850
40,OK,047,Garfield County,28170
40,OK,049,Garvin County,11180
40,OK,051,Grady County,21720
40,OK,053,Grant County,1960
40,OK,055,Greer County,1980
40,OK,057,Harmon County,1010
40,OK,059,Harper County,1630
40,OK,061,Haskell County,4600
40,OK,063,Hughes County,4780
40,OK,065,Jackson County,10800
40,OK,067,Jefferson County,2230
40,OK,069,Johnston County,4190
40,OK,071,Kay County,19350
40,OK,073,Kingfisher County,6940
40,OK,075,Kiowa County,3650
40,OK,077,Latimer County,4250
40,OK,079,Le Flore County,17950
40,OK,081,Lincoln County,13590
40,OK,083,Logan County,18080
40,OK,085,Love County,4150
40,OK,087,McClain County,16450
40,OK,089,McCurtain County,12600
40,OK,091,McIntosh County,7520
40,OK,093,Major County,3410
40,OK,095,Marshall County,6270
40,OK,097,Mayes County,16020
40,OK,099,Murray County,5790
40,OK,101,Muskogee County,27150
40,OK,103,Noble County,4850
40,OK,105,Nowata County,4240
40,OK,107,Okfuskee County,4020
40,OK,109,Oklahoma County,341380
40,OK,111,Okmulgee County,15170
40,OK,113,Osage County,17600
40,OK,115,Ottawa County,12860
40,OK,117,Pawnee County,6320
40,OK,119,Payne County,29670
40,OK,121,Pittsburg County,17970
40,OK,123,Pontotoc County,16290
40,OK,125,Pottawatomie County,28670
40,OK,127,Pushmataha County,4280
40,OK,129,Roger Mills County,1590
40,OK,131,Rogers County,39320
40,OK,133,Seminole County,9350
40,OK,135,Sequoyah County,15540
40,OK,137,Stephens County,18340
40,OK,139,Texas County,9830
40,OK,141,Tillman County,2960
40,OK,143,Tulsa County,287480
40,OK,145,Wagoner County,31730
40,OK,147,Washington County,23370
40,OK,149,Washita County,4810
40,OK,151,Woods County,3950
40,OK,153,Woodward County,9230
41,OR,000,Oregon,1825020
41,OR,001,Baker County,6820
41,OR,003,Benton County,37890
41,OR,005,Clackamas County,189480
41,OR,007,Clatsop County,17610
41,OR,009,Columbia County,21810
41,OR,011,Coos County,26900
41,OR,013,Crook County,9200
41,OR,015,Curry County,10330
41,OR,017,Deschutes County,81790
41,OR,019,Douglas County,44920
41,OR,021,Gilliam County,820
41,OR,023,Grant County,3040
41,OR,025,Harney County,2970
41,OR,027,Hood River County,11600
41,OR,029,Jackson County,96950
41,OR,031,Jefferson County,9050
41,OR,033,Josephine County,35560
41,OR,035,Klamath County,27160
41,OR,037,Lake County,3080
41,OR,039,Lane County,161290
41,OR,041,Lincoln County,21590
41,OR,043,Linn County,51380
41,OR,045,Malheur County,10590
41,OR,047,Marion County,140350
41,OR,049,Morrow County,4770
41,OR,051,Multnomah County,385290
41,OR,053,Polk County,33540
41,OR,055,Sherman County,830
41,OR,057,Tillamook County,11750
41,OR,059,Umatilla County,31430
41,OR,061,Union County,11210
41,OR,063,Wallowa County,3310
41,OR,065,Wasco County,11200
41,OR,067,Washington County,265690
41,OR,069,Wheeler County,570
41,OR,071,Yamhill County,43410
42,PA,000,Pennsylvania,6168840
42,PA,001,Adams County,50750
42,PA,003,Allegheny County,630440
42,PA,005,Armstrong County,32440
42,PA,007,Beaver County,86300
42,PA,009,Bedford County,22920
42,PA,011,Berks County,201400
42,PA,013,Blair County,59330
42,PA,015,Bradford County,29020
42,PA,017,Bucks County,328200
42,PA,019,Butler County,93330
42,PA,021,Cambria County,64240
42,PA,023,Cameron County,2450
42,PA,025,Carbon County,30840
42,PA,027,Centre County,59660
42,PA,029,Chester County,250820
42,PA,031,Clarion County,17270
42,PA,033,Clearfield County,36760
42,PA,035,Clinton County,17010
42,PA,037,Columbia County,29620
42,PA,039,Crawford County,38740
42,PA,041,Cumberland County,123000
42,PA,043,Dauphin County,140820
42,PA,045,Delaware County,275390
42,PA,047,Elk County,16640
42,PA,049,Erie County,130660
42,PA,051,Fayette County,61800
42,PA,053,Forest County,2250
42,PA,055,Franklin County,75390
42,PA,057,Fulton County,7060
42,PA,059,Greene County,16150
42,PA,061,Huntingdon County,19090
42,PA,063,Indiana County,36500
42,PA,065,Jefferson County,21380
42,PA,067,Juniata County,11110
42,PA,069,Lackawanna County,102910
42,PA,071,Lancaster County,261550
42,PA,073,Lawrence County,41940
42,PA,075,Lebanon County,67730
42,PA,077,Lehigh County,179430
42,PA,079,Luzerne County,156410
42,PA,081,Lycoming County,54980
42,PA,083,McKean County,19070
42,PA,085,Mercer County,53650
42,PA,087,Mifflin County,20920
42,PA,089,Monroe County,76980
42,PA,091,Montgomery County,415720
42,PA,093,Montour County,9100
42,PA,095,Northampton County,149540
42,PA,097,Northumberland County,43740
42,PA,099,Perry County,22560
42,PA,101,Philadelphia County,671090
42,PA,103,Pike County,26650
42,PA,105,Potter County,7670
42,PA,107,Schuylkill County,67940
42,PA,109,Snyder County,18200
42,PA,111,Somerset County,34760
42,PA,113,Sullivan County,2950
42,PA,115,Susquehanna County,19880
42,PA,117,Tioga County,18800
42,PA,119,Union County,17140
42,PA,121,Venango County,25080
42,PA,123,Warren County,19530
42,PA,125,Washington County,103600
42,PA,127,Wayne County,24650
42,PA,129,Westmoreland County,183080
42,PA,131,Wyoming County,13640
42,PA,133,York County,219430
44,RI,000,Rhode Island,521890
44,RI,001,Bristol County,24030
44,RI,003,Kent County,87440
44,RI,005,Newport County,42940
44,RI,007,Providence County,303100
44,RI,009,Washington County,64390
45,SC,000,South Carolina,2123820
45,SC,001,Abbeville County,9580
45,SC,003,Aiken County,71560
45,SC,005,Allendale County,3230
45,SC,007,Anderson County,81950
45,SC,009,Bamberg County,5450
45,SC,011,Barnwell County,8720
45,SC,013,Beaufort County,80770
45,SC,015,Berkeley County,87860
45,SC,017,Calhoun County,6240
45,SC,019,Charleston County,182410
45,SC,021,Cherokee County,22680
45,SC,023,Chester County,13820
45,SC,025,Chesterfield County,17670
45,SC,027,Clarendon County,13220
45,SC,029,Colleton County,16340
45,SC,031,Darlington County,27790
45,SC,033,Dillon County,12240
45,SC,035,Dorchester County,67460
45,SC,037,Edgefield County,10500
45,SC,039,Fairfield County,9890
45,SC,041,Florence County,59150
45,SC,043,Georgetown County,28890
45,SC,045,Greenville County,218620
45,SC,047,Greenwood County,29560
45,SC,049,Hampton County,7840
45,SC,051,Horry County,144120
45,SC,053,Jasper County,10800
45,SC,055,Kershaw County,27320
45,SC,057,Lancaster County,35300
45,SC,059,Laurens County,26960
45,SC,061,Lee County,6950
45,SC,063,Lexington County,124410
45,SC,065,McCormick County,3840
45,SC,067,Marion County,13380
45,SC,069,Marlboro County,10590
45,SC,071,Newberry County,16470
45,SC,073,Oconee County,31690
45,SC,075,Orangeburg County,37190
45,SC,077,Pickens County,48130
45,SC,079,Richland County,176280
45,SC,081,Saluda County,8550
45,SC,083,Spartanburg County,127830
45,SC,085,Sumter County,46770
45,SC,087,Union County,11070
45,SC,089,Williamsburg County,13220
45,SC,091,York County,109760
46,SD,000,South Dakota,410850
46,SD,003,Aurora County,1340
46,SD,005,Beadle County,8780
46,SD,007,Bennett County,1150
46,SD,009,Bon Homme County,2760
46,SD,011,Brookings County,13820
46,SD,013,Brown County,18970
46,SD,015,Brule County,2570
46,SD,017,Buffalo County,710
46,SD,019,Butte County,4790
46,SD,021,Campbell County,750
46,SD,023,Charles Mix County,3760
46,SD,025,Clark County,1800
46,SD,027,Clay County,5270
46,SD,029,Codington County,13870
46,SD,031,Corson County,1320
46,SD,033,Custer County,4100
46,SD,035,Davison County,9870
46,SD,037,Day County,2730
46,SD,039,Deuel County,2140
46,SD,041,Dewey County,2490
46,SD,043,Douglas County,1400
46,SD,045,Edmunds County,1900
46,SD,047,Fall River County,3390
46,SD,049,Faulk County,1000
46,SD,051,Grant County,3710
46,SD,053,Gregory County,1990
46,SD,055,Haakon County,980
46,SD,057,Hamlin County,2590
46,SD,059,Hand County,1660
46,SD,061,Hanson County,2120
46,SD,063,Harding County,620
46,SD,065,Hughes County,8950
46,SD,067,Hutchinson County,3350
46,SD,069,Hyde County,660
46,SD,071,Jackson County,1100
46,SD,073,Jerauld County,860
46,SD,075,Jones County,500
46,SD,077,Kingsbury County,2690
46,SD,079,Lake County,6630
46,SD,081,Lawrence County,12430
46,SD,083,Lincoln County,25020
46,SD,085,Lyman County,1730
46,SD,087,McCook County,2660
46,SD,089,McPherson County,970
46,SD,091,Marshall County,2100
46,SD,093,Meade County,13030
46,SD,095,Mellette County,730
46,SD,097,Miner County,1080
46,SD,099,Minnehaha County,96150
46,SD,101,Moody County,3020
46,SD,102,Oglala County,3930
46,SD,103,Pennington County,54700
46,SD,105,Perkins County,1380
46,SD,107,Potter County,1260
46,SD,109,Roberts County,4400
46,SD,111,Sanborn County,1120
46,SD,115,Spink County,2990
46,SD,117,Stanley County,1560
46,SD,119,Sully County,760
46,SD,121,Todd County,2900
46,SD,123,Tripp County,2660
46,SD,125,Turner County,3950
46,SD,127,Union County,7450
46,SD,129,Walworth County,2740
46,SD,135,Yankton County,10820
46,SD,137,Ziebach County,500
47,TN,000,Tennessee,2928220
47,TN,001,Anderson County,33700
47,TN,003,Bedford County,20400
47,TN,005,Benton County,6580
47,TN,007,Bledsoe County,4400
47,TN,009,Blount County,57560
47,TN,011,Bradley County,45170
47,TN,013,Campbell County,14540
47,TN,015,Cannon County,5900
47,TN,017,Carroll County,11420
47,TN,019,Carter County,22710
47,TN,021,Cheatham County,18450
47,TN,023,Chester County,6630
47,TN,025,Claiborne County,11920
47,TN,027,Clay County,2930
47,TN,029,Cocke County,14420
47,TN,031,Coffee County,23800
47,TN,033,Crockett County,6050
47,TN,035,Cumberland County,25550
47,TN,037,Davidson County,335820
47,TN,039,Decatur County,4500
47,TN,041,DeKalb County,7770
47,TN,043,Dickson County,22550
47,TN,045,Dyer County,16020
47,TN,047,Fayette County,18270
47,TN,049,Fentress County,6510
47,TN,051,Franklin County,17840
47,TN,053,Gibson County,21000
47,TN,055,Giles County,12480
47,TN,057,Grainger County,8830
47,TN,059,Greene County,28740
47,TN,061,Grundy County,5410
47,TN,063,Hamblen County,26780
47,TN,065,Hamilton County,162350
47,TN,067,Hancock County,2290
47,TN,069,Hardeman County,9800
47,TN,071,Hardin County,10380
47,TN,073,Hawkins County,23010
47,TN,075,Haywood County,8050
47,TN,077,Henderson County,11640
47,TN,079,Henry County,13740
47,TN,081,Hickman County,9200
47,TN,083,Houston County,3320
47,TN,085,Humphreys County,7830
47,TN,087,Jackson County,4350
47,TN,089,Jefferson County,21840
47,TN,091,Johnson County,6180
47,TN,093,Knox County,202660
47,TN,095,Lake County,2120
47,TN,097,Lauderdale County,9690
47,TN,099,Lawrence County,16360
47,TN,101,Lewis County,4760
47,TN,103,Lincoln County,14640
47,TN,105,Loudon County,23360
47,TN,107,McMinn County,21910
47,TN,109,McNairy County,10200
47,TN,111,Macon County,9250
47,TN,113,Madison County,43490
47,TN,115,Marion County,11930
47,TN,117,Marshall County,13940
47,TN,119,Maury County,40490
47,TN,121,Meigs County,4890
47,TN,123,Monroe County,18470
47,TN,125,Montgomery County,80520
47,TN,127,Moore County,2760
47,TN,129,Morgan County,7410
47,TN,131,Obion County,13640
47,TN,133,Overton County,8770
47,TN,135,Perry County,3080
47,TN,137,Pickett County,2070
47,TN,139,Polk County,6950
47,TN,141,Putnam County,31010
47,TN,143,Rhea County,13130
47,TN,145,Roane County,22430
47,TN,147,Robertson County,32610
47,TN,149,Rutherford County,134040
47,TN,151,Scott County,7630
47,TN,153,Sequatchie County,5910
47,TN,155,Sevier County,45150
47,TN,157,Shelby County,439940
47,TN,159,Smith County,8170
47,TN,161,Stewart County,5430
47,TN,163,Sullivan County,69430
47,TN,165,Sumner County,80120
47,TN,167,Tipton County,26250
47,TN,169,Trousdale County,3630
47,TN,171,Unicoi County,7300
47,TN,173,Union County,7120
47,TN,175,Van Buren County,2280
47,TN,177,Warren County,16570
47,TN,179,Washington County,55110
47,TN,181,Wayne County,5640
47,TN,183,Weakley County,12890
47,TN,185,White County,10590
47,TN,187,Williamson County,94660
47,TN,189,Wilson County,59550
48,TX,000,Texas,11991140
48,TX,001,Anderson County,19050
48,TX,003,Andrews County,7600
48,TX,005,Angelina County,36570
48,TX,007,Aransas County,11440
48,TX,009,Archer County,3900
48,TX,011,Armstrong County,830
48,TX,013,Atascosa County,20230
48,TX,015,Austin County,14110
48,TX,017,Bailey County,2980
48,TX,019,Bandera County,9320
48,TX,021,Bastrop County,34050
48,TX,023,Baylor County,1480
48,TX,025,Bee County,11080
48,TX,027,Bell County,143680
48,TX,029,Bexar County,840050
48,TX,031,Blanco County,5110
48,TX,033,Borden County,250
48,TX,035,Bosque County,7590
48,TX,037,Bowie County,40080
48,TX,039,Brazoria County,145950
48,TX,041,Brazos County,78710
48,TX,043,Brewster County,4320
48,TX,045,Briscoe County,640
48,TX,047,Brooks County,3020
48,TX,049,Brown County,15810
48,TX,051,Burleson County,8030
48,TX,053,Burnet County,20880
48,TX,055,Caldwell County,16860
48,TX,057,Calhoun County,9630
48,TX,059,Callahan County,5800
48,TX,061,Cameron County,161210
48,TX,063,Camp County,5310
48,TX,065,Carson County,2600
48,TX,067,Cass County,12520
48,TX,069,Castro County,2990
48,TX,071,Chambers County,18080
48,TX,073,Cherokee County,20170
48,TX,075,Childress County,2540
48,TX,077,Clay County,4550
48,TX,079,Cochran County,1240
48,TX,081,Coke County,1440
48,TX,083,Coleman County,3620
48,TX,085,Collin County,404120
48,TX,087,Collingsworth County,1220
48,TX,089,Colorado County,9660
48,TX,091,Comal County,60900
48,TX,093,Comanche County,5580
48,TX,095,Concho County,1010
48,TX,097,Cooke County,17890
48,TX,099,Coryell County,27200
48,TX,101,Cottle County,650
48,TX,103,Crane County,2120
48,TX,105,Crockett County,1710
48,TX,107,Crosby County,2390
48,TX,109,Culberson County,1030
48,TX,111,Dallam County,3390
48,TX,113,Dallas County,1154650
48,TX,115,Dawson County,5120
48,TX,117,Deaf Smith County,8080
48,TX,119,Delta County,1970
48,TX,121,Denton County,345710
48,TX,123,DeWitt County,8590
48,TX,125,Dickens County,780
48,TX,127,Dimmit County,4470
48,TX,129,Donley County,1480
48,TX,131,Duval County,4770
48,TX,133,Eastland County,7300
48,TX,135,Ector County,70810
48,TX,137,Edwards County,800
48,TX,139,Ellis County,71900
48,TX,141,El Paso County,357290
48,TX,143,Erath County,15520
48,TX,145,Falls County,6430
48,TX,147,Fannin County,13120
48,TX,149,Fayette County,11580
48,TX,151,Fisher County,1590
48,TX,153,Floyd County,2510
48,TX,155,Foard County,520
48,TX,157,Fort Bend County,305380
48,TX,159,Franklin County,4180
48,TX,161,Freestone County,7870
48,TX,163,Frio County,6490
48,TX,165,Gaines County,7500
48,TX,167,Galveston County,146440
48,TX,169,Garza County,1870
48,TX,171,Gillespie County,13080
48,TX,173,Glasscock County,640
48,TX,175,Goliad County,3210
48,TX,177,Gonzales County,8880
48,TX,179,Gray County,9440
48,TX,181,Grayson County,55050
48,TX,183,Gregg County,56490
48,TX,185,Grimes County,11390
48,TX,187,Guadalupe County,68020
48,TX,189,Hale County,13470
48,TX,191,Hall County,1250
48,TX,193,Hamilton County,3580
48,TX,195,Hansford County,2470
48,TX,197,Hardeman County,1650
48,TX,199,Hardin County,23950
48,TX,201,Harris County,1999680
48,TX,203,Harrison County,29050
48,TX,205,Hartley County,1860
48,TX,207,Haskell County,2260
48,TX,209,Hays County,82700
48,TX,211,Hemphill County,1910
48,TX,213,Henderson County,32470
48,TX,215,Hidalgo County,303160
48,TX,217,Hill County,14660
48,TX,219,Hockley County,9450
48,TX,221,Hood County,24760
48,TX,223,Hopkins County,15210
48,TX,225,Houston County,8310
48,TX,227,Howard County,13950
48,TX,229,Hudspeth County,1400
48,TX,231,Hunt County,36840
48,TX,233,Hutchinson County,9480
48,TX,235,Irion County,730
48,TX,237,Jack County,3330
48,TX,239,Jackson County,6700
48,TX,241,Jasper County,14100
48,TX,243,Jeff Davis County,1000
48,TX,245,Jefferson County,109000
48,TX,247,Jim Hogg County,2130
48,TX,249,Jim Wells County,17810
48,TX,251,Johnson County,70010
48,TX,253,Jones County,6610
48,TX,255,Karnes County,5890
48,TX,257,Kaufman County,49830
48,TX,259,Kendall County,19300
48,TX,261,Kenedy County,150
48,TX,263,Kent County,340
48,TX,265,Kerr County,24130
48,TX,267,Kimble County,2000
48,TX,269,King County,120
48,TX,271,Kinney County,1290
48,TX,273,Kleberg County,13270
48,TX,275,Knox County,1510
48,TX,277,Lamar County,20880
48,TX,279,Lamb County,5450
48,TX,281,Lampasas County,9020
48,TX,283,La Salle County,2570
48,TX,285,Lavaca County,9410
48,TX,287,Lee County,7790
48,TX,289,Leon County,7540
48,TX,291,Liberty County,31060
48,TX,293,Limestone County,9240
48,TX,295,Lipscomb County,1540
48,TX,297,Live Oak County,4910
48,TX,299,Llano County,8430
48,TX,301,Loving County,30
48,TX,303,Lubbock County,126580
48,TX,305,Lynn County,2460
48,TX,307,McCulloch County,3700
48,TX,309,McLennan County,104520
48,TX,311,McMullen County,480
48,TX,313,Madison County,5260
48,TX,315,Marion County,4080
48,TX,317,Martin County,2270
48,TX,319,Mason County,1820
48,TX,321,Matagorda County,16240
48,TX,323,Maverick County,25000
48,TX,325,Medina County,19470
48,TX,327,Menard County,920
48,TX,329,Midland County,74720
48,TX,331,Milam County,10260
48,TX,333,Mills County,2090
48,TX,335,Mitchell County,3050
48,TX,337,Montague County,8310
48,TX,339,Montgomery County,232340
48,TX,341,Moore County,9510
48,TX,343,Morris County,5390
48,TX,345,Motley County,480
48,TX,347,Nacogdoches County,25250
48,TX,349,Navarro County,20230
48,TX,351,Newton County,4880
48,TX,353,Nolan County,6470
48,TX,355,Nueces County,157370
48,TX,357,Ochiltree County,4710
48,TX,359,Oldham County,910
48,TX,361,Orange County,36920
48,TX,363,Palo Pinto County,11820
48,TX,365,Panola County,9980
48,TX,367,Parker County,56030
48,TX,369,Parmer County,4210
48,TX,371,Pecos County,6250
48,TX,373,Polk County,22130
48,TX,375,Potter County,51760
48,TX,377,Presidio County,3600
48,TX,379,Rains County,4250
48,TX,381,Randall County,59680
48,TX,383,Reagan County,1690
48,TX,385,Real County,1500
48,TX,387,Red River County,5210
48,TX,389,Reeves County,5090
48,TX,391,Refugio County,3450
48,TX,393,Roberts County,410
48,TX,395,Robertson County,7470
48,TX,397,Rockwall County,39560
48,TX,399,Runnels County,4650
48,TX,401,Rusk County,20860
48,TX,403,Sabine County,4240
48,TX,405,San Augustine County,3300
48,TX,407,San Jacinto County,10120
48,TX,409,San Patricio County,31200
48,TX,411,San Saba County,2410
48,TX,413,Schleicher County,1270
48,TX,415,Scurry County,7190
48,TX,417,Shackelford County,1510
48,TX,419,Shelby County,10350
48,TX,421,Sherman County,1110
48,TX,423,Smith County,97400
48,TX,425,Somervell County,3720
48,TX,427,Starr County,24290
48,TX,429,Stephens County,3720
48,TX,431,Sterling County,570
48,TX,433,Stonewall County,620
48,TX,435,Sutton County,1860
48,TX,437,Swisher County,2860
48,TX,439,Tarrant County,896590
48,TX,441,Taylor County,60630
48,TX,443,Terrell County,360
48,TX,445,Terry County,4850
48,TX,447,Throckmorton County,680
48,TX,449,Titus County,13550
48,TX,451,Tom Green County,53030
48,TX,453,Travis County,617750
48,TX,455,Trinity County,5740
48,TX,457,Tyler County,7450
48,TX,459,Upshur County,16110
48,TX,461,Upton County,1520
48,TX,463,Uvalde County,11940
48,TX,465,Val Verde County,21010
48,TX,467,Van Zandt County,21670
48,TX,469,Victoria County,42430
48,TX,471,Walker County,23780
48,TX,473,Waller County,18820
48,TX,475,Ward County,5130
48,TX,477,Washington County,16230
48,TX,479,Webb County,108850
48,TX,481,Wharton County,19390
48,TX,483,Wheeler County,2560
48,TX,485,Wichita County,54180
48,TX,487,Wilbarger County,5800
48,TX,489,Willacy County,7440
48,TX,491,Williamson County,226130
48,TX,493,Wilson County,20310
48,TX,495,Winkler County,3330
48,TX,497,Wise County,26750
48,TX,499,Wood County,18070
48,TX,501,Yoakum County,3670
48,TX,503,Young County,7920
48,TX,505,Zapata County,5180
48,TX,507,Zavala County,4690
49,UT,000,Utah,1221050
49,UT,001,Beaver County,2610
49,UT,003,Box Elder County,21030
49,UT,005,Cache County,45850
49,UT,007,Carbon County,8000
49,UT,009,Daggett County,430
49,UT,011,Davis County,136370
49,UT,013,Duchesne County,7940
49,UT,015,Emery County,3890
49,UT,017,Garfield County,2100
49,UT,019,Grand County,4790
49,UT,021,Iron County,17680
49,UT,023,Juab County,3900
49,UT,025,Kane County,2950
49,UT,027,Millard County,4880
49,UT,029,Morgan County,4300
49,UT,031,Piute County,520
49,UT,033,Rich County,880
49,UT,035,Salt Lake County,487650
49,UT,037,San Juan County,4210
49,UT,039,Sanpete County,8970
49,UT,041,Sevier County,7850
49,UT,043,Summit County,21080
49,UT,045,Tooele County,24040
49,UT,047,Uintah County,14010
49,UT,049,Utah County,208530
49,UT,051,Wasatch County,11550
49,UT,053,Washington County,60380
49,UT,055,Wayne County,1080
49,UT,057,Weber County,103740
50,VT,000,Vermont,322850
50,VT,001,Addison County,18600
50,VT,003,Bennington County,18550
50,VT,005,Caledonia County,14590
50,VT,007,Chittenden County,83840
50,VT,009,Essex County,2860
50,VT,011,Franklin County,24260
50,VT,013,Grand Isle County,3810
50,VT,015,Lamoille County,13360
50,VT,017,Orange County,14710
50,VT,019,Orleans County,13470
50,VT,021,Rutland County,31220
50,VT,023,Washington County,30870
50,VT,025,Windham County,22640
50,VT,027,Windsor County,30130
51,VA,000,Virginia,3871420
51,VA,001,Accomack County,16130
51,VA,003,Albemarle County,48060
51,VA,005,Alleghany County,6890
51,VA,007,Amelia County,5990
51,VA,009,Amherst County,14090
51,VA,011,Appomattox County,6820
51,VA,013,Arlington County,124450
51,VA,015,Augusta County,34230
51,VA,017,Bath County,2220
51,VA,019,Bedford County,35450
51,VA,021,Bland County,2580
51,VA,023,Botetourt County,16040
51,VA,025,Brunswick County,6490
51,VA,027,Buchanan County,7870
51,VA,029,Buckingham County,6220
51,VA,031,Campbell County,25040
51,VA,033,Caroline County,13620
51,VA,035,Carroll County,12110
51,VA,036,Charles City County,3530
51,VA,037,Charlotte County,5090
51,VA,041,Chesterfield County,161200
51,VA,043,Clarke County,6930
51,VA,045,Craig County,2200
51,VA,047,Culpeper County,21830
51,VA,049,Cumberland County,4250
51,VA,051,Dickenson County,4990
51,VA,053,Dinwiddie County,12850
51,VA,057,Essex County,5330
51,VA,059,Fairfax County,547180
51,VA,061,Fauquier County,33340
51,VA,063,Floyd County,6650
51,VA,065,Fluvanna County,11810
51,VA,067,Franklin County,23700
51,VA,069,Frederick County,39090
51,VA,071,Giles County,7410
51,VA,073,Gloucester County,17990
51,VA,075,Goochland County,10610
51,VA,077,Grayson County,6140
51,VA,079,Greene County,8760
51,VA,081,Greensville County,3730
51,VA,083,Halifax County,14870
51,VA,085,Hanover County,50620
51,VA,087,Henrico County,160310
51,VA,089,Henry County,22120
51,VA,091,Highland County,1070
51,VA,093,Isle of Wight County,17480
51,VA,095,James City County,36100
51,VA,097,King and Queen County,3170
51,VA,099,King George County,11350
51,VA,101,King William County,8000
51,VA,103,Lancaster County,5760
51,VA,105,Lee County,7700
51,VA,107,Loudoun County,169340
51,VA,109,Louisa County,15470
51,VA,111,Lunenburg County,4850
51,VA,113,Madison County,6040
51,VA,115,Mathews County,4240
51,VA,117,Mecklenburg County,13360
51,VA,119,Middlesex County,5150
51,VA,121,Montgomery County,34650
51,VA,125,Nelson County,7300
51,VA,127,New Kent County,9840
51,VA,131,Northampton County,5910
51,VA,133,Northumberland County,5930
51,VA,135,Nottoway County,6120
51,VA,137,Orange County,16370
51,VA,139,Page County,10570
51,VA,141,Patrick County,7230
51,VA,143,Pittsylvania County,26780
51,VA,145,Powhatan County,12950
51,VA,147,Prince Edward County,7830
51,VA,149,Prince George County,15320
51,VA,153,Prince William County,209820
51,VA,155,Pulaski County,14550
51,VA,157,Rappahannock County,3610
51,VA,159,Richmond County,3360
51,VA,161,Roanoke County,45860
51,VA,163,Rockbridge County,9980
51,VA,165,Rockingham County,36250
51,VA,167,Russell County,10000
51,VA,169,Scott County,8170
51,VA,171,Shenandoah County,20450
51,VA,173,Smyth County,12710
51,VA,175,Southampton County,7570
51,VA,177,Spotsylvania County,60050
51,VA,179,Stafford County,62560
51,VA,181,Surry County,3180
51,VA,183,Sussex County,4470
51,VA,185,Tazewell County,16070
51,VA,187,Warren County,18260
51,VA,191,Washington County,22510
51,VA,193,Westmoreland County,8340
51,VA,195,Wise County,13850
51,VA,197,Wythe County,12560
51,VA,199,York County,31660
51,VA,510,Alexandria city,83210
51,VA,520,Bristol city,7120
51,VA,530,Buena Vista city,2830
51,VA,540,Charlottesville city,20320
51,VA,550,Chesapeake city,110410
51,VA,570,Colonial Heights city,8900
51,VA,580,Covington city,2780
51,VA,590,Danville city,18330
51,VA,595,Emporia city,2670
51,VA,600,Fairfax city,12300
51,VA,610,Falls Church city,6430
51,VA,620,Franklin city,3870
51,VA,630,Fredericksburg city,12580
51,VA,640,Galax city,2970
51,VA,650,Hampton city,65570
51,VA,660,Harrisonburg city,17430
51,VA,670,Hopewell city,10290
51,VA,678,Lexington city,2380
51,VA,680,Lynchburg city,31580
51,VA,683,Manassas city,20450
51,VA,685,Manassas Park city,7460
51,VA,690,Martinsville city,6100
51,VA,700,Newport News city,86040
51,VA,710,Norfolk city,104840
51,VA,720,Norton city,1670
51,VA,730,Petersburg city,16200
51,VA,735,Poquoson city,5950
51,VA,740,Portsmouth city,45690
51,VA,750,Radford city,5210
51,VA,760,Richmond city,100430
51,VA,770,Roanoke city,46790
51,VA,775,Salem city,11720
51,VA,790,Staunton city,11620
51,VA,800,Suffolk city,39730
51,VA,810,Virginia Beach city,222370
51,VA,820,Waynesboro city,10350
51,VA,830,Williamsburg city,5490
51,VA,840,Winchester city,13340
53,WA,000,Washington,3342610
53,WA,001,Adams County,8270
53,WA,003,Asotin County,9840
53,WA,005,Benton County,83130
53,WA,007,Chelan County,36560
53,WA,009,Clallam County,33750
53,WA,011,Clark County,207890
53,WA,013,Columbia County,1700
53,WA,015,Cowlitz County,44530
53,WA,017,Douglas County,18110
53,WA,019,Ferry County,2730
53,WA,021,Franklin County,35720
53,WA,023,Garfield County,950
53,WA,025,Grant County,39880
53,WA,027,Grays Harbor County,28990
53,WA,029,Island County,38880
53,WA,031,Jefferson County,15380
53,WA,033,King County,1055960
53,WA,035,Kitsap County,120700
53,WA,037,Kittitas County,18060
53,WA,039,Klickitat County,9500
53,WA,041,Lewis County,32750
53,WA,043,Lincoln County,4480
53,WA,045,Mason County,25630
53,WA,047,Okanogan County,18060
53,WA,049,Pacific County,9380
53,WA,051,Pend Oreille County,5210
53,WA,053,Pierce County,388380
53,WA,055,San Juan County,8600
53,WA,057,Skagit County,56960
53,WA,059,Skamania County,4710
53,WA,061,Snohomish County,361970
53,WA,063,Spokane County,220870
53,WA,065,Stevens County,17900
53,WA,067,Thurston County,127650
53,WA,069,Wahkiakum County,1760
53,WA,071,Walla Walla County,25190
53,WA,073,Whatcom County,97860
53,WA,075,Whitman County,17040
53,WA,077,Yakima County,107840
54,WV,000,West Virginia,782830
54,WV,001,Barbour County,6440
54,WV,003,Berkeley County,51770
54,WV,005,Boone County,8490
54,WV,007,Braxton County,5330
54,WV,009,Brooke County,10770
54,WV,011,Cabell County,40440
54,WV,013,Calhoun County,2600
54,WV,015,Clay County,3250
54,WV,017,Doddridge County,2890
54,WV,019,Fayette County,17400
54,WV,021,Gilmer County,2590
54,WV,023,Grant County,5100
54,WV,025,Greenbrier County,15230
54,WV,027,Hampshire County,9570
54,WV,029,Hancock County,14700
54,WV,031,Hardy County,6380
54,WV,033,Harrison County,31780
54,WV,035,Jackson County,12270
54,WV,037,Jefferson County,25420
54,WV,039,Kanawha County,88150
54,WV,041,Lewis County,7880
54,WV,043,Lincoln County,7550
54,WV,045,Logan County,12290
54,WV,047,McDowell County,5990
54,WV,049,Marion County,26040
54,WV,051,Marshall County,14750
54,WV,053,Mason County,10150
54,WV,055,Mercer County,24630
54,WV,057,Mineral County,12320
54,WV,059,Mingo County,8340
54,WV,061,Monongalia County,42020
54,WV,063,Monroe County,5460
54,WV,065,Morgan County,7750
54,WV,067,Nicholas County,10200
54,WV,069,Ohio County,20980
54,WV,071,Pendleton County,3260
54,WV,073,Pleasants County,3180
54,WV,075,Pocahontas County,3790
54,WV,077,Preston County,13770
54,WV,079,Putnam County,25680
54,WV,081,Raleigh County,31220
54,WV,083,Randolph County,12310
54,WV,085,Ritchie County,4280
54,WV,087,Roane County,5420
54,WV,089,Summers County,4380
54,WV,091,Taylor County,7290
54,WV,093,Tucker County,3230
54,WV,095,Tyler County,3880
54,WV,097,Upshur County,10150
54,WV,099,Wayne County,15380
54,WV,101,Webster County,3060
54,WV,103,Wetzel County,7000
54,WV,105,Wirt County,2290
54,WV,107,Wood County,39300
54,WV,109,Wyoming County,7280
55,WI,000,Wisconsin,2811160
55,WI,001,Adams County,8930
55,WI,003,Ashland County,7410
55,WI,005,Barron County,22710
55,WI,007,Bayfield County,7690
55,WI,009,Brown County,127710
55,WI,011,Buffalo County,6700
55,WI,013,Burnett County,7680
55,WI,015,Calumet County,23970
55,WI,017,Chippewa County,30320
55,WI,019,Clark County,14830
55,WI,021,Columbia County,29450
55,WI,023,Crawford County,7840
55,WI,025,Dane County,262120
55,WI,027,Dodge County,42350
55,WI,029,Door County,15390
55,WI,031,Douglas County,20610
55,WI,033,Dunn County,18900
55,WI,035,Eau Claire County,47830
55,WI,037,Florence County,2210
55,WI,039,Fond du Lac County,50060
55,WI,041,Forest County,4180
55,WI,043,Grant County,22580
55,WI,045,Green County,18680
55,WI,047,Green Lake County,9360
55,WI,049,Iowa County,11730
55,WI,051,Iron County,2970
55,WI,053,Jackson County,9460
55,WI,055,Jefferson County,40500
55,WI,057,Juneau County,12130
55,WI,059,Kenosha County,79570
55,WI,061,Kewaunee County,9990
55,WI,063,La Crosse County,55660
55,WI,065,Lafayette County,8210
55,WI,067,Langlade County,9540
55,WI,069,Lincoln County,13990
55,WI,071,Manitowoc County,40140
55,WI,073,Marathon County,67140
55,WI,075,Marinette County,20080
55,WI,077,Marquette County,7470
55,WI,078,Menominee County,1750
55,WI,079,Milwaukee County,449660
55,WI,081,Monroe County,21230
55,WI,083,Oconto County,18160
55,WI,085,Oneida County,19340
55,WI,087,Outagamie County,91960
55,WI,089,Ozaukee County,45370
55,WI,091,Pepin County,3490
55,WI,093,Pierce County,18840
55,WI,095,Polk County,21390
55,WI,097,Portage County,33500
55,WI,099,Price County,7010
55,WI,101,Racine County,95040
55,WI,103,Richland County,7810
55,WI,105,Rock County,77980
55,WI,107,Rusk County,6580
55,WI,109,St. Croix County,42230
55,WI,111,Sauk County,33100
55,WI,113,Sawyer County,8220
55,WI,115,Shawano County,19460
55,WI,117,Sheboygan County,58030
55,WI,119,Taylor County,9070
55,WI,121,Trempealeau County,15100
55,WI,123,Vernon County,13300
55,WI,125,Vilas County,11140
55,WI,127,Walworth County,48980
55,WI,129,Washburn County,7980
55,WI,131,Washington County,68430
55,WI,133,Waukesha County,203710
55,WI,135,Waupaca County,25350
55,WI,137,Waushara County,11090
55,WI,139,Winnebago County,82080
55,WI,141,Wood County,37080
56,WY,000,Wyoming,279900
56,WY,001,Albany County,16170
56,WY,003,Big Horn County,5070
56,WY,005,Campbell County,23470
56,WY,007,Carbon County,7300
56,WY,009,Converse County,6840
56,WY,011,Crook County,3340
56,WY,013,Fremont County,18200
56,WY,015,Goshen County,5790
56,WY,017,Hot Springs County,2330
56,WY,019,Johnson County,4290
56,WY,021,Laramie County,47590
56,WY,023,Lincoln County,8060
56,WY,025,Natrona County,40340
56,WY,027,Niobrara County,1160
56,WY,029,Park County,14670
56,WY,031,Platte County,4420
56,WY,033,Sheridan County,14980
56,WY,035,Sublette County,4270
56,WY,037,Sweetwater County,20970
56,WY,039,Teton County,14190
56,WY,041,Uinta County,9300
56,WY,043,Washakie County,3930
56,WY,045,Weston County,3310
"** - Not shown to avoid disclosure of information 
about specific taxpayers.  However, the data are 
combined with data in an adjacent size class, 
as appropriate, and included in the appropriate totals.",,,,
"[1] The County Federal Information Processing System (FIPS) 
Codes used for these statistics were derived from the 
U.S. Census Bureau.  A complete list of codes can be obtained from",,,,
https://www.census.gov/geo/reference/codes/cou.html,,,,
"[2] The ""Number of volunteer prepared returns"" shows counts of 
returns prepared by IRS-certified volunteers to taxpayers with 
limited income, persons with disabilities, limited English speaking 
taxpayers, current and former members of the military, and 
taxpayers who are 60 years of age and older.",,,,
[3] Less deficit.,,,,
"[4] ""Qualified dividends"" are ordinary dividends received 
in tax years beginning after 2002 that meet certain 
conditions and receive preferential tax rates. 
The maximum qualified dividends tax rate is 15%.",,,,
"[5] Includes the Alaskan permanent fund, reported by 
residents of Alaska on Forms 1040A and 1040EZ's.  
This fund only applies to statistics in the totals, and the 
state of Alaska.",,,,
"[6] ""Earned income credit"" includes both the refundable 
and non-refundable portions.  The non-refundable portion 
could reduce income tax and certain related taxes to zero. 
The earned income credit amounts in excess of total tax 
liability, or amounts when there was no tax liability at all, 
were refundable.  See footnote 7 below for explanation 
of the refundable portion of the earned income credit.",,,,
"[7] The refundable portion of the ""earned income credit"" 
equals ""total income tax"" minus the ""earned income credit.""  
If the result is negative, this amount is considered the 
refundable portion.  No other refundable credits were 
taken into account for this calculation.",,,,
"[8]  ""Income tax"" reflects the amount reported on 
Form 1040 line 56.  It also includes data from 
Form 1040A and 1040EZ filers.  ",,,,
"[9] ""Total tax liability"" differs from ""Income tax,"" in that
""Total tax liability"" includes the taxes from recapture of 
certain prior-year credits, tax applicable to individual 
retirement arrangements (IRA's), social security taxes 
on self-employment income and on certain tip income, 
advanced earned income payments, household
employment taxes, and certain ""other taxes"" listed 
in the Form 1040 instructions.",,,,
"[10] Reflects payments to or withholdings made to 
""Total tax liability"".  This is the amount the tax filer 
owes when the income tax return is filed.",,,,
"[11]  The amount of overpayments the tax filer requested to 
have refunded. ",,,,
"[12]  Total is for all 50 states, plus the District of Columbia. 
Other areas, such as returns filed from Army Post Office and 
Fleet Post Office addresses by members of the armed forces 
stationed overseas; returns filed by other U.S. citizens abroad; 
and returns filed by residents of Puerto Rico with income from 
sources outside Puerto Rico or with income earned as 
U.S. government employees; have not been included. ",,,,
"NOTE: This table presents aggregates of all returns filed and
processed through the Individual Master File (IMF) system 
during Calendar Year 2015, including any returns filed for 
tax years preceding 2014.",,,,
"This table is based on tax returns as initially processed by IRS. 
In general, during administrative or Master File processing, 
taxpayer reporting discrepancies are corrected only to the
extent necessary. The statistics in the county data should, 
therefore, be used with the knowledge that some of the 
data have not been perfected or edited for statistical purposes 
and that State totals in this table may not be altogether 
comparable to other State totals published by the IRS, 
Statistics of Income Division. ",,,,
Detail may not add to totals because of rounding.,,,,
"SOURCE: IRS, Statistics of Income Division, 
Individual Master File System, August 2016.",,,,