State FIPS code,State,County FIPS code,County name,Number of returns
00,US,000,Total [13],"148,965,910"
01,AL,000,Alabama,2053620
01,AL,001,Autauga County,23960
01,AL,003,Baldwin County,93140
01,AL,005,Barbour County,9590
01,AL,007,Bibb County,7960
01,AL,009,Blount County,22020
01,AL,011,Bullock County,3860
01,AL,013,Butler County,8230
01,AL,015,Calhoun County,48110
01,AL,017,Chambers County,14550
01,AL,019,Cherokee County,9210
01,AL,021,Chilton County,17300
01,AL,023,Choctaw County,5090
01,AL,025,Clarke County,10220
01,AL,027,Clay County,5540
01,AL,029,Cleburne County,5660
01,AL,031,Coffee County,21330
01,AL,033,Colbert County,23690
01,AL,035,Conecuh County,4780
01,AL,037,Coosa County,3890
01,AL,039,Covington County,14930
01,AL,041,Crenshaw County,5780
01,AL,043,Cullman County,33580
01,AL,045,Dale County,20150
01,AL,047,Dallas County,16170
01,AL,049,DeKalb County,26660
01,AL,051,Elmore County,35010
01,AL,053,Escambia County,14370
01,AL,055,Etowah County,42020
01,AL,057,Fayette County,6260
01,AL,059,Franklin County,12340
01,AL,061,Geneva County,10160
01,AL,063,Greene County,3370
01,AL,065,Hale County,6400
01,AL,067,Henry County,7050
01,AL,069,Houston County,44500
01,AL,071,Jackson County,21170
01,AL,073,Jefferson County,295720
01,AL,075,Lamar County,5300
01,AL,077,Lauderdale County,38220
01,AL,079,Lawrence County,13510
01,AL,081,Lee County,62690
01,AL,083,Limestone County,38100
01,AL,085,Lowndes County,4860
01,AL,087,Macon County,7960
01,AL,089,Madison County,165980
01,AL,091,Marengo County,8270
01,AL,093,Marion County,10750
01,AL,095,Marshall County,39400
01,AL,097,Mobile County,176320
01,AL,099,Monroe County,8080
01,AL,101,Montgomery County,100030
01,AL,103,Morgan County,52360
01,AL,105,Perry County,3710
01,AL,107,Pickens County,7400
01,AL,109,Pike County,12610
01,AL,111,Randolph County,8880
01,AL,113,Russell County,23450
01,AL,115,St. Clair County,35840
01,AL,117,Shelby County,93640
01,AL,119,Sumter County,4920
01,AL,121,Talladega County,32660
01,AL,123,Tallapoosa County,17310
01,AL,125,Tuscaloosa County,82580
01,AL,127,Walker County,25250
01,AL,129,Washington County,6550
01,AL,131,Wilcox County,4450
01,AL,133,Winston County,9010
02,AK,000,Alaska,362220
02,AK,013,Aleutians East Borough,900
02,AK,016,Aleutians West Census Area,2240
02,AK,020,Anchorage Municipality,154130
02,AK,050,Bethel Census Area,7020
02,AK,060,Bristol Bay Borough,530
02,AK,068,Denali Borough,1200
02,AK,070,Dillingham Census Area,2320
02,AK,090,Fairbanks North Star Borough,48780
02,AK,100,Haines Borough,1340
02,AK,105,Hoonah-Angoon Census Area,1010
02,AK,110,Juneau City and Borough,17350
02,AK,122,Kenai Peninsula Borough,29000
02,AK,130,Ketchikan Gateway Borough,7270
02,AK,150,Kodiak Island Borough,6950
02,AK,158,Kusilvak Census Area,3170
02,AK,164,Lake and Peninsula Borough,740
02,AK,170,Matanuska-Susitna Borough,45510
02,AK,180,Nome Census Area,3800
02,AK,185,North Slope Borough,3760
02,AK,188,Northwest Arctic Borough,2570
02,AK,195,Petersburg Census Area,1920
02,AK,198,Prince of Wales-Hyder Census Area,2400
02,AK,220,Sitka City and Borough,4700
02,AK,230,Skagway Municipality,810
02,AK,240,Southeast Fairbanks Census Area,3320
02,AK,261,Valdez-Cordova Census Area,5180
02,AK,275,Wrangell City and Borough,1170
02,AK,282,Yakutat City and Borough,270
02,AK,290,Yukon-Koyukuk Census Area,2900
04,AZ,000,Arizona,2904290
04,AZ,001,Apache County,24580
04,AZ,003,Cochise County,51930
04,AZ,005,Coconino County,59740
04,AZ,007,Gila County,21510
04,AZ,009,Graham County,11310
04,AZ,011,Greenlee County,3470
04,AZ,012,La Paz County,6510
04,AZ,013,Maricopa County,1821940
04,AZ,015,Mohave County,80250
04,AZ,017,Navajo County,38670
04,AZ,019,Pima County,439010
04,AZ,021,Pinal County,138990
04,AZ,023,Santa Cruz County,20080
04,AZ,025,Yavapai County,102360
04,AZ,027,Yuma County,84000
05,AR,000,Arkansas,1229010
05,AR,001,Arkansas County,7850
05,AR,003,Ashley County,8190
05,AR,005,Baxter County,17620
05,AR,007,Benton County,109690
05,AR,009,Boone County,15460
05,AR,011,Bradley County,4360
05,AR,013,Calhoun County,1880
05,AR,015,Carroll County,11990
05,AR,017,Chicot County,4040
05,AR,019,Clark County,8430
05,AR,021,Clay County,5890
05,AR,023,Cleburne County,10360
05,AR,025,Cleveland County,3150
05,AR,027,Columbia County,9050
05,AR,029,Conway County,8340
05,AR,031,Craighead County,42270
05,AR,033,Crawford County,23860
05,AR,035,Crittenden County,21030
05,AR,037,Cross County,7260
05,AR,039,Dallas County,2900
05,AR,041,Desha County,4980
05,AR,043,Drew County,7260
05,AR,045,Faulkner County,49210
05,AR,047,Franklin County,6670
05,AR,049,Fulton County,4240
05,AR,051,Garland County,43240
05,AR,053,Grant County,7330
05,AR,055,Greene County,17410
05,AR,057,Hempstead County,8610
05,AR,059,Hot Spring County,12480
05,AR,061,Howard County,5550
05,AR,063,Independence County,14590
05,AR,065,Izard County,4660
05,AR,067,Jackson County,5870
05,AR,069,Jefferson County,29590
05,AR,071,Johnson County,9840
05,AR,073,Lafayette County,2500
05,AR,075,Lawrence County,6210
05,AR,077,Lee County,2920
05,AR,079,Lincoln County,3960
05,AR,081,Little River County,4950
05,AR,083,Logan County,8510
05,AR,085,Lonoke County,29700
05,AR,087,Madison County,6300
05,AR,089,Marion County,6320
05,AR,091,Miller County,17630
05,AR,093,Mississippi County,16800
05,AR,095,Monroe County,3050
05,AR,097,Montgomery County,3120
05,AR,099,Nevada County,3320
05,AR,101,Newton County,2890
05,AR,103,Ouachita County,9710
05,AR,105,Perry County,3990
05,AR,107,Phillips County,7220
05,AR,109,Pike County,4110
05,AR,111,Poinsett County,8940
05,AR,113,Polk County,7590
05,AR,115,Pope County,25530
05,AR,117,Prairie County,3280
05,AR,119,Pulaski County,182050
05,AR,121,Randolph County,6720
05,AR,123,St. Francis County,8980
05,AR,125,Saline County,50340
05,AR,127,Scott County,3890
05,AR,129,Searcy County,2950
05,AR,131,Sebastian County,53490
05,AR,133,Sevier County,6130
05,AR,135,Sharp County,6410
05,AR,137,Stone County,4560
05,AR,139,Union County,17450
05,AR,141,Van Buren County,6390
05,AR,143,Washington County,95260
05,AR,145,White County,30120
05,AR,147,Woodruff County,2600
05,AR,149,Yell County,8240
06,CA,000,California,17758580
06,CA,001,Alameda County,781720
06,CA,003,Alpine County,430
06,CA,005,Amador County,16450
06,CA,007,Butte County,92590
06,CA,009,Calaveras County,19930
06,CA,011,Colusa County,9750
06,CA,013,Contra Costa County,540110
06,CA,015,Del Norte County,9540
06,CA,017,El Dorado County,87460
06,CA,019,Fresno County,390700
06,CA,021,Glenn County,12060
06,CA,023,Humboldt County,57070
06,CA,025,Imperial County,78190
06,CA,027,Inyo County,8410
06,CA,029,Kern County,337720
06,CA,031,Kings County,54020
06,CA,033,Lake County,25120
06,CA,035,Lassen County,9910
06,CA,037,Los Angeles County,4644280
06,CA,039,Madera County,58560
06,CA,041,Marin County,132580
06,CA,043,Mariposa County,7560
06,CA,045,Mendocino County,39020
06,CA,047,Merced County,101360
06,CA,049,Modoc County,3440
06,CA,051,Mono County,6380
06,CA,053,Monterey County,197530
06,CA,055,Napa County,68890
06,CA,057,Nevada County,48990
06,CA,059,Orange County,1501130
06,CA,061,Placer County,176740
06,CA,063,Plumas County,8780
06,CA,065,Riverside County,972040
06,CA,067,Sacramento County,671520
06,CA,069,San Benito County,27090
06,CA,071,San Bernardino County,888750
06,CA,073,San Diego County,1557280
06,CA,075,San Francisco County,478980
06,CA,077,San Joaquin County,302600
06,CA,079,San Luis Obispo County,131030
06,CA,081,San Mateo County,387020
06,CA,083,Santa Barbara County,202960
06,CA,085,Santa Clara County,916390
06,CA,087,Santa Cruz County,131590
06,CA,089,Shasta County,76980
06,CA,091,Sierra County,1230
06,CA,093,Siskiyou County,18870
06,CA,095,Solano County,205360
06,CA,097,Sonoma County,247230
06,CA,099,Stanislaus County,223020
06,CA,101,Sutter County,39800
06,CA,103,Tehama County,25160
06,CA,105,Trinity County,4700
06,CA,107,Tulare County,177190
06,CA,109,Tuolumne County,23850
06,CA,111,Ventura County,405120
06,CA,113,Yolo County,88250
06,CA,115,Yuba County,28440
08,CO,000,Colorado,2617140
08,CO,001,Adams County,227820
08,CO,003,Alamosa County,6620
08,CO,005,Arapahoe County,309120
08,CO,007,Archuleta County,6040
08,CO,009,Baca County,1560
08,CO,011,Bent County,1560
08,CO,013,Boulder County,157860
08,CO,014,Broomfield County,32300
08,CO,015,Chaffee County,8950
08,CO,017,Cheyenne County,800
08,CO,019,Clear Creek County,4620
08,CO,021,Conejos County,2990
08,CO,023,Costilla County,1330
08,CO,025,Crowley County,1110
08,CO,027,Custer County,2010
08,CO,029,Delta County,12870
08,CO,031,Denver County,347940
08,CO,033,Dolores County,830
08,CO,035,Douglas County,150070
08,CO,037,Eagle County,28730
08,CO,039,Elbert County,11540
08,CO,041,El Paso County,314020
08,CO,043,Fremont County,17570
08,CO,045,Garfield County,27410
08,CO,047,Gilpin County,2680
08,CO,049,Grand County,7520
08,CO,051,Gunnison County,7940
08,CO,053,Hinsdale County,380
08,CO,055,Huerfano County,2680
08,CO,057,Jackson County,610
08,CO,059,Jefferson County,293390
08,CO,061,Kiowa County,580
08,CO,063,Kit Carson County,3320
08,CO,065,Lake County,3390
08,CO,067,La Plata County,26800
08,CO,069,Larimer County,163360
08,CO,071,Las Animas County,5880
08,CO,073,Lincoln County,2050
08,CO,075,Logan County,8540
08,CO,077,Mesa County,68170
08,CO,079,Mineral County,430
08,CO,081,Moffat County,5910
08,CO,083,Montezuma County,11490
08,CO,085,Montrose County,18370
08,CO,087,Morgan County,12740
08,CO,089,Otero County,7520
08,CO,091,Ouray County,2440
08,CO,093,Park County,7290
08,CO,095,Phillips County,2010
08,CO,097,Pitkin County,10440
08,CO,099,Prowers County,4870
08,CO,101,Pueblo County,69500
08,CO,103,Rio Blanco County,2720
08,CO,105,Rio Grande County,5780
08,CO,107,Routt County,12940
08,CO,109,Saguache County,1860
08,CO,111,San Juan County,360
08,CO,113,San Miguel County,4310
08,CO,115,Sedgwick County,1070
08,CO,117,Summit County,17240
08,CO,119,Teller County,11620
08,CO,121,Washington County,2010
08,CO,123,Weld County,127150
08,CO,125,Yuma County,4420
09,CT,000,Connecticut,1760990
09,CT,001,Fairfield County,461240
09,CT,003,Hartford County,446770
09,CT,005,Litchfield County,94770
09,CT,007,Middlesex County,84260
09,CT,009,New Haven County,414980
09,CT,011,New London County,135500
09,CT,013,Tolland County,68860
09,CT,015,Windham County,54630
10,DE,000,Delaware,452740
10,DE,001,Kent County,79750
10,DE,003,New Castle County,267730
10,DE,005,Sussex County,105240
11,DC,000,District of Columbia,344710
12,FL,000,Florida,9626440
12,FL,001,Alachua County,112350
12,FL,003,Baker County,10380
12,FL,005,Bay County,87410
12,FL,007,Bradford County,9830
12,FL,009,Brevard County,276080
12,FL,011,Broward County,936850
12,FL,013,Calhoun County,4850
12,FL,015,Charlotte County,80860
12,FL,017,Citrus County,63830
12,FL,019,Clay County,95540
12,FL,021,Collier County,178600
12,FL,023,Columbia County,27230
12,FL,027,DeSoto County,12140
12,FL,029,Dixie County,5090
12,FL,031,Duval County,445380
12,FL,033,Escambia County,143320
12,FL,035,Flagler County,50100
12,FL,037,Franklin County,4520
12,FL,039,Gadsden County,19860
12,FL,041,Gilchrist County,6470
12,FL,043,Glades County,4090
12,FL,045,Gulf County,5770
12,FL,047,Hamilton County,4850
12,FL,049,Hardee County,9900
12,FL,051,Hendry County,15790
12,FL,053,Hernando County,78230
12,FL,055,Highlands County,41200
12,FL,057,Hillsborough County,635820
12,FL,059,Holmes County,6720
12,FL,061,Indian River County,72350
12,FL,063,Jackson County,18350
12,FL,065,Jefferson County,5740
12,FL,067,Lafayette County,2450
12,FL,069,Lake County,154200
12,FL,071,Lee County,331760
12,FL,073,Leon County,124980
12,FL,075,Levy County,16880
12,FL,077,Liberty County,2550
12,FL,079,Madison County,7020
12,FL,081,Manatee County,171600
12,FL,083,Marion County,155320
12,FL,085,Martin County,76290
12,FL,086,Miami-Dade County,1296670
12,FL,087,Monroe County,45440
12,FL,089,Nassau County,37910
12,FL,091,Okaloosa County,100720
12,FL,093,Okeechobee County,15090
12,FL,095,Orange County,627640
12,FL,097,Osceola County,155070
12,FL,099,Palm Beach County,707600
12,FL,101,Pasco County,222510
12,FL,103,Pinellas County,471140
12,FL,105,Polk County,283800
12,FL,107,Putnam County,28110
12,FL,109,St. Johns County,107460
12,FL,111,St. Lucie County,137960
12,FL,113,Santa Rosa County,73520
12,FL,115,Sarasota County,204430
12,FL,117,Seminole County,219020
12,FL,119,Sumter County,55010
12,FL,121,Suwannee County,16310
12,FL,123,Taylor County,8040
12,FL,125,Union County,4560
12,FL,127,Volusia County,244950
12,FL,129,Wakulla County,12810
12,FL,131,Walton County,29390
12,FL,133,Washington County,9020
13,GA,000,Georgia,4442090
13,GA,001,Appling County,7130
13,GA,003,Atkinson County,3140
13,GA,005,Bacon County,4240
13,GA,007,Baker County,1230
13,GA,009,Baldwin County,16790
13,GA,011,Banks County,7110
13,GA,013,Barrow County,32890
13,GA,015,Bartow County,43830
13,GA,017,Ben Hill County,6720
13,GA,019,Berrien County,6660
13,GA,021,Bibb County,65690
13,GA,023,Bleckley County,4710
13,GA,025,Brantley County,6390
13,GA,027,Brooks County,6360
13,GA,029,Bryan County,16220
13,GA,031,Bulloch County,26670
13,GA,033,Burke County,9420
13,GA,035,Butts County,9220
13,GA,037,Calhoun County,1960
13,GA,039,Camden County,21910
13,GA,043,Candler County,4180
13,GA,045,Carroll County,47580
13,GA,047,Catoosa County,26570
13,GA,049,Charlton County,3460
13,GA,051,Chatham County,127620
13,GA,053,Chattahoochee County,2660
13,GA,055,Chattooga County,9320
13,GA,057,Cherokee County,108220
13,GA,059,Clarke County,47150
13,GA,061,Clay County,1150
13,GA,063,Clayton County,126090
13,GA,065,Clinch County,2460
13,GA,067,Cobb County,350780
13,GA,069,Coffee County,15720
13,GA,071,Colquitt County,17310
13,GA,073,Columbia County,62390
13,GA,075,Cook County,6440
13,GA,077,Coweta County,61530
13,GA,079,Crawford County,5010
13,GA,081,Crisp County,8520
13,GA,083,Dade County,6100
13,GA,085,Dawson County,10120
13,GA,087,Decatur County,11130
13,GA,089,DeKalb County,348890
13,GA,091,Dodge County,7260
13,GA,093,Dooly County,3930
13,GA,095,Dougherty County,37590
13,GA,097,Douglas County,62320
13,GA,099,Early County,4160
13,GA,101,Echols County,1320
13,GA,103,Effingham County,24580
13,GA,105,Elbert County,8050
13,GA,107,Emanuel County,8860
13,GA,109,Evans County,4230
13,GA,111,Fannin County,10180
13,GA,113,Fayette County,52870
13,GA,115,Floyd County,40330
13,GA,117,Forsyth County,92430
13,GA,119,Franklin County,8950
13,GA,121,Fulton County,464850
13,GA,123,Gilmer County,12060
13,GA,125,Glascock County,1060
13,GA,127,Glynn County,37310
13,GA,129,Gordon County,22630
13,GA,131,Grady County,9980
13,GA,133,Greene County,7470
13,GA,135,Gwinnett County,408620
13,GA,137,Habersham County,17590
13,GA,139,Hall County,85100
13,GA,141,Hancock County,3110
13,GA,143,Haralson County,11200
13,GA,145,Harris County,14050
13,GA,147,Hart County,10180
13,GA,149,Heard County,4240
13,GA,151,Henry County,98670
13,GA,153,Houston County,68490
13,GA,155,Irwin County,3570
13,GA,157,Jackson County,27540
13,GA,159,Jasper County,5570
13,GA,161,Jeff Davis County,5460
13,GA,163,Jefferson County,6880
13,GA,165,Jenkins County,3010
13,GA,167,Johnson County,2890
13,GA,169,Jones County,12100
13,GA,171,Lamar County,7070
13,GA,173,Lanier County,3410
13,GA,175,Laurens County,19930
13,GA,177,Lee County,13370
13,GA,179,Liberty County,26730
13,GA,181,Lincoln County,3230
13,GA,183,Long County,5320
13,GA,185,Lowndes County,45090
13,GA,187,Lumpkin County,11860
13,GA,189,McDuffie County,9190
13,GA,191,McIntosh County,4950
13,GA,193,Macon County,4600
13,GA,195,Madison County,11930
13,GA,197,Marion County,2770
13,GA,199,Meriwether County,8950
13,GA,201,Miller County,2290
13,GA,205,Mitchell County,8410
13,GA,207,Monroe County,11400
13,GA,209,Montgomery County,3140
13,GA,211,Morgan County,8310
13,GA,213,Murray County,15100
13,GA,215,Muscogee County,86700
13,GA,217,Newton County,45930
13,GA,219,Oconee County,16240
13,GA,221,Oglethorpe County,5870
13,GA,223,Paulding County,64790
13,GA,225,Peach County,11380
13,GA,227,Pickens County,14060
13,GA,229,Pierce County,7590
13,GA,231,Pike County,7540
13,GA,233,Polk County,16510
13,GA,235,Pulaski County,3590
13,GA,237,Putnam County,9230
13,GA,239,Quitman County,850
13,GA,241,Rabun County,7240
13,GA,243,Randolph County,2590
13,GA,245,Richmond County,86930
13,GA,247,Rockdale County,39320
13,GA,249,Schley County,1760
13,GA,251,Screven County,5610
13,GA,253,Seminole County,3400
13,GA,255,Spalding County,26860
13,GA,257,Stephens County,10450
13,GA,259,Stewart County,1570
13,GA,261,Sumter County,12020
13,GA,263,Talbot County,2590
13,GA,265,Taliaferro County,620
13,GA,267,Tattnall County,8080
13,GA,269,Taylor County,3210
13,GA,271,Telfair County,3850
13,GA,273,Terrell County,3880
13,GA,275,Thomas County,18790
13,GA,277,Tift County,17080
13,GA,279,Toombs County,11000
13,GA,281,Towns County,5140
13,GA,283,Treutlen County,2420
13,GA,285,Troup County,29710
13,GA,287,Turner County,3520
13,GA,289,Twiggs County,3580
13,GA,291,Union County,9630
13,GA,293,Upson County,10660
13,GA,295,Walker County,25740
13,GA,297,Walton County,38040
13,GA,299,Ware County,13780
13,GA,301,Warren County,2320
13,GA,303,Washington County,7970
13,GA,305,Wayne County,10810
13,GA,307,Webster County,940
13,GA,309,Wheeler County,1870
13,GA,311,White County,11260
13,GA,313,Whitfield County,42610
13,GA,315,Wilcox County,2760
13,GA,317,Wilkes County,4010
13,GA,319,Wilkinson County,3900
13,GA,321,Worth County,8550
15,HI,000,Hawaii,688520
15,HI,001,Hawaii County,87110
15,HI,003,Honolulu County,486840
15,HI,007,Kauai County,34850
15,HI,009,Maui County,79720
16,ID,000,Idaho,721850
16,ID,001,Ada County,200330
16,ID,003,Adams County,1680
16,ID,005,Bannock County,34490
16,ID,007,Bear Lake County,2550
16,ID,009,Benewah County,3860
16,ID,011,Bingham County,18370
16,ID,013,Blaine County,11840
16,ID,015,Boise County,3100
16,ID,017,Bonner County,19240
16,ID,019,Bonneville County,46890
16,ID,021,Boundary County,5000
16,ID,023,Butte County,1030
16,ID,025,Camas County,440
16,ID,027,Canyon County,83280
16,ID,029,Caribou County,2850
16,ID,031,Cassia County,9420
16,ID,033,Clark County,310
16,ID,035,Clearwater County,3370
16,ID,037,Custer County,1850
16,ID,039,Elmore County,11350
16,ID,041,Franklin County,5190
16,ID,043,Fremont County,5390
16,ID,045,Gem County,7220
16,ID,047,Gooding County,6330
16,ID,049,Idaho County,6320
16,ID,051,Jefferson County,10510
16,ID,053,Jerome County,9480
16,ID,055,Kootenai County,71980
16,ID,057,Latah County,16140
16,ID,059,Lemhi County,3500
16,ID,061,Lewis County,1780
16,ID,063,Lincoln County,1980
16,ID,065,Madison County,13270
16,ID,067,Minidoka County,8850
16,ID,069,Nez Perce County,18590
16,ID,071,Oneida County,1800
16,ID,073,Owyhee County,4510
16,ID,075,Payette County,9630
16,ID,077,Power County,3170
16,ID,079,Shoshone County,5310
16,ID,081,Teton County,4750
16,ID,083,Twin Falls County,36030
16,ID,085,Valley County,4990
16,ID,087,Washington County,4120
17,IL,000,Illinois,6161720
17,IL,001,Adams County,31960
17,IL,003,Alexander County,2540
17,IL,005,Bond County,6940
17,IL,007,Boone County,25460
17,IL,009,Brown County,2320
17,IL,011,Bureau County,16720
17,IL,013,Calhoun County,2160
17,IL,015,Carroll County,7530
17,IL,017,Cass County,6380
17,IL,019,Champaign County,85910
17,IL,021,Christian County,15440
17,IL,023,Clark County,7550
17,IL,025,Clay County,6220
17,IL,027,Clinton County,17590
17,IL,029,Coles County,21250
17,IL,031,Cook County,2553180
17,IL,033,Crawford County,8710
17,IL,035,Cumberland County,4940
17,IL,037,DeKalb County,46240
17,IL,039,De Witt County,7770
17,IL,041,Douglas County,9980
17,IL,043,DuPage County,474440
17,IL,045,Edgar County,8090
17,IL,047,Edwards County,2950
17,IL,049,Effingham County,17660
17,IL,051,Fayette County,9060
17,IL,053,Ford County,6480
17,IL,055,Franklin County,16590
17,IL,057,Fulton County,15790
17,IL,059,Gallatin County,2270
17,IL,061,Greene County,5780
17,IL,063,Grundy County,24870
17,IL,065,Hamilton County,3570
17,IL,067,Hancock County,8780
17,IL,069,Hardin County,1520
17,IL,071,Henderson County,3290
17,IL,073,Henry County,24060
17,IL,075,Iroquois County,13690
17,IL,077,Jackson County,23150
17,IL,079,Jasper County,4610
17,IL,081,Jefferson County,16750
17,IL,083,Jersey County,10100
17,IL,085,Jo Daviess County,13100
17,IL,087,Johnson County,5000
17,IL,089,Kane County,245900
17,IL,091,Kankakee County,50580
17,IL,093,Kendall County,57050
17,IL,095,Knox County,23240
17,IL,097,Lake County,345220
17,IL,099,LaSalle County,54290
17,IL,101,Lawrence County,6350
17,IL,103,Lee County,16260
17,IL,105,Livingston County,17060
17,IL,107,Logan County,12570
17,IL,109,McDonough County,12260
17,IL,111,McHenry County,154590
17,IL,113,McLean County,77850
17,IL,115,Macon County,49070
17,IL,117,Macoupin County,21030
17,IL,119,Madison County,125400
17,IL,121,Marion County,17900
17,IL,123,Marshall County,6020
17,IL,125,Mason County,6340
17,IL,127,Massac County,6360
17,IL,129,Menard County,6140
17,IL,131,Mercer County,7810
17,IL,133,Monroe County,16830
17,IL,135,Montgomery County,12570
17,IL,137,Morgan County,15710
17,IL,139,Moultrie County,6710
17,IL,141,Ogle County,25220
17,IL,143,Peoria County,88910
17,IL,145,Perry County,8860
17,IL,147,Piatt County,8080
17,IL,149,Pike County,6960
17,IL,151,Pope County,1570
17,IL,153,Pulaski County,2350
17,IL,155,Putnam County,2940
17,IL,157,Randolph County,13680
17,IL,159,Richland County,7500
17,IL,161,Rock Island County,70640
17,IL,163,St. Clair County,121150
17,IL,165,Saline County,10340
17,IL,167,Sangamon County,99740
17,IL,169,Schuyler County,3130
17,IL,171,Scott County,2420
17,IL,173,Shelby County,10170
17,IL,175,Stark County,2660
17,IL,177,Stephenson County,22200
17,IL,179,Tazewell County,64240
17,IL,181,Union County,7720
17,IL,183,Vermilion County,34040
17,IL,185,Wabash County,5230
17,IL,187,Warren County,7970
17,IL,189,Washington County,7100
17,IL,191,Wayne County,7360
17,IL,193,White County,6360
17,IL,195,Whiteside County,28020
17,IL,197,Will County,331460
17,IL,199,Williamson County,30090
17,IL,201,Winnebago County,136190
17,IL,203,Woodford County,18270
18,IN,000,Indiana,3104390
18,IN,001,Adams County,15150
18,IN,003,Allen County,176860
18,IN,005,Bartholomew County,39920
18,IN,007,Benton County,4110
18,IN,009,Blackford County,5850
18,IN,011,Boone County,30460
18,IN,013,Brown County,7660
18,IN,015,Carroll County,9570
18,IN,017,Cass County,17920
18,IN,019,Clark County,56840
18,IN,021,Clay County,11980
18,IN,023,Clinton County,15350
18,IN,025,Crawford County,4610
18,IN,027,Daviess County,14520
18,IN,029,Dearborn County,24880
18,IN,031,Decatur County,12860
18,IN,033,DeKalb County,20480
18,IN,035,Delaware County,48930
18,IN,037,Dubois County,22470
18,IN,039,Elkhart County,94480
18,IN,041,Fayette County,10180
18,IN,043,Floyd County,38010
18,IN,045,Fountain County,7930
18,IN,047,Franklin County,10840
18,IN,049,Fulton County,9440
18,IN,051,Gibson County,16120
18,IN,053,Grant County,29420
18,IN,055,Greene County,14310
18,IN,057,Hamilton County,147240
18,IN,059,Hancock County,36040
18,IN,061,Harrison County,18220
18,IN,063,Hendricks County,75730
18,IN,065,Henry County,21790
18,IN,067,Howard County,40320
18,IN,069,Huntington County,17620
18,IN,071,Jackson County,21670
18,IN,073,Jasper County,15480
18,IN,075,Jay County,9560
18,IN,077,Jefferson County,14880
18,IN,079,Jennings County,12910
18,IN,081,Johnson County,72230
18,IN,083,Knox County,16690
18,IN,085,Kosciusko County,38470
18,IN,087,LaGrange County,17050
18,IN,089,Lake County,229360
18,IN,091,LaPorte County,51640
18,IN,093,Lawrence County,20940
18,IN,095,Madison County,59480
18,IN,097,Marion County,458140
18,IN,099,Marshall County,22130
18,IN,101,Martin County,4710
18,IN,103,Miami County,15580
18,IN,105,Monroe County,57780
18,IN,107,Montgomery County,18290
18,IN,109,Morgan County,33520
18,IN,111,Newton County,6680
18,IN,113,Noble County,22130
18,IN,115,Ohio County,2810
18,IN,117,Orange County,8730
18,IN,119,Owen County,9580
18,IN,121,Parke County,6940
18,IN,123,Perry County,8640
18,IN,125,Pike County,5720
18,IN,127,Porter County,81330
18,IN,129,Posey County,12390
18,IN,131,Pulaski County,5900
18,IN,133,Putnam County,15840
18,IN,135,Randolph County,11790
18,IN,137,Ripley County,13380
18,IN,139,Rush County,8030
18,IN,141,St. Joseph County,126060
18,IN,143,Scott County,10540
18,IN,145,Shelby County,21500
18,IN,147,Spencer County,9790
18,IN,149,Starke County,10420
18,IN,151,Steuben County,16340
18,IN,153,Sullivan County,8730
18,IN,155,Switzerland County,4110
18,IN,157,Tippecanoe County,75020
18,IN,159,Tipton County,7570
18,IN,161,Union County,3350
18,IN,163,Vanderburgh County,85890
18,IN,165,Vermillion County,7310
18,IN,167,Vigo County,46410
18,IN,169,Wabash County,15060
18,IN,171,Warren County,3920
18,IN,173,Warrick County,29520
18,IN,175,Washington County,12400
18,IN,177,Wayne County,30440
18,IN,179,Wells County,13190
18,IN,181,White County,12030
18,IN,183,Whitley County,16500
19,IA,000,Iowa,1454210
19,IA,001,Adair County,3450
19,IA,003,Adams County,1830
19,IA,005,Allamakee County,6690
19,IA,007,Appanoose County,5520
19,IA,009,Audubon County,2820
19,IA,011,Benton County,12010
19,IA,013,Black Hawk County,59950
19,IA,015,Boone County,12670
19,IA,017,Bremer County,10970
19,IA,019,Buchanan County,9480
19,IA,021,Buena Vista County,9770
19,IA,023,Butler County,6820
19,IA,025,Calhoun County,4610
19,IA,027,Carroll County,10210
19,IA,029,Cass County,6390
19,IA,031,Cedar County,8840
19,IA,033,Cerro Gordo County,21050
19,IA,035,Cherokee County,5670
19,IA,037,Chickasaw County,5780
19,IA,039,Clarke County,4330
19,IA,041,Clay County,8160
19,IA,043,Clayton County,8360
19,IA,045,Clinton County,22590
19,IA,047,Crawford County,7860
19,IA,049,Dallas County,38320
19,IA,051,Davis County,3540
19,IA,053,Decatur County,3140
19,IA,055,Delaware County,8340
19,IA,057,Des Moines County,19310
19,IA,059,Dickinson County,8910
19,IA,061,Dubuque County,47450
19,IA,063,Emmet County,4520
19,IA,065,Fayette County,8980
19,IA,067,Floyd County,7350
19,IA,069,Franklin County,4660
19,IA,071,Fremont County,3190
19,IA,073,Greene County,4290
19,IA,075,Grundy County,5710
19,IA,077,Guthrie County,5030
19,IA,079,Hamilton County,7170
19,IA,081,Hancock County,5280
19,IA,083,Hardin County,7930
19,IA,085,Harrison County,6710
19,IA,087,Henry County,8880
19,IA,089,Howard County,4590
19,IA,091,Humboldt County,4540
19,IA,093,Ida County,3370
19,IA,095,Iowa County,8050
19,IA,097,Jackson County,9540
19,IA,099,Jasper County,16720
19,IA,101,Jefferson County,7410
19,IA,103,Johnson County,64670
19,IA,105,Jones County,9090
19,IA,107,Keokuk County,4560
19,IA,109,Kossuth County,7590
19,IA,111,Lee County,15810
19,IA,113,Linn County,106870
19,IA,115,Louisa County,5130
19,IA,117,Lucas County,3950
19,IA,119,Lyon County,5240
19,IA,121,Madison County,7200
19,IA,123,Mahaska County,9710
19,IA,125,Marion County,14840
19,IA,127,Marshall County,18120
19,IA,129,Mills County,6750
19,IA,131,Mitchell County,4810
19,IA,133,Monona County,4160
19,IA,135,Monroe County,3470
19,IA,137,Montgomery County,4820
19,IA,139,Muscatine County,20690
19,IA,141,O'Brien County,6730
19,IA,143,Osceola County,2960
19,IA,145,Page County,6570
19,IA,147,Palo Alto County,4280
19,IA,149,Plymouth County,12270
19,IA,151,Pocahontas County,3400
19,IA,153,Polk County,225010
19,IA,155,Pottawattamie County,43020
19,IA,157,Poweshiek County,8250
19,IA,159,Ringgold County,2040
19,IA,161,Sac County,4790
19,IA,163,Scott County,81930
19,IA,165,Shelby County,5810
19,IA,167,Sioux County,14580
19,IA,169,Story County,37020
19,IA,171,Tama County,8350
19,IA,173,Taylor County,2790
19,IA,175,Union County,5610
19,IA,177,Van Buren County,3150
19,IA,179,Wapello County,15660
19,IA,181,Warren County,22690
19,IA,183,Washington County,10480
19,IA,185,Wayne County,2730
19,IA,187,Webster County,16590
19,IA,189,Winnebago County,5160
19,IA,191,Winneshiek County,9530
19,IA,193,Woodbury County,47290
19,IA,195,Worth County,3630
19,IA,197,Wright County,5980
20,KS,000,Kansas,1339070
20,KS,001,Allen County,5970
20,KS,003,Anderson County,3530
20,KS,005,Atchison County,6990
20,KS,007,Barber County,2310
20,KS,009,Barton County,12570
20,KS,011,Bourbon County,6250
20,KS,013,Brown County,4370
20,KS,015,Butler County,29120
20,KS,017,Chase County,1210
20,KS,019,Chautauqua County,1450
20,KS,021,Cherokee County,8560
20,KS,023,Cheyenne County,1300
20,KS,025,Clark County,990
20,KS,027,Clay County,3920
20,KS,029,Cloud County,4160
20,KS,031,Coffey County,4070
20,KS,033,Comanche County,850
20,KS,035,Cowley County,15600
20,KS,037,Crawford County,16350
20,KS,039,Decatur County,1400
20,KS,041,Dickinson County,9000
20,KS,043,Doniphan County,3390
20,KS,045,Douglas County,50900
20,KS,047,Edwards County,1480
20,KS,049,Elk County,1150
20,KS,051,Ellis County,13360
20,KS,053,Ellsworth County,2770
20,KS,055,Finney County,17540
20,KS,057,Ford County,15810
20,KS,059,Franklin County,11790
20,KS,061,Geary County,18510
20,KS,063,Gove County,1350
20,KS,065,Graham County,1310
20,KS,067,Grant County,3360
20,KS,069,Gray County,2720
20,KS,071,Greeley County,650
20,KS,073,Greenwood County,2800
20,KS,075,Hamilton County,1100
20,KS,077,Harper County,2650
20,KS,079,Harvey County,15940
20,KS,081,Haskell County,1780
20,KS,083,Hodgeman County,880
20,KS,085,Jackson County,6200
20,KS,087,Jefferson County,8590
20,KS,089,Jewell County,1450
20,KS,091,Johnson County,285330
20,KS,093,Kearny County,1810
20,KS,095,Kingman County,3540
20,KS,097,Kiowa County,1100
20,KS,099,Labette County,9460
20,KS,101,Lane County,870
20,KS,103,Leavenworth County,33670
20,KS,105,Lincoln County,1460
20,KS,107,Linn County,4240
20,KS,109,Logan County,1450
20,KS,111,Lyon County,14720
20,KS,113,McPherson County,13900
20,KS,115,Marion County,5330
20,KS,117,Marshall County,4990
20,KS,119,Meade County,1950
20,KS,121,Miami County,15140
20,KS,123,Mitchell County,3050
20,KS,125,Montgomery County,13930
20,KS,127,Morris County,2650
20,KS,129,Morton County,1430
20,KS,131,Nemaha County,5060
20,KS,133,Neosho County,7080
20,KS,135,Ness County,1490
20,KS,137,Norton County,2380
20,KS,139,Osage County,7400
20,KS,141,Osborne County,1860
20,KS,143,Ottawa County,2800
20,KS,145,Pawnee County,2960
20,KS,147,Phillips County,2670
20,KS,149,Pottawatomie County,10720
20,KS,151,Pratt County,4480
20,KS,153,Rawlins County,1290
20,KS,155,Reno County,28730
20,KS,157,Republic County,2380
20,KS,159,Rice County,4250
20,KS,161,Riley County,26970
20,KS,163,Rooks County,2520
20,KS,165,Rush County,1550
20,KS,167,Russell County,3280
20,KS,169,Saline County,26930
20,KS,171,Scott County,2450
20,KS,173,Sedgwick County,235710
20,KS,175,Seward County,10470
20,KS,177,Shawnee County,84870
20,KS,179,Sheridan County,1270
20,KS,181,Sherman County,2790
20,KS,183,Smith County,1860
20,KS,185,Stafford County,1950
20,KS,187,Stanton County,960
20,KS,189,Stevens County,2380
20,KS,191,Sumner County,10540
20,KS,193,Thomas County,3830
20,KS,195,Trego County,1530
20,KS,197,Wabaunsee County,3150
20,KS,199,Wallace County,710
20,KS,201,Washington County,2850
20,KS,203,Wichita County,1040
20,KS,205,Wilson County,3900
20,KS,207,Woodson County,1490
20,KS,209,Wyandotte County,71530
21,KY,000,Kentucky,1909770
21,KY,001,Adair County,6990
21,KY,003,Allen County,7760
21,KY,005,Anderson County,10460
21,KY,007,Ballard County,3410
21,KY,009,Barren County,18460
21,KY,011,Bath County,4650
21,KY,013,Bell County,8950
21,KY,015,Boone County,60140
21,KY,017,Bourbon County,9110
21,KY,019,Boyd County,19490
21,KY,021,Boyle County,12050
21,KY,023,Bracken County,3670
21,KY,025,Breathitt County,4450
21,KY,027,Breckinridge County,7790
21,KY,029,Bullitt County,37160
21,KY,031,Butler County,5090
21,KY,033,Caldwell County,5520
21,KY,035,Calloway County,14960
21,KY,037,Campbell County,43480
21,KY,039,Carlisle County,2110
21,KY,041,Carroll County,4730
21,KY,043,Carter County,10360
21,KY,045,Casey County,5810
21,KY,047,Christian County,30060
21,KY,049,Clark County,16070
21,KY,051,Clay County,6440
21,KY,053,Clinton County,3740
21,KY,055,Crittenden County,3620
21,KY,057,Cumberland County,2610
21,KY,059,Daviess County,45400
21,KY,061,Edmonson County,4700
21,KY,063,Elliott County,2090
21,KY,065,Estill County,5450
21,KY,067,Fayette County,143040
21,KY,069,Fleming County,5950
21,KY,071,Floyd County,12940
21,KY,073,Franklin County,24500
21,KY,075,Fulton County,2370
21,KY,077,Gallatin County,3610
21,KY,079,Garrard County,6870
21,KY,081,Grant County,10540
21,KY,083,Graves County,15370
21,KY,085,Grayson County,10230
21,KY,087,Green County,4380
21,KY,089,Greenup County,14910
21,KY,091,Hancock County,3820
21,KY,093,Hardin County,47690
21,KY,095,Harlan County,8900
21,KY,097,Harrison County,7790
21,KY,099,Hart County,7340
21,KY,101,Henderson County,20230
21,KY,103,Henry County,7040
21,KY,105,Hickman County,1850
21,KY,107,Hopkins County,19210
21,KY,109,Jackson County,4430
21,KY,111,Jefferson County,374080
21,KY,113,Jessamine County,21950
21,KY,115,Johnson County,7990
21,KY,117,Kenton County,78360
21,KY,119,Knott County,4890
21,KY,121,Knox County,11370
21,KY,123,Larue County,6160
21,KY,125,Laurel County,23760
21,KY,127,Lawrence County,5510
21,KY,129,Lee County,2170
21,KY,131,Leslie County,3500
21,KY,133,Letcher County,7550
21,KY,135,Lewis County,4800
21,KY,137,Lincoln County,9470
21,KY,139,Livingston County,3940
21,KY,141,Logan County,11340
21,KY,143,Lyon County,3300
21,KY,145,McCracken County,30410
21,KY,147,McCreary County,4790
21,KY,149,McLean County,3900
21,KY,151,Madison County,35460
21,KY,153,Magoffin County,3990
21,KY,155,Marion County,8410
21,KY,157,Marshall County,14050
21,KY,159,Martin County,3160
21,KY,161,Mason County,7440
21,KY,163,Meade County,12460
21,KY,165,Menifee County,2270
21,KY,167,Mercer County,9640
21,KY,169,Metcalfe County,3960
21,KY,171,Monroe County,4280
21,KY,173,Montgomery County,11580
21,KY,175,Morgan County,4090
21,KY,177,Muhlenberg County,12070
21,KY,179,Nelson County,21600
21,KY,181,Nicholas County,2930
21,KY,183,Ohio County,9880
21,KY,185,Oldham County,27820
21,KY,187,Owen County,4240
21,KY,189,Owsley County,1300
21,KY,191,Pendleton County,6220
21,KY,193,Perry County,10080
21,KY,195,Pike County,20420
21,KY,197,Powell County,4970
21,KY,199,Pulaski County,25680
21,KY,201,Robertson County,830
21,KY,203,Rockcastle County,6050
21,KY,205,Rowan County,8750
21,KY,207,Russell County,7000
21,KY,209,Scott County,23440
21,KY,211,Shelby County,20760
21,KY,213,Simpson County,8130
21,KY,215,Spencer County,8090
21,KY,217,Taylor County,10360
21,KY,219,Todd County,4870
21,KY,221,Trigg County,5990
21,KY,223,Trimble County,3720
21,KY,225,Union County,5870
21,KY,227,Warren County,52900
21,KY,229,Washington County,5260
21,KY,231,Wayne County,7550
21,KY,233,Webster County,5410
21,KY,235,Whitley County,13380
21,KY,237,Wolfe County,2300
21,KY,239,Woodford County,12520
22,LA,000,Louisiana,1994000
22,LA,001,Acadia Parish,24600
22,LA,003,Allen Parish,8600
22,LA,005,Ascension Parish,51840
22,LA,007,Assumption Parish,9610
22,LA,009,Avoyelles Parish,16090
22,LA,011,Beauregard Parish,14050
22,LA,013,Bienville Parish,5690
22,LA,015,Bossier Parish,53820
22,LA,017,Caddo Parish,111860
22,LA,019,Calcasieu Parish,88370
22,LA,021,Caldwell Parish,3770
22,LA,023,Cameron Parish,2960
22,LA,025,Catahoula Parish,3560
22,LA,027,Claiborne Parish,5460
22,LA,029,Concordia Parish,7420
22,LA,031,De Soto Parish,11580
22,LA,033,East Baton Rouge Parish,197760
22,LA,035,East Carroll Parish,2610
22,LA,037,East Feliciana Parish,8080
22,LA,039,Evangeline Parish,12510
22,LA,041,Franklin Parish,7870
22,LA,043,Grant Parish,8120
22,LA,045,Iberia Parish,31830
22,LA,047,Iberville Parish,13440
22,LA,049,Jackson Parish,5990
22,LA,051,Jefferson Parish,205980
22,LA,053,Jefferson Davis Parish,13250
22,LA,055,Lafayette Parish,106050
22,LA,057,Lafourche Parish,41270
22,LA,059,LaSalle Parish,5160
22,LA,061,Lincoln Parish,17880
22,LA,063,Livingston Parish,56650
22,LA,065,Madison Parish,4040
22,LA,067,Morehouse Parish,10900
22,LA,069,Natchitoches Parish,15170
22,LA,071,Orleans Parish,164320
22,LA,073,Ouachita Parish,66160
22,LA,075,Plaquemines Parish,10110
22,LA,077,Pointe Coupee Parish,9710
22,LA,079,Rapides Parish,57260
22,LA,081,Red River Parish,3360
22,LA,083,Richland Parish,8240
22,LA,085,Sabine Parish,8740
22,LA,087,St. Bernard Parish,16950
22,LA,089,St. Charles Parish,24090
22,LA,091,St. Helena Parish,5310
22,LA,093,St. James Parish,9860
22,LA,095,St. John the Baptist Parish,19720
22,LA,097,St. Landry Parish,35620
22,LA,099,St. Martin Parish,23240
22,LA,101,St. Mary Parish,22840
22,LA,103,St. Tammany Parish,111730
22,LA,105,Tangipahoa Parish,50700
22,LA,107,Tensas Parish,1830
22,LA,109,Terrebonne Parish,47880
22,LA,111,Union Parish,8920
22,LA,113,Vermilion Parish,24620
22,LA,115,Vernon Parish,20700
22,LA,117,Washington Parish,16330
22,LA,119,Webster Parish,16410
22,LA,121,West Baton Rouge Parish,11680
22,LA,123,West Carroll Parish,4230
22,LA,125,West Feliciana Parish,4570
22,LA,127,Winn Parish,5050
23,ME,000,Maine,645700
23,ME,001,Androscoggin County,49210
23,ME,003,Aroostook County,30290
23,ME,005,Cumberland County,151910
23,ME,007,Franklin County,13080
23,ME,009,Hancock County,27280
23,ME,011,Kennebec County,58130
23,ME,013,Knox County,20240
23,ME,015,Lincoln County,17700
23,ME,017,Oxford County,25590
23,ME,019,Penobscot County,67800
23,ME,021,Piscataquis County,7230
23,ME,023,Sagadahoc County,18280
23,ME,025,Somerset County,22040
23,ME,027,Waldo County,18220
23,ME,029,Washington County,13980
23,ME,031,York County,104780
24,MD,000,Maryland,2963510
24,MD,001,Allegany County,29180
24,MD,003,Anne Arundel County,283920
24,MD,005,Baltimore County,414570
24,MD,009,Calvert County,44430
24,MD,011,Caroline County,15400
24,MD,013,Carroll County,83670
24,MD,015,Cecil County,46800
24,MD,017,Charles County,78770
24,MD,019,Dorchester County,15230
24,MD,021,Frederick County,122180
24,MD,023,Garrett County,13560
24,MD,025,Harford County,124900
24,MD,027,Howard County,152850
24,MD,029,Kent County,9330
24,MD,031,Montgomery County,527500
24,MD,033,Prince George's County,487090
24,MD,035,Queen Anne's County,24200
24,MD,037,St. Mary's County,51500
24,MD,039,Somerset County,8810
24,MD,041,Talbot County,19090
24,MD,043,Washington County,68910
24,MD,045,Wicomico County,45600
24,MD,047,Worcester County,27540
24,MD,510,Baltimore city,268610
25,MA,000,Massachusetts,3396580
25,MA,001,Barnstable County,125300
25,MA,003,Berkshire County,65040
25,MA,005,Bristol County,271590
25,MA,007,Dukes County,11100
25,MA,009,Essex County,395070
25,MA,011,Franklin County,35740
25,MA,013,Hampden County,219070
25,MA,015,Hampshire County,72540
25,MA,017,Middlesex County,798880
25,MA,019,Nantucket County,7550
25,MA,021,Norfolk County,353590
25,MA,023,Plymouth County,259730
25,MA,025,Suffolk County,383100
25,MA,027,Worcester County,398370
26,MI,000,Michigan,4717320
26,MI,001,Alcona County,4920
26,MI,003,Alger County,4060
26,MI,005,Allegan County,55240
26,MI,007,Alpena County,14120
26,MI,009,Antrim County,11460
26,MI,011,Arenac County,7200
26,MI,013,Baraga County,3490
26,MI,015,Barry County,28050
26,MI,017,Bay County,52960
26,MI,019,Benzie County,9100
26,MI,021,Berrien County,73170
26,MI,023,Branch County,19110
26,MI,025,Calhoun County,61530
26,MI,027,Cass County,23320
26,MI,029,Charlevoix County,13630
26,MI,031,Cheboygan County,12500
26,MI,033,Chippewa County,15790
26,MI,035,Clare County,12880
26,MI,037,Clinton County,36490
26,MI,039,Crawford County,6060
26,MI,041,Delta County,17550
26,MI,043,Dickinson County,13000
26,MI,045,Eaton County,53970
26,MI,047,Emmet County,17740
26,MI,049,Genesee County,192400
26,MI,051,Gladwin County,11120
26,MI,053,Gogebic County,6700
26,MI,055,Grand Traverse County,48410
26,MI,057,Gratiot County,17100
26,MI,059,Hillsdale County,19920
26,MI,061,Houghton County,14740
26,MI,063,Huron County,16420
26,MI,065,Ingham County,124420
26,MI,067,Ionia County,27220
26,MI,069,Iosco County,12100
26,MI,071,Iron County,5550
26,MI,073,Isabella County,26610
26,MI,075,Jackson County,71120
26,MI,077,Kalamazoo County,120800
26,MI,079,Kalkaska County,8040
26,MI,081,Kent County,307010
26,MI,083,Keweenaw County,1040
26,MI,085,Lake County,4510
26,MI,087,Lapeer County,42350
26,MI,089,Leelanau County,11800
26,MI,091,Lenawee County,45500
26,MI,093,Livingston County,94990
26,MI,095,Luce County,2530
26,MI,097,Mackinac County,5970
26,MI,099,Macomb County,443910
26,MI,101,Manistee County,11600
26,MI,103,Marquette County,30730
26,MI,105,Mason County,14110
26,MI,107,Mecosta County,17080
26,MI,109,Menominee County,11150
26,MI,111,Midland County,40240
26,MI,113,Missaukee County,6670
26,MI,115,Monroe County,73520
26,MI,117,Montcalm County,27330
26,MI,119,Montmorency County,4340
26,MI,121,Muskegon County,78210
26,MI,123,Newaygo County,21220
26,MI,125,Oakland County,636200
26,MI,127,Oceana County,12100
26,MI,129,Ogemaw County,9410
26,MI,131,Ontonagon County,2790
26,MI,133,Osceola County,9910
26,MI,135,Oscoda County,3560
26,MI,137,Otsego County,12290
26,MI,139,Ottawa County,131130
26,MI,141,Presque Isle County,6290
26,MI,143,Roscommon County,11160
26,MI,145,Saginaw County,90430
26,MI,147,St. Clair County,78690
26,MI,149,St. Joseph County,28370
26,MI,151,Sanilac County,19020
26,MI,153,Schoolcraft County,3790
26,MI,155,Shiawassee County,33310
26,MI,157,Tuscola County,25340
26,MI,159,Van Buren County,34710
26,MI,161,Washtenaw County,165440
26,MI,163,Wayne County,802660
26,MI,165,Wexford County,15210
27,MN,000,Minnesota,2725090
27,MN,001,Aitkin County,7240
27,MN,003,Anoka County,174480
27,MN,005,Becker County,15760
27,MN,007,Beltrami County,19840
27,MN,009,Benton County,19280
27,MN,011,Big Stone County,2480
27,MN,013,Blue Earth County,30560
27,MN,015,Brown County,13290
27,MN,017,Carlton County,16420
27,MN,019,Carver County,47950
27,MN,021,Cass County,14070
27,MN,023,Chippewa County,6170
27,MN,025,Chisago County,26800
27,MN,027,Clay County,28530
27,MN,029,Clearwater County,3860
27,MN,031,Cook County,2980
27,MN,033,Cottonwood County,5620
27,MN,035,Crow Wing County,31590
27,MN,037,Dakota County,214360
27,MN,039,Dodge County,10020
27,MN,041,Douglas County,18880
27,MN,043,Faribault County,6940
27,MN,045,Fillmore County,9890
27,MN,047,Freeborn County,15120
27,MN,049,Goodhue County,23580
27,MN,051,Grant County,2960
27,MN,053,Hennepin County,634140
27,MN,055,Houston County,9540
27,MN,057,Hubbard County,9330
27,MN,059,Isanti County,18860
27,MN,061,Itasca County,20890
27,MN,063,Jackson County,5150
27,MN,065,Kanabec County,7240
27,MN,067,Kandiyohi County,21320
27,MN,069,Kittson County,2140
27,MN,071,Koochiching County,6110
27,MN,073,Lac qui Parle County,3440
27,MN,075,Lake County,5260
27,MN,077,Lake of the Woods County,2000
27,MN,079,Le Sueur County,13920
27,MN,081,Lincoln County,2680
27,MN,083,Lyon County,12290
27,MN,085,McLeod County,18380
27,MN,087,Mahnomen County,2300
27,MN,089,Marshall County,4550
27,MN,091,Martin County,10370
27,MN,093,Meeker County,11060
27,MN,095,Mille Lacs County,12200
27,MN,097,Morrison County,15730
27,MN,099,Mower County,18890
27,MN,101,Murray County,4160
27,MN,103,Nicollet County,15830
27,MN,105,Nobles County,10620
27,MN,107,Norman County,3170
27,MN,109,Olmsted County,77160
27,MN,111,Otter Tail County,28270
27,MN,113,Pennington County,7110
27,MN,115,Pine County,12710
27,MN,117,Pipestone County,4580
27,MN,119,Polk County,14880
27,MN,121,Pope County,5550
27,MN,123,Ramsey County,266050
27,MN,125,Red Lake County,1930
27,MN,127,Redwood County,7760
27,MN,129,Renville County,7580
27,MN,131,Rice County,29410
27,MN,133,Rock County,4460
27,MN,135,Roseau County,7920
27,MN,137,St. Louis County,94880
27,MN,139,Scott County,68360
27,MN,141,Sherburne County,43900
27,MN,143,Sibley County,7440
27,MN,145,Stearns County,72700
27,MN,147,Steele County,18550
27,MN,149,Stevens County,4440
27,MN,151,Swift County,4660
27,MN,153,Todd County,10860
27,MN,155,Traverse County,1640
27,MN,157,Wabasha County,11040
27,MN,159,Wadena County,6300
27,MN,161,Waseca County,9120
27,MN,163,Washington County,127010
27,MN,165,Watonwan County,5410
27,MN,167,Wilkin County,3300
27,MN,169,Winona County,22670
27,MN,171,Wright County,62580
27,MN,173,Yellow Medicine County,4960
28,MS,000,Mississippi,1244560
28,MS,001,Adams County,12680
28,MS,003,Alcorn County,13910
28,MS,005,Amite County,4960
28,MS,007,Attala County,7410
28,MS,009,Benton County,3250
28,MS,011,Bolivar County,13470
28,MS,013,Calhoun County,5720
28,MS,015,Carroll County,4180
28,MS,017,Chickasaw County,7470
28,MS,019,Choctaw County,3340
28,MS,021,Claiborne County,3520
28,MS,023,Clarke County,6630
28,MS,025,Clay County,8450
28,MS,027,Coahoma County,9610
28,MS,029,Copiah County,11670
28,MS,031,Covington County,7980
28,MS,033,DeSoto County,79350
28,MS,035,Forrest County,31820
28,MS,037,Franklin County,3100
28,MS,039,George County,8840
28,MS,041,Greene County,4320
28,MS,043,Grenada County,9480
28,MS,045,Hancock County,18280
28,MS,047,Harrison County,87600
28,MS,049,Hinds County,107670
28,MS,051,Holmes County,7330
28,MS,053,Humphreys County,3410
28,MS,055,Issaquena County,440
28,MS,057,Itawamba County,9320
28,MS,059,Jackson County,61290
28,MS,061,Jasper County,7010
28,MS,063,Jefferson County,3230
28,MS,065,Jefferson Davis County,4990
28,MS,067,Jones County,27530
28,MS,069,Kemper County,3720
28,MS,071,Lafayette County,19760
28,MS,073,Lamar County,24470
28,MS,075,Lauderdale County,31810
28,MS,077,Lawrence County,4960
28,MS,079,Leake County,8570
28,MS,081,Lee County,37260
28,MS,083,Leflore County,12050
28,MS,085,Lincoln County,13680
28,MS,087,Lowndes County,25190
28,MS,089,Madison County,48480
28,MS,091,Marion County,9630
28,MS,093,Marshall County,15350
28,MS,095,Monroe County,14760
28,MS,097,Montgomery County,4300
28,MS,099,Neshoba County,11800
28,MS,101,Newton County,8900
28,MS,103,Noxubee County,4650
28,MS,105,Oktibbeha County,18060
28,MS,107,Panola County,14460
28,MS,109,Pearl River County,21110
28,MS,111,Perry County,4680
28,MS,113,Pike County,16330
28,MS,115,Pontotoc County,12960
28,MS,117,Prentiss County,9680
28,MS,119,Quitman County,2760
28,MS,121,Rankin County,65480
28,MS,123,Scott County,11960
28,MS,125,Sharkey County,1860
28,MS,127,Simpson County,10510
28,MS,129,Smith County,6070
28,MS,131,Stone County,6660
28,MS,133,Sunflower County,9750
28,MS,135,Tallahatchie County,5020
28,MS,137,Tate County,11670
28,MS,139,Tippah County,8780
28,MS,141,Tishomingo County,7460
28,MS,143,Tunica County,4740
28,MS,145,Union County,11420
28,MS,147,Walthall County,5590
28,MS,149,Warren County,21100
28,MS,151,Washington County,20010
28,MS,153,Wayne County,8260
28,MS,155,Webster County,3970
28,MS,157,Wilkinson County,3500
28,MS,159,Winston County,7460
28,MS,161,Yalobusha County,5300
28,MS,163,Yazoo County,9570
29,MO,000,Missouri,2787570
29,MO,001,Adair County,9530
29,MO,003,Andrew County,8330
29,MO,005,Atchison County,2540
29,MO,007,Audrain County,10650
29,MO,009,Barry County,14070
29,MO,011,Barton County,5060
29,MO,013,Bates County,7060
29,MO,015,Benton County,7870
29,MO,017,Bollinger County,4640
29,MO,019,Boone County,78330
29,MO,021,Buchanan County,39150
29,MO,023,Butler County,17570
29,MO,025,Caldwell County,3850
29,MO,027,Callaway County,19590
29,MO,029,Camden County,19930
29,MO,031,Cape Girardeau County,35320
29,MO,033,Carroll County,4110
29,MO,035,Carter County,2400
29,MO,037,Cass County,48240
29,MO,039,Cedar County,5460
29,MO,041,Chariton County,3470
29,MO,043,Christian County,36680
29,MO,045,Clark County,2880
29,MO,047,Clay County,115410
29,MO,049,Clinton County,9700
29,MO,051,Cole County,36320
29,MO,053,Cooper County,7510
29,MO,055,Crawford County,10160
29,MO,057,Dade County,3180
29,MO,059,Dallas County,6480
29,MO,061,Daviess County,3520
29,MO,063,DeKalb County,4110
29,MO,065,Dent County,5880
29,MO,067,Douglas County,4910
29,MO,069,Dunklin County,11510
29,MO,071,Franklin County,49610
29,MO,073,Gasconade County,7090
29,MO,075,Gentry County,2810
29,MO,077,Greene County,130380
29,MO,079,Grundy County,4270
29,MO,081,Harrison County,3770
29,MO,083,Henry County,9390
29,MO,085,Hickory County,3490
29,MO,087,Holt County,2130
29,MO,089,Howard County,4340
29,MO,091,Howell County,16090
29,MO,093,Iron County,3850
29,MO,095,Jackson County,331110
29,MO,097,Jasper County,51380
29,MO,099,Jefferson County,105460
29,MO,101,Johnson County,22360
29,MO,103,Knox County,1670
29,MO,105,Laclede County,15120
29,MO,107,Lafayette County,14850
29,MO,109,Lawrence County,16170
29,MO,111,Lewis County,4270
29,MO,113,Lincoln County,25110
29,MO,115,Linn County,5450
29,MO,117,Livingston County,6400
29,MO,119,McDonald County,9110
29,MO,121,Macon County,6940
29,MO,123,Madison County,4980
29,MO,125,Maries County,3750
29,MO,127,Marion County,12810
29,MO,129,Mercer County,1550
29,MO,131,Miller County,10440
29,MO,133,Mississippi County,5020
29,MO,135,Moniteau County,6610
29,MO,137,Monroe County,3880
29,MO,139,Montgomery County,5150
29,MO,141,Morgan County,8450
29,MO,143,New Madrid County,7050
29,MO,145,Newton County,24640
29,MO,147,Nodaway County,8630
29,MO,149,Oregon County,3800
29,MO,151,Osage County,6090
29,MO,153,Ozark County,3560
29,MO,155,Pemiscot County,6450
29,MO,157,Perry County,9060
29,MO,159,Pettis County,18600
29,MO,161,Phelps County,18060
29,MO,163,Pike County,7370
29,MO,165,Platte County,47800
29,MO,167,Polk County,12080
29,MO,169,Pulaski County,18430
29,MO,171,Putnam County,2060
29,MO,173,Ralls County,4720
29,MO,175,Randolph County,10360
29,MO,177,Ray County,10530
29,MO,179,Reynolds County,2450
29,MO,181,Ripley County,5050
29,MO,183,St. Charles County,191540
29,MO,185,St. Clair County,3620
29,MO,186,Ste. Genevieve County,8280
29,MO,187,St. Francois County,25750
29,MO,189,St. Louis County,504870
29,MO,195,Saline County,9800
29,MO,197,Schuyler County,1730
29,MO,199,Scotland County,2100
29,MO,201,Scott County,17320
29,MO,203,Shannon County,3050
29,MO,205,Shelby County,2920
29,MO,207,Stoddard County,12370
29,MO,209,Stone County,13970
29,MO,211,Sullivan County,2750
29,MO,213,Taney County,24660
29,MO,215,Texas County,9300
29,MO,217,Vernon County,8460
29,MO,219,Warren County,15500
29,MO,221,Washington County,8790
29,MO,223,Wayne County,4520
29,MO,225,Webster County,15010
29,MO,227,Worth County,930
29,MO,229,Wright County,6940
29,MO,510,St. Louis city,146340
30,MT,000,Montana,498450
30,MT,001,Beaverhead County,4460
30,MT,003,Big Horn County,4680
30,MT,005,Blaine County,2670
30,MT,007,Broadwater County,2570
30,MT,009,Carbon County,5030
30,MT,011,Carter County,570
30,MT,013,Cascade County,40100
30,MT,015,Chouteau County,2280
30,MT,017,Custer County,5630
30,MT,019,Daniels County,880
30,MT,021,Dawson County,4380
30,MT,023,Deer Lodge County,4190
30,MT,025,Fallon County,1470
30,MT,027,Fergus County,5630
30,MT,029,Flathead County,47940
30,MT,031,Gallatin County,53360
30,MT,033,Garfield County,570
30,MT,035,Glacier County,5080
30,MT,037,Golden Valley County,450
30,MT,039,Granite County,1430
30,MT,041,Hill County,7730
30,MT,043,Jefferson County,5420
30,MT,045,Judith Basin County,990
30,MT,047,Lake County,12530
30,MT,049,Lewis and Clark County,33710
30,MT,051,Liberty County,960
30,MT,053,Lincoln County,7890
30,MT,055,McCone County,880
30,MT,057,Madison County,3770
30,MT,059,Meagher County,950
30,MT,061,Mineral County,1850
30,MT,063,Missoula County,56950
30,MT,065,Musselshell County,1960
30,MT,067,Park County,8540
30,MT,069,Petroleum County,200
30,MT,071,Phillips County,1980
30,MT,073,Pondera County,2990
30,MT,075,Powder River County,810
30,MT,077,Powell County,2700
30,MT,079,Prairie County,570
30,MT,081,Ravalli County,19550
30,MT,083,Richland County,6000
30,MT,085,Roosevelt County,4160
30,MT,087,Rosebud County,4040
30,MT,089,Sanders County,4870
30,MT,091,Sheridan County,1970
30,MT,093,Silver Bow County,16440
30,MT,095,Stillwater County,4370
30,MT,097,Sweet Grass County,1770
30,MT,099,Teton County,2990
30,MT,101,Toole County,2310
30,MT,103,Treasure County,390
30,MT,105,Valley County,3710
30,MT,107,Wheatland County,940
30,MT,109,Wibaux County,470
30,MT,111,Yellowstone County,77930
31,NE,000,Nebraska,899280
31,NE,001,Adams County,14580
31,NE,003,Antelope County,2970
31,NE,005,Arthur County,200
31,NE,007,Banner County,290
31,NE,009,Blaine County,240
31,NE,011,Boone County,2660
31,NE,013,Box Butte County,5280
31,NE,015,Boyd County,890
31,NE,017,Brown County,1420
31,NE,019,Buffalo County,22060
31,NE,021,Burt County,3150
31,NE,023,Butler County,3920
31,NE,025,Cass County,12400
31,NE,027,Cedar County,4020
31,NE,029,Chase County,1790
31,NE,031,Cherry County,2900
31,NE,033,Cheyenne County,4970
31,NE,035,Clay County,2890
31,NE,037,Colfax County,5070
31,NE,039,Cuming County,4420
31,NE,041,Custer County,5290
31,NE,043,Dakota County,9910
31,NE,045,Dawes County,3610
31,NE,047,Dawson County,11400
31,NE,049,Deuel County,870
31,NE,051,Dixon County,2750
31,NE,053,Dodge County,17400
31,NE,055,Douglas County,266490
31,NE,057,Dundy County,860
31,NE,059,Fillmore County,2830
31,NE,061,Franklin County,1440
31,NE,063,Frontier County,1120
31,NE,065,Furnas County,2230
31,NE,067,Gage County,10320
31,NE,069,Garden County,900
31,NE,071,Garfield County,830
31,NE,073,Gosper County,1000
31,NE,075,Grant County,340
31,NE,077,Greeley County,1070
31,NE,079,Hall County,29580
31,NE,081,Hamilton County,4550
31,NE,083,Harlan County,1540
31,NE,085,Hayes County,420
31,NE,087,Hitchcock County,1250
31,NE,089,Holt County,5080
31,NE,091,Hooker County,370
31,NE,093,Howard County,2980
31,NE,095,Jefferson County,3420
31,NE,097,Johnson County,2070
31,NE,099,Kearney County,3120
31,NE,101,Keith County,3990
31,NE,103,Keya Paha County,380
31,NE,105,Kimball County,1650
31,NE,107,Knox County,3900
31,NE,109,Lancaster County,142930
31,NE,111,Lincoln County,16780
31,NE,113,Logan County,340
31,NE,115,Loup County,300
31,NE,117,McPherson County,210
31,NE,119,Madison County,16830
31,NE,121,Merrick County,3610
31,NE,123,Morrill County,2170
31,NE,125,Nance County,1600
31,NE,127,Nemaha County,3020
31,NE,129,Nuckolls County,2010
31,NE,131,Otoe County,7620
31,NE,133,Pawnee County,1240
31,NE,135,Perkins County,1350
31,NE,137,Phelps County,4480
31,NE,139,Pierce County,3420
31,NE,141,Platte County,16600
31,NE,143,Polk County,2590
31,NE,145,Red Willow County,5080
31,NE,147,Richardson County,3810
31,NE,149,Rock County,670
31,NE,151,Saline County,6410
31,NE,153,Sarpy County,84490
31,NE,155,Saunders County,10030
31,NE,157,Scotts Bluff County,16710
31,NE,159,Seward County,7550
31,NE,161,Sheridan County,2400
31,NE,163,Sherman County,1420
31,NE,165,Sioux County,540
31,NE,167,Stanton County,2780
31,NE,169,Thayer County,2420
31,NE,171,Thomas County,330
31,NE,173,Thurston County,2760
31,NE,175,Valley County,1960
31,NE,177,Washington County,9710
31,NE,179,Wayne County,3760
31,NE,181,Webster County,1620
31,NE,183,Wheeler County,380
31,NE,185,York County,6700
32,NV,000,Nevada,1350680
32,NV,001,Churchill County,10860
32,NV,003,Clark County,980020
32,NV,005,Douglas County,25550
32,NV,007,Elko County,23330
32,NV,009,Esmeralda County,400
32,NV,011,Eureka County,750
32,NV,013,Humboldt County,7780
32,NV,015,Lander County,2540
32,NV,017,Lincoln County,1690
32,NV,019,Lyon County,24870
32,NV,021,Mineral County,1880
32,NV,023,Nye County,17930
32,NV,027,Pershing County,2000
32,NV,029,Storey County,1890
32,NV,031,Washoe County,218390
32,NV,033,White Pine County,4010
32,NV,510,Carson City,26910
33,NH,000,New Hampshire,693070
33,NH,001,Belknap County,33040
33,NH,003,Carroll County,25710
33,NH,005,Cheshire County,37180
33,NH,007,Coos County,15000
33,NH,009,Grafton County,44250
33,NH,011,Hillsborough County,212770
33,NH,013,Merrimack County,75090
33,NH,015,Rockingham County,166720
33,NH,017,Strafford County,61960
33,NH,019,Sullivan County,21410
34,NJ,000,New Jersey,4385490
34,NJ,001,Atlantic County,133990
34,NJ,003,Bergen County,464930
34,NJ,005,Burlington County,225530
34,NJ,007,Camden County,246100
34,NJ,009,Cape May County,49820
34,NJ,011,Cumberland County,67190
34,NJ,013,Essex County,370380
34,NJ,015,Gloucester County,140590
34,NJ,017,Hudson County,331950
34,NJ,019,Hunterdon County,64620
34,NJ,021,Mercer County,175890
34,NJ,023,Middlesex County,405530
34,NJ,025,Monmouth County,321780
34,NJ,027,Morris County,254130
34,NJ,029,Ocean County,283620
34,NJ,031,Passaic County,249540
34,NJ,033,Salem County,30720
34,NJ,035,Somerset County,168590
34,NJ,037,Sussex County,72900
34,NJ,039,Union County,274180
34,NJ,041,Warren County,53550
35,NM,000,New Mexico,917220
35,NM,001,Bernalillo County,309130
35,NM,003,Catron County,1360
35,NM,005,Chaves County,25780
35,NM,006,Cibola County,9440
35,NM,007,Colfax County,5450
35,NM,009,Curry County,21150
35,NM,011,De Baca County,820
35,NM,013,Doña Ana County,90980
35,NM,015,Eddy County,24500
35,NM,017,Grant County,12320
35,NM,019,Guadalupe County,1820
35,NM,021,Harding County,310
35,NM,023,Hidalgo County,1750
35,NM,025,Lea County,28690
35,NM,027,Lincoln County,9110
35,NM,028,Los Alamos County,8900
35,NM,029,Luna County,10560
35,NM,031,McKinley County,32200
35,NM,033,Mora County,1980
35,NM,035,Otero County,26830
35,NM,037,Quay County,3640
35,NM,039,Rio Arriba County,16680
35,NM,041,Roosevelt County,7810
35,NM,043,Sandoval County,63130
35,NM,045,San Juan County,50540
35,NM,047,San Miguel County,11710
35,NM,049,Santa Fe County,75540
35,NM,051,Sierra County,4810
35,NM,053,Socorro County,6830
35,NM,055,Taos County,15670
35,NM,057,Torrance County,5710
35,NM,059,Union County,1660
35,NM,061,Valencia County,30460
36,NY,000,New York,9614110
36,NY,001,Albany County,153040
36,NY,003,Allegany County,18910
36,NY,005,Bronx County,654280
36,NY,007,Broome County,88970
36,NY,009,Cattaraugus County,34440
36,NY,011,Cayuga County,35430
36,NY,013,Chautauqua County,57310
36,NY,015,Chemung County,39370
36,NY,017,Chenango County,22650
36,NY,019,Clinton County,36490
36,NY,021,Columbia County,30070
36,NY,023,Cortland County,20750
36,NY,025,Delaware County,19910
36,NY,027,Dutchess County,141320
36,NY,029,Erie County,449410
36,NY,031,Essex County,17720
36,NY,033,Franklin County,20250
36,NY,035,Fulton County,24990
36,NY,037,Genesee County,28330
36,NY,039,Greene County,22160
36,NY,041,Hamilton County,2620
36,NY,043,Herkimer County,28040
36,NY,045,Jefferson County,50890
36,NY,047,Kings County,1222620
36,NY,049,Lewis County,11800
36,NY,051,Livingston County,28180
36,NY,053,Madison County,31380
36,NY,055,Monroe County,363510
36,NY,057,Montgomery County,22680
36,NY,059,Nassau County,715520
36,NY,061,New York County,893060
36,NY,063,Niagara County,105140
36,NY,065,Oneida County,105010
36,NY,067,Onondaga County,223450
36,NY,069,Ontario County,54460
36,NY,071,Orange County,181570
36,NY,073,Orleans County,18450
36,NY,075,Oswego County,52990
36,NY,077,Otsego County,26700
36,NY,079,Putnam County,49820
36,NY,081,Queens County,1154130
36,NY,083,Rensselaer County,78190
36,NY,085,Richmond County,222770
36,NY,087,Rockland County,149670
36,NY,089,St. Lawrence County,43110
36,NY,091,Saratoga County,116660
36,NY,093,Schenectady County,76530
36,NY,095,Schoharie County,13870
36,NY,097,Schuyler County,8720
36,NY,099,Seneca County,15460
36,NY,101,Steuben County,44110
36,NY,103,Suffolk County,778410
36,NY,105,Sullivan County,33930
36,NY,107,Tioga County,23420
36,NY,109,Tompkins County,41280
36,NY,111,Ulster County,86590
36,NY,113,Warren County,34290
36,NY,115,Washington County,28370
36,NY,117,Wayne County,44560
36,NY,119,Westchester County,487300
36,NY,121,Wyoming County,18260
36,NY,123,Yates County,11070
37,NC,000,North Carolina,4456990
37,NC,001,Alamance County,70200
37,NC,003,Alexander County,15280
37,NC,005,Alleghany County,4520
37,NC,007,Anson County,9620
37,NC,009,Ashe County,10960
37,NC,011,Avery County,6930
37,NC,013,Beaufort County,20490
37,NC,015,Bertie County,8020
37,NC,017,Bladen County,12620
37,NC,019,Brunswick County,55950
37,NC,021,Buncombe County,124590
37,NC,023,Burke County,37680
37,NC,025,Cabarrus County,89330
37,NC,027,Caldwell County,33670
37,NC,029,Camden County,4450
37,NC,031,Carteret County,32340
37,NC,033,Caswell County,9220
37,NC,035,Catawba County,71560
37,NC,037,Chatham County,32410
37,NC,039,Cherokee County,11280
37,NC,041,Chowan County,6370
37,NC,043,Clay County,4460
37,NC,045,Cleveland County,41570
37,NC,047,Columbus County,21260
37,NC,049,Craven County,46350
37,NC,051,Cumberland County,142110
37,NC,053,Currituck County,11550
37,NC,055,Dare County,19510
37,NC,057,Davidson County,72470
37,NC,059,Davie County,18880
37,NC,061,Duplin County,22320
37,NC,063,Durham County,141970
37,NC,065,Edgecombe County,22420
37,NC,067,Forsyth County,167830
37,NC,069,Franklin County,26150
37,NC,071,Gaston County,94720
37,NC,073,Gates County,4610
37,NC,075,Graham County,3270
37,NC,077,Granville County,24850
37,NC,079,Greene County,7680
37,NC,081,Guilford County,236870
37,NC,083,Halifax County,21620
37,NC,085,Harnett County,50410
37,NC,087,Haywood County,27080
37,NC,089,Henderson County,52350
37,NC,091,Hertford County,8460
37,NC,093,Hoke County,19950
37,NC,095,Hyde County,2050
37,NC,097,Iredell County,78700
37,NC,099,Jackson County,15610
37,NC,101,Johnston County,80380
37,NC,103,Jones County,4280
37,NC,105,Lee County,25870
37,NC,107,Lenoir County,25150
37,NC,109,Lincoln County,35360
37,NC,111,McDowell County,18680
37,NC,113,Macon County,15270
37,NC,115,Madison County,8680
37,NC,117,Martin County,10240
37,NC,119,Mecklenburg County,493970
37,NC,121,Mitchell County,6130
37,NC,123,Montgomery County,11020
37,NC,125,Moore County,42850
37,NC,127,Nash County,43400
37,NC,129,New Hanover County,102110
37,NC,131,Northampton County,8050
37,NC,133,Onslow County,78560
37,NC,135,Orange County,61120
37,NC,137,Pamlico County,5500
37,NC,139,Pasquotank County,17330
37,NC,141,Pender County,24280
37,NC,143,Perquimans County,5680
37,NC,145,Person County,17060
37,NC,147,Pitt County,71300
37,NC,149,Polk County,8900
37,NC,151,Randolph County,62180
37,NC,153,Richmond County,18200
37,NC,155,Robeson County,48760
37,NC,157,Rockingham County,39320
37,NC,159,Rowan County,61410
37,NC,161,Rutherford County,25800
37,NC,163,Sampson County,26960
37,NC,165,Scotland County,13550
37,NC,167,Stanly County,25680
37,NC,169,Stokes County,19660
37,NC,171,Surry County,30350
37,NC,173,Swain County,7670
37,NC,175,Transylvania County,14190
37,NC,177,Tyrrell County,1680
37,NC,179,Union County,95300
37,NC,181,Vance County,18730
37,NC,183,Wake County,480890
37,NC,185,Warren County,7650
37,NC,187,Washington County,5190
37,NC,189,Watauga County,19530
37,NC,191,Wayne County,52160
37,NC,193,Wilkes County,27450
37,NC,195,Wilson County,35750
37,NC,197,Yadkin County,16270
37,NC,199,Yancey County,7300
38,ND,000,North Dakota,369350
38,ND,001,Adams County,1130
38,ND,003,Barnes County,5410
38,ND,005,Benson County,2560
38,ND,007,Billings County,490
38,ND,009,Bottineau County,3270
38,ND,011,Bowman County,1620
38,ND,013,Burke County,1210
38,ND,015,Burleigh County,46940
38,ND,017,Cass County,85900
38,ND,019,Cavalier County,1970
38,ND,021,Dickey County,2510
38,ND,023,Divide County,1210
38,ND,025,Dunn County,2160
38,ND,027,Eddy County,1160
38,ND,029,Emmons County,1630
38,ND,031,Foster County,1720
38,ND,033,Golden Valley County,880
38,ND,035,Grand Forks County,33760
38,ND,037,Grant County,1080
38,ND,039,Griggs County,1170
38,ND,041,Hettinger County,1240
38,ND,043,Kidder County,1170
38,ND,045,LaMoure County,2010
38,ND,047,Logan County,930
38,ND,049,McHenry County,2870
38,ND,051,McIntosh County,1330
38,ND,053,McKenzie County,4800
38,ND,055,McLean County,4710
38,ND,057,Mercer County,4330
38,ND,059,Morton County,15650
38,ND,061,Mountrail County,4700
38,ND,063,Nelson County,1540
38,ND,065,Oliver County,900
38,ND,067,Pembina County,3600
38,ND,069,Pierce County,2060
38,ND,071,Ramsey County,5750
38,ND,073,Ransom County,2830
38,ND,075,Renville County,1260
38,ND,077,Richland County,7800
38,ND,079,Rolette County,5420
38,ND,081,Sargent County,2050
38,ND,083,Sheridan County,650
38,ND,085,Sioux County,1300
38,ND,087,Slope County,350
38,ND,089,Stark County,16010
38,ND,091,Steele County,990
38,ND,093,Stutsman County,10410
38,ND,095,Towner County,1140
38,ND,097,Traill County,3730
38,ND,099,Walsh County,5450
38,ND,101,Ward County,34970
38,ND,103,Wells County,2140
38,ND,105,Williams County,17810
39,OH,000,Ohio,5591870
39,OH,001,Adams County,10930
39,OH,003,Allen County,48020
39,OH,005,Ashland County,24640
39,OH,007,Ashtabula County,44750
39,OH,009,Athens County,22230
39,OH,011,Auglaize County,23580
39,OH,013,Belmont County,31050
39,OH,015,Brown County,19300
39,OH,017,Butler County,175040
39,OH,019,Carroll County,12910
39,OH,021,Champaign County,18450
39,OH,023,Clark County,63560
39,OH,025,Clermont County,98050
39,OH,027,Clinton County,19410
39,OH,029,Columbiana County,47440
39,OH,031,Coshocton County,16260
39,OH,033,Crawford County,20530
39,OH,035,Cuyahoga County,627700
39,OH,037,Darke County,25260
39,OH,039,Defiance County,18990
39,OH,041,Delaware County,91960
39,OH,043,Erie County,39610
39,OH,045,Fairfield County,71040
39,OH,047,Fayette County,13350
39,OH,049,Franklin County,622650
39,OH,051,Fulton County,21280
39,OH,053,Gallia County,12050
39,OH,055,Geauga County,47630
39,OH,057,Greene County,76950
39,OH,059,Guernsey County,18160
39,OH,061,Hamilton County,403560
39,OH,063,Hancock County,37430
39,OH,065,Hardin County,13250
39,OH,067,Harrison County,6610
39,OH,069,Henry County,14140
39,OH,071,Highland County,18370
39,OH,073,Hocking County,12480
39,OH,075,Holmes County,17330
39,OH,077,Huron County,28930
39,OH,079,Jackson County,13550
39,OH,081,Jefferson County,30590
39,OH,083,Knox County,27220
39,OH,085,Lake County,123310
39,OH,087,Lawrence County,25540
39,OH,089,Licking County,81650
39,OH,091,Logan County,22400
39,OH,093,Lorain County,148450
39,OH,095,Lucas County,203390
39,OH,097,Madison County,19210
39,OH,099,Mahoning County,112200
39,OH,101,Marion County,27910
39,OH,103,Medina County,91480
39,OH,105,Meigs County,9170
39,OH,107,Mercer County,21110
39,OH,109,Miami County,51300
39,OH,111,Monroe County,6270
39,OH,113,Montgomery County,256730
39,OH,115,Morgan County,6030
39,OH,117,Morrow County,15480
39,OH,119,Muskingum County,39550
39,OH,121,Noble County,5400
39,OH,123,Ottawa County,21570
39,OH,125,Paulding County,9020
39,OH,127,Perry County,15250
39,OH,129,Pickaway County,24740
39,OH,131,Pike County,11180
39,OH,133,Portage County,76330
39,OH,135,Preble County,19550
39,OH,137,Putnam County,17430
39,OH,139,Richland County,56890
39,OH,141,Ross County,32790
39,OH,143,Sandusky County,30140
39,OH,145,Scioto County,29080
39,OH,147,Seneca County,26620
39,OH,149,Shelby County,23910
39,OH,151,Stark County,183970
39,OH,153,Summit County,269210
39,OH,155,Trumbull County,99840
39,OH,157,Tuscarawas County,45040
39,OH,159,Union County,25240
39,OH,161,Van Wert County,14050
39,OH,163,Vinton County,5120
39,OH,165,Warren County,107970
39,OH,167,Washington County,29090
39,OH,169,Wayne County,54260
39,OH,171,Williams County,18460
39,OH,173,Wood County,61380
39,OH,175,Wyandot County,11120
40,OK,000,Oklahoma,1641910
40,OK,001,Adair County,7860
40,OK,003,Alfalfa County,2150
40,OK,005,Atoka County,5180
40,OK,007,Beaver County,2290
40,OK,009,Beckham County,8870
40,OK,011,Blaine County,4020
40,OK,013,Bryan County,17320
40,OK,015,Caddo County,10820
40,OK,017,Canadian County,58940
40,OK,019,Carter County,21160
40,OK,021,Cherokee County,17960
40,OK,023,Choctaw County,5630
40,OK,025,Cimarron County,1110
40,OK,027,Cleveland County,121190
40,OK,029,Coal County,2080
40,OK,031,Comanche County,48780
40,OK,033,Cotton County,2350
40,OK,035,Craig County,5580
40,OK,037,Creek County,29270
40,OK,039,Custer County,11920
40,OK,041,Delaware County,15600
40,OK,043,Dewey County,2130
40,OK,045,Ellis County,1760
40,OK,047,Garfield County,27650
40,OK,049,Garvin County,10970
40,OK,051,Grady County,21620
40,OK,053,Grant County,1960
40,OK,055,Greer County,1940
40,OK,057,Harmon County,970
40,OK,059,Harper County,1600
40,OK,061,Haskell County,4560
40,OK,063,Hughes County,4660
40,OK,065,Jackson County,10790
40,OK,067,Jefferson County,2230
40,OK,069,Johnston County,4220
40,OK,071,Kay County,19000
40,OK,073,Kingfisher County,6810
40,OK,075,Kiowa County,3550
40,OK,077,Latimer County,4160
40,OK,079,Le Flore County,17830
40,OK,081,Lincoln County,13640
40,OK,083,Logan County,18160
40,OK,085,Love County,4280
40,OK,087,McClain County,16620
40,OK,089,McCurtain County,12620
40,OK,091,McIntosh County,7500
40,OK,093,Major County,3430
40,OK,095,Marshall County,6190
40,OK,097,Mayes County,16020
40,OK,099,Murray County,5790
40,OK,101,Muskogee County,27040
40,OK,103,Noble County,4830
40,OK,105,Nowata County,4190
40,OK,107,Okfuskee County,4020
40,OK,109,Oklahoma County,342350
40,OK,111,Okmulgee County,15150
40,OK,113,Osage County,17790
40,OK,115,Ottawa County,12800
40,OK,117,Pawnee County,6350
40,OK,119,Payne County,29920
40,OK,121,Pittsburg County,17860
40,OK,123,Pontotoc County,16250
40,OK,125,Pottawatomie County,28850
40,OK,127,Pushmataha County,4190
40,OK,129,Roger Mills County,1580
40,OK,131,Rogers County,39830
40,OK,133,Seminole County,9140
40,OK,135,Sequoyah County,15700
40,OK,137,Stephens County,18050
40,OK,139,Texas County,9750
40,OK,141,Tillman County,2910
40,OK,143,Tulsa County,288580
40,OK,145,Wagoner County,31990
40,OK,147,Washington County,23120
40,OK,149,Washita County,4630
40,OK,151,Woods County,3820
40,OK,153,Woodward County,8770
41,OR,000,Oregon,1874420
41,OR,001,Baker County,6880
41,OR,003,Benton County,38850
41,OR,005,Clackamas County,193730
41,OR,007,Clatsop County,18210
41,OR,009,Columbia County,22600
41,OR,011,Coos County,27290
41,OR,013,Crook County,9640
41,OR,015,Curry County,10500
41,OR,017,Deschutes County,87380
41,OR,019,Douglas County,45440
41,OR,021,Gilliam County,830
41,OR,023,Grant County,3060
41,OR,025,Harney County,3020
41,OR,027,Hood River County,11650
41,OR,029,Jackson County,99240
41,OR,031,Jefferson County,9400
41,OR,033,Josephine County,36270
41,OR,035,Klamath County,27770
41,OR,037,Lake County,3160
41,OR,039,Lane County,165950
41,OR,041,Lincoln County,21990
41,OR,043,Linn County,53260
41,OR,045,Malheur County,10690
41,OR,047,Marion County,144660
41,OR,049,Morrow County,4800
41,OR,051,Multnomah County,394700
41,OR,053,Polk County,34740
41,OR,055,Sherman County,830
41,OR,057,Tillamook County,12020
41,OR,059,Umatilla County,31710
41,OR,061,Union County,11350
41,OR,063,Wallowa County,3390
41,OR,065,Wasco County,11440
41,OR,067,Washington County,272690
41,OR,069,Wheeler County,560
41,OR,071,Yamhill County,44910
42,PA,000,Pennsylvania,6200330
42,PA,001,Adams County,51420
42,PA,003,Allegheny County,632260
42,PA,005,Armstrong County,32350
42,PA,007,Beaver County,85970
42,PA,009,Bedford County,23100
42,PA,011,Berks County,202920
42,PA,013,Blair County,59440
42,PA,015,Bradford County,28710
42,PA,017,Bucks County,330540
42,PA,019,Butler County,94090
42,PA,021,Cambria County,64140
42,PA,023,Cameron County,2450
42,PA,025,Carbon County,30970
42,PA,027,Centre County,60070
42,PA,029,Chester County,252920
42,PA,031,Clarion County,17150
42,PA,033,Clearfield County,36830
42,PA,035,Clinton County,16980
42,PA,037,Columbia County,29720
42,PA,039,Crawford County,38850
42,PA,041,Cumberland County,124230
42,PA,043,Dauphin County,142090
42,PA,045,Delaware County,276660
42,PA,047,Elk County,16510
42,PA,049,Erie County,130590
42,PA,051,Fayette County,61650
42,PA,053,Forest County,2220
42,PA,055,Franklin County,76500
42,PA,057,Fulton County,7070
42,PA,059,Greene County,15990
42,PA,061,Huntingdon County,19140
42,PA,063,Indiana County,36190
42,PA,065,Jefferson County,21280
42,PA,067,Juniata County,11210
42,PA,069,Lackawanna County,102950
42,PA,071,Lancaster County,264590
42,PA,073,Lawrence County,41870
42,PA,075,Lebanon County,68660
42,PA,077,Lehigh County,181980
42,PA,079,Luzerne County,156990
42,PA,081,Lycoming County,54510
42,PA,083,McKean County,18990
42,PA,085,Mercer County,53440
42,PA,087,Mifflin County,21070
42,PA,089,Monroe County,78420
42,PA,091,Montgomery County,418810
42,PA,093,Montour County,9130
42,PA,095,Northampton County,151800
42,PA,097,Northumberland County,43530
42,PA,099,Perry County,22600
42,PA,101,Philadelphia County,673370
42,PA,103,Pike County,26800
42,PA,105,Potter County,7670
42,PA,107,Schuylkill County,67920
42,PA,109,Snyder County,18230
42,PA,111,Somerset County,34720
42,PA,113,Sullivan County,2890
42,PA,115,Susquehanna County,19800
42,PA,117,Tioga County,18770
42,PA,119,Union County,17180
42,PA,121,Venango County,24900
42,PA,123,Warren County,19570
42,PA,125,Washington County,103650
42,PA,127,Wayne County,24660
42,PA,129,Westmoreland County,183270
42,PA,131,Wyoming County,13630
42,PA,133,York County,222120
44,RI,000,Rhode Island,527490
44,RI,001,Bristol County,24170
44,RI,003,Kent County,88180
44,RI,005,Newport County,43250
44,RI,007,Providence County,307150
44,RI,009,Washington County,64750
45,SC,000,South Carolina,2169570
45,SC,001,Abbeville County,9600
45,SC,003,Aiken County,72360
45,SC,005,Allendale County,3180
45,SC,007,Anderson County,83420
45,SC,009,Bamberg County,5360
45,SC,011,Barnwell County,8670
45,SC,013,Beaufort County,82000
45,SC,015,Berkeley County,91610
45,SC,017,Calhoun County,6360
45,SC,019,Charleston County,189290
45,SC,021,Cherokee County,22940
45,SC,023,Chester County,13930
45,SC,025,Chesterfield County,17920
45,SC,027,Clarendon County,13470
45,SC,029,Colleton County,16550
45,SC,031,Darlington County,27770
45,SC,033,Dillon County,11860
45,SC,035,Dorchester County,69880
45,SC,037,Edgefield County,10490
45,SC,039,Fairfield County,9890
45,SC,041,Florence County,59050
45,SC,043,Georgetown County,29310
45,SC,045,Greenville County,222530
45,SC,047,Greenwood County,29780
45,SC,049,Hampton County,7870
45,SC,051,Horry County,149970
45,SC,053,Jasper County,10960
45,SC,055,Kershaw County,27950
45,SC,057,Lancaster County,36990
45,SC,059,Laurens County,27040
45,SC,061,Lee County,7040
45,SC,063,Lexington County,128460
45,SC,065,McCormick County,3840
45,SC,067,Marion County,13250
45,SC,069,Marlboro County,10280
45,SC,071,Newberry County,16480
45,SC,073,Oconee County,32120
45,SC,075,Orangeburg County,37060
45,SC,077,Pickens County,48830
45,SC,079,Richland County,180600
45,SC,081,Saluda County,8460
45,SC,083,Spartanburg County,130020
45,SC,085,Sumter County,47400
45,SC,087,Union County,11190
45,SC,089,Williamsburg County,13080
45,SC,091,York County,113660
46,SD,000,South Dakota,415330
46,SD,003,Aurora County,1360
46,SD,005,Beadle County,8790
46,SD,007,Bennett County,1190
46,SD,009,Bon Homme County,2810
46,SD,011,Brookings County,13910
46,SD,013,Brown County,19290
46,SD,015,Brule County,2560
46,SD,017,Buffalo County,680
46,SD,019,Butte County,4770
46,SD,021,Campbell County,740
46,SD,023,Charles Mix County,3810
46,SD,025,Clark County,1670
46,SD,027,Clay County,5390
46,SD,029,Codington County,14030
46,SD,031,Corson County,1380
46,SD,033,Custer County,4210
46,SD,035,Davison County,10010
46,SD,037,Day County,2730
46,SD,039,Deuel County,2070
46,SD,041,Dewey County,2450
46,SD,043,Douglas County,1390
46,SD,045,Edmunds County,1750
46,SD,047,Fall River County,3410
46,SD,049,Faulk County,1080
46,SD,051,Grant County,3760
46,SD,053,Gregory County,1980
46,SD,055,Haakon County,980
46,SD,057,Hamlin County,2640
46,SD,059,Hand County,1700
46,SD,061,Hanson County,1980
46,SD,063,Harding County,590
46,SD,065,Hughes County,9030
46,SD,067,Hutchinson County,3400
46,SD,069,Hyde County,660
46,SD,071,Jackson County,1080
46,SD,073,Jerauld County,870
46,SD,075,Jones County,500
46,SD,077,Kingsbury County,2740
46,SD,079,Lake County,6710
46,SD,081,Lawrence County,12630
46,SD,083,Lincoln County,26290
46,SD,085,Lyman County,1720
46,SD,087,McCook County,2650
46,SD,089,McPherson County,990
46,SD,091,Marshall County,2080
46,SD,093,Meade County,13320
46,SD,095,Mellette County,710
46,SD,097,Miner County,1120
46,SD,099,Minnehaha County,96910
46,SD,101,Moody County,3020
46,SD,102,Oglala County,3980
46,SD,103,Pennington County,55160
46,SD,105,Perkins County,1420
46,SD,107,Potter County,1230
46,SD,109,Roberts County,4410
46,SD,111,Sanborn County,1140
46,SD,115,Spink County,2980
46,SD,117,Stanley County,1600
46,SD,119,Sully County,740
46,SD,121,Todd County,2870
46,SD,123,Tripp County,2680
46,SD,125,Turner County,4010
46,SD,127,Union County,7600
46,SD,129,Walworth County,2710
46,SD,135,Yankton County,10970
46,SD,137,Ziebach County,530
47,TN,000,Tennessee,2970000
47,TN,001,Anderson County,34020
47,TN,003,Bedford County,20680
47,TN,005,Benton County,6600
47,TN,007,Bledsoe County,4530
47,TN,009,Blount County,58750
47,TN,011,Bradley County,45440
47,TN,013,Campbell County,14690
47,TN,015,Cannon County,5970
47,TN,017,Carroll County,11430
47,TN,019,Carter County,22850
47,TN,021,Cheatham County,18770
47,TN,023,Chester County,6610
47,TN,025,Claiborne County,12110
47,TN,027,Clay County,2960
47,TN,029,Cocke County,14650
47,TN,031,Coffee County,24120
47,TN,033,Crockett County,6070
47,TN,035,Cumberland County,25940
47,TN,037,Davidson County,342010
47,TN,039,Decatur County,4610
47,TN,041,DeKalb County,7810
47,TN,043,Dickson County,23160
47,TN,045,Dyer County,15970
47,TN,047,Fayette County,18560
47,TN,049,Fentress County,6650
47,TN,051,Franklin County,18000
47,TN,053,Gibson County,21110
47,TN,055,Giles County,12690
47,TN,057,Grainger County,9190
47,TN,059,Greene County,29050
47,TN,061,Grundy County,5470
47,TN,063,Hamblen County,26860
47,TN,065,Hamilton County,164850
47,TN,067,Hancock County,2280
47,TN,069,Hardeman County,9750
47,TN,071,Hardin County,10420
47,TN,073,Hawkins County,23120
47,TN,075,Haywood County,8100
47,TN,077,Henderson County,11450
47,TN,079,Henry County,13950
47,TN,081,Hickman County,9430
47,TN,083,Houston County,3280
47,TN,085,Humphreys County,7980
47,TN,087,Jackson County,4360
47,TN,089,Jefferson County,22120
47,TN,091,Johnson County,6270
47,TN,093,Knox County,205470
47,TN,095,Lake County,2100
47,TN,097,Lauderdale County,9650
47,TN,099,Lawrence County,16740
47,TN,101,Lewis County,4880
47,TN,103,Lincoln County,14770
47,TN,105,Loudon County,23830
47,TN,107,McMinn County,21960
47,TN,109,McNairy County,10180
47,TN,111,Macon County,9360
47,TN,113,Madison County,44010
47,TN,115,Marion County,12170
47,TN,117,Marshall County,14170
47,TN,119,Maury County,41310
47,TN,121,Meigs County,4950
47,TN,123,Monroe County,18550
47,TN,125,Montgomery County,81920
47,TN,127,Moore County,2730
47,TN,129,Morgan County,7400
47,TN,131,Obion County,13750
47,TN,133,Overton County,8700
47,TN,135,Perry County,3110
47,TN,137,Pickett County,2080
47,TN,139,Polk County,7050
47,TN,141,Putnam County,31570
47,TN,143,Rhea County,13310
47,TN,145,Roane County,22800
47,TN,147,Robertson County,32890
47,TN,149,Rutherford County,139620
47,TN,151,Scott County,7710
47,TN,153,Sequatchie County,6010
47,TN,155,Sevier County,45950
47,TN,157,Shelby County,439280
47,TN,159,Smith County,8250
47,TN,161,Stewart County,5460
47,TN,163,Sullivan County,69650
47,TN,165,Sumner County,82340
47,TN,167,Tipton County,26370
47,TN,169,Trousdale County,3740
47,TN,171,Unicoi County,7390
47,TN,173,Union County,7250
47,TN,175,Van Buren County,2290
47,TN,177,Warren County,16740
47,TN,179,Washington County,56130
47,TN,181,Wayne County,5690
47,TN,183,Weakley County,12870
47,TN,185,White County,10690
47,TN,187,Williamson County,99200
47,TN,189,Wilson County,61570
48,TX,000,Texas,12150930
48,TX,001,Anderson County,19260
48,TX,003,Andrews County,7300
48,TX,005,Angelina County,36580
48,TX,007,Aransas County,11550
48,TX,009,Archer County,3840
48,TX,011,Armstrong County,850
48,TX,013,Atascosa County,20260
48,TX,015,Austin County,14240
48,TX,017,Bailey County,3040
48,TX,019,Bandera County,9450
48,TX,021,Bastrop County,35210
48,TX,023,Baylor County,1520
48,TX,025,Bee County,11050
48,TX,027,Bell County,146410
48,TX,029,Bexar County,857550
48,TX,031,Blanco County,5230
48,TX,033,Borden County,270
48,TX,035,Bosque County,7560
48,TX,037,Bowie County,40500
48,TX,039,Brazoria County,149510
48,TX,041,Brazos County,80790
48,TX,043,Brewster County,4360
48,TX,045,Briscoe County,640
48,TX,047,Brooks County,2950
48,TX,049,Brown County,16100
48,TX,051,Burleson County,8030
48,TX,053,Burnet County,21500
48,TX,055,Caldwell County,17340
48,TX,057,Calhoun County,9630
48,TX,059,Callahan County,5890
48,TX,061,Cameron County,163970
48,TX,063,Camp County,5320
48,TX,065,Carson County,2630
48,TX,067,Cass County,12540
48,TX,069,Castro County,2950
48,TX,071,Chambers County,18690
48,TX,073,Cherokee County,20380
48,TX,075,Childress County,2520
48,TX,077,Clay County,4530
48,TX,079,Cochran County,1190
48,TX,081,Coke County,1390
48,TX,083,Coleman County,3570
48,TX,085,Collin County,418650
48,TX,087,Collingsworth County,1220
48,TX,089,Colorado County,9600
48,TX,091,Comal County,63270
48,TX,093,Comanche County,5620
48,TX,095,Concho County,1070
48,TX,097,Cooke County,17970
48,TX,099,Coryell County,27190
48,TX,101,Cottle County,610
48,TX,103,Crane County,2000
48,TX,105,Crockett County,1640
48,TX,107,Crosby County,2410
48,TX,109,Culberson County,1050
48,TX,111,Dallam County,3460
48,TX,113,Dallas County,1174520
48,TX,115,Dawson County,5020
48,TX,117,Deaf Smith County,8030
48,TX,119,Delta County,2010
48,TX,121,Denton County,359620
48,TX,123,DeWitt County,8480
48,TX,125,Dickens County,760
48,TX,127,Dimmit County,4270
48,TX,129,Donley County,1480
48,TX,131,Duval County,4610
48,TX,133,Eastland County,7400
48,TX,135,Ector County,68250
48,TX,137,Edwards County,800
48,TX,139,Ellis County,74460
48,TX,141,El Paso County,361940
48,TX,143,Erath County,15850
48,TX,145,Falls County,6440
48,TX,147,Fannin County,13380
48,TX,149,Fayette County,11710
48,TX,151,Fisher County,1580
48,TX,153,Floyd County,2500
48,TX,155,Foard County,520
48,TX,157,Fort Bend County,317540
48,TX,159,Franklin County,4210
48,TX,161,Freestone County,7800
48,TX,163,Frio County,6420
48,TX,165,Gaines County,7610
48,TX,167,Galveston County,149190
48,TX,169,Garza County,1820
48,TX,171,Gillespie County,13390
48,TX,173,Glasscock County,630
48,TX,175,Goliad County,3190
48,TX,177,Gonzales County,8900
48,TX,179,Gray County,9090
48,TX,181,Grayson County,56150
48,TX,183,Gregg County,56000
48,TX,185,Grimes County,11430
48,TX,187,Guadalupe County,70420
48,TX,189,Hale County,13380
48,TX,191,Hall County,1310
48,TX,193,Hamilton County,3600
48,TX,195,Hansford County,2350
48,TX,197,Hardeman County,1640
48,TX,199,Hardin County,24290
48,TX,201,Harris County,2021280
48,TX,203,Harrison County,28880
48,TX,205,Hartley County,1790
48,TX,207,Haskell County,2190
48,TX,209,Hays County,87590
48,TX,211,Hemphill County,1750
48,TX,213,Henderson County,32860
48,TX,215,Hidalgo County,311010
48,TX,217,Hill County,14730
48,TX,219,Hockley County,9390
48,TX,221,Hood County,25440
48,TX,223,Hopkins County,15400
48,TX,225,Houston County,8380
48,TX,227,Howard County,13390
48,TX,229,Hudspeth County,1770
48,TX,231,Hunt County,37930
48,TX,233,Hutchinson County,9350
48,TX,235,Irion County,750
48,TX,237,Jack County,3290
48,TX,239,Jackson County,6660
48,TX,241,Jasper County,14060
48,TX,243,Jeff Davis County,1010
48,TX,245,Jefferson County,109760
48,TX,247,Jim Hogg County,2060
48,TX,249,Jim Wells County,17390
48,TX,251,Johnson County,71570
48,TX,253,Jones County,6580
48,TX,255,Karnes County,5730
48,TX,257,Kaufman County,52080
48,TX,259,Kendall County,20270
48,TX,261,Kenedy County,150
48,TX,263,Kent County,350
48,TX,265,Kerr County,24360
48,TX,267,Kimble County,2020
48,TX,269,King County,120
48,TX,271,Kinney County,1290
48,TX,273,Kleberg County,13130
48,TX,275,Knox County,1500
48,TX,277,Lamar County,21230
48,TX,279,Lamb County,5340
48,TX,281,Lampasas County,9080
48,TX,283,La Salle County,2530
48,TX,285,Lavaca County,9360
48,TX,287,Lee County,7840
48,TX,289,Leon County,7700
48,TX,291,Liberty County,31670
48,TX,293,Limestone County,9200
48,TX,295,Lipscomb County,1500
48,TX,297,Live Oak County,4790
48,TX,299,Llano County,8690
48,TX,301,Loving County,30
48,TX,303,Lubbock County,128330
48,TX,305,Lynn County,2450
48,TX,307,McCulloch County,3620
48,TX,309,McLennan County,105650
48,TX,311,McMullen County,420
48,TX,313,Madison County,5220
48,TX,315,Marion County,4000
48,TX,317,Martin County,2280
48,TX,319,Mason County,1890
48,TX,321,Matagorda County,16500
48,TX,323,Maverick County,25190
48,TX,325,Medina County,19960
48,TX,327,Menard County,900
48,TX,329,Midland County,74390
48,TX,331,Milam County,10360
48,TX,333,Mills County,2060
48,TX,335,Mitchell County,2910
48,TX,337,Montague County,8390
48,TX,339,Montgomery County,238720
48,TX,341,Moore County,9630
48,TX,343,Morris County,5470
48,TX,345,Motley County,490
48,TX,347,Nacogdoches County,25490
48,TX,349,Navarro County,20420
48,TX,351,Newton County,4940
48,TX,353,Nolan County,6480
48,TX,355,Nueces County,157750
48,TX,357,Ochiltree County,4450
48,TX,359,Oldham County,940
48,TX,361,Orange County,37030
48,TX,363,Palo Pinto County,11840
48,TX,365,Panola County,9820
48,TX,367,Parker County,57610
48,TX,369,Parmer County,4170
48,TX,371,Pecos County,6150
48,TX,373,Polk County,22310
48,TX,375,Potter County,51390
48,TX,377,Presidio County,3600
48,TX,379,Rains County,4340
48,TX,381,Randall County,60810
48,TX,383,Reagan County,1640
48,TX,385,Real County,1520
48,TX,387,Red River County,5180
48,TX,389,Reeves County,4960
48,TX,391,Refugio County,3410
48,TX,393,Roberts County,390
48,TX,395,Robertson County,7410
48,TX,397,Rockwall County,40780
48,TX,399,Runnels County,4610
48,TX,401,Rusk County,20690
48,TX,403,Sabine County,4260
48,TX,405,San Augustine County,3320
48,TX,407,San Jacinto County,10310
48,TX,409,San Patricio County,31490
48,TX,411,San Saba County,2380
48,TX,413,Schleicher County,1200
48,TX,415,Scurry County,6940
48,TX,417,Shackelford County,1470
48,TX,419,Shelby County,10380
48,TX,421,Sherman County,1120
48,TX,423,Smith County,98810
48,TX,425,Somervell County,3780
48,TX,427,Starr County,24430
48,TX,429,Stephens County,3630
48,TX,431,Sterling County,600
48,TX,433,Stonewall County,620
48,TX,435,Sutton County,1810
48,TX,437,Swisher County,2850
48,TX,439,Tarrant County,915710
48,TX,441,Taylor County,60540
48,TX,443,Terrell County,370
48,TX,445,Terry County,4770
48,TX,447,Throckmorton County,650
48,TX,449,Titus County,13620
48,TX,451,Tom Green County,52850
48,TX,453,Travis County,580880
48,TX,455,Trinity County,5830
48,TX,457,Tyler County,7430
48,TX,459,Upshur County,16190
48,TX,461,Upton County,1490
48,TX,463,Uvalde County,11900
48,TX,465,Val Verde County,21140
48,TX,467,Van Zandt County,22120
48,TX,469,Victoria County,42340
48,TX,471,Walker County,24150
48,TX,473,Waller County,19200
48,TX,475,Ward County,4970
48,TX,477,Washington County,16200
48,TX,479,Webb County,110420
48,TX,481,Wharton County,19700
48,TX,483,Wheeler County,2430
48,TX,485,Wichita County,54500
48,TX,487,Wilbarger County,5690
48,TX,489,Willacy County,7460
48,TX,491,Williamson County,236580
48,TX,493,Wilson County,20500
48,TX,495,Winkler County,3270
48,TX,497,Wise County,27300
48,TX,499,Wood County,18280
48,TX,501,Yoakum County,3620
48,TX,503,Young County,7910
48,TX,505,Zapata County,5060
48,TX,507,Zavala County,4530
49,UT,000,Utah,1263670
49,UT,001,Beaver County,2650
49,UT,003,Box Elder County,21800
49,UT,005,Cache County,47640
49,UT,007,Carbon County,7990
49,UT,009,Daggett County,430
49,UT,011,Davis County,140630
49,UT,013,Duchesne County,7430
49,UT,015,Emery County,3880
49,UT,017,Garfield County,2120
49,UT,019,Grand County,4930
49,UT,021,Iron County,18420
49,UT,023,Juab County,4200
49,UT,025,Kane County,3030
49,UT,027,Millard County,4940
49,UT,029,Morgan County,4450
49,UT,031,Piute County,520
49,UT,033,Rich County,890
49,UT,035,Salt Lake County,502600
49,UT,037,San Juan County,4590
49,UT,039,Sanpete County,9330
49,UT,041,Sevier County,8100
49,UT,043,Summit County,21740
49,UT,045,Tooele County,25260
49,UT,047,Uintah County,13270
49,UT,049,Utah County,219860
49,UT,051,Wasatch County,12280
49,UT,053,Washington County,63140
49,UT,055,Wayne County,1110
49,UT,057,Weber County,106610
50,VT,000,Vermont,326070
50,VT,001,Addison County,18760
50,VT,003,Bennington County,18640
50,VT,005,Caledonia County,14630
50,VT,007,Chittenden County,84740
50,VT,009,Essex County,2880
50,VT,011,Franklin County,24480
50,VT,013,Grand Isle County,3830
50,VT,015,Lamoille County,13650
50,VT,017,Orange County,14910
50,VT,019,Orleans County,13610
50,VT,021,Rutland County,31370
50,VT,023,Washington County,31220
50,VT,025,Windham County,23020
50,VT,027,Windsor County,30390
51,VA,000,Virginia,3911570
51,VA,001,Accomack County,16160
51,VA,003,Albemarle County,48690
51,VA,005,Alleghany County,6930
51,VA,007,Amelia County,6060
51,VA,009,Amherst County,14110
51,VA,011,Appomattox County,6900
51,VA,013,Arlington County,125580
51,VA,015,Augusta County,34460
51,VA,017,Bath County,2230
51,VA,019,Bedford County,35740
51,VA,021,Bland County,2570
51,VA,023,Botetourt County,15900
51,VA,025,Brunswick County,6510
51,VA,027,Buchanan County,7520
51,VA,029,Buckingham County,6260
51,VA,031,Campbell County,25160
51,VA,033,Caroline County,13900
51,VA,035,Carroll County,12150
51,VA,036,Charles City County,3540
51,VA,037,Charlotte County,5090
51,VA,041,Chesterfield County,163540
51,VA,043,Clarke County,7070
51,VA,045,Craig County,2230
51,VA,047,Culpeper County,22250
51,VA,049,Cumberland County,4260
51,VA,051,Dickenson County,4960
51,VA,053,Dinwiddie County,13130
51,VA,057,Essex County,5330
51,VA,059,Fairfax County,550550
51,VA,061,Fauquier County,33720
51,VA,063,Floyd County,6740
51,VA,065,Fluvanna County,12020
51,VA,067,Franklin County,23800
51,VA,069,Frederick County,39880
51,VA,071,Giles County,7460
51,VA,073,Gloucester County,18180
51,VA,075,Goochland County,10870
51,VA,077,Grayson County,6140
51,VA,079,Greene County,8860
51,VA,081,Greensville County,3790
51,VA,083,Halifax County,14960
51,VA,085,Hanover County,51410
51,VA,087,Henrico County,161340
51,VA,089,Henry County,22090
51,VA,091,Highland County,1060
51,VA,093,Isle of Wight County,17810
51,VA,095,James City County,36840
51,VA,097,King and Queen County,3190
51,VA,099,King George County,11600
51,VA,101,King William County,8160
51,VA,103,Lancaster County,5680
51,VA,105,Lee County,7630
51,VA,107,Loudoun County,175750
51,VA,109,Louisa County,15860
51,VA,111,Lunenburg County,4820
51,VA,113,Madison County,6050
51,VA,115,Mathews County,4240
51,VA,117,Mecklenburg County,13470
51,VA,119,Middlesex County,5260
51,VA,121,Montgomery County,35000
51,VA,125,Nelson County,7250
51,VA,127,New Kent County,10180
51,VA,131,Northampton County,5960
51,VA,133,Northumberland County,5990
51,VA,135,Nottoway County,6120
51,VA,137,Orange County,16460
51,VA,139,Page County,10690
51,VA,141,Patrick County,7320
51,VA,143,Pittsylvania County,26790
51,VA,145,Powhatan County,13200
51,VA,147,Prince Edward County,7940
51,VA,149,Prince George County,15480
51,VA,153,Prince William County,214250
51,VA,155,Pulaski County,14700
51,VA,157,Rappahannock County,3610
51,VA,159,Richmond County,3450
51,VA,161,Roanoke County,46040
51,VA,163,Rockbridge County,10060
51,VA,165,Rockingham County,36710
51,VA,167,Russell County,9980
51,VA,169,Scott County,8170
51,VA,171,Shenandoah County,20600
51,VA,173,Smyth County,12660
51,VA,175,Southampton County,7610
51,VA,177,Spotsylvania County,60960
51,VA,179,Stafford County,64270
51,VA,181,Surry County,3330
51,VA,183,Sussex County,4580
51,VA,185,Tazewell County,15940
51,VA,187,Warren County,18450
51,VA,191,Washington County,22590
51,VA,193,Westmoreland County,8420
51,VA,195,Wise County,13710
51,VA,197,Wythe County,12640
51,VA,199,York County,31900
51,VA,510,Alexandria city,84860
51,VA,520,Bristol city,7220
51,VA,530,Buena Vista city,2820
51,VA,540,Charlottesville city,20490
51,VA,550,Chesapeake city,111850
51,VA,570,Colonial Heights city,9040
51,VA,580,Covington city,2790
51,VA,590,Danville city,18560
51,VA,595,Emporia city,2670
51,VA,600,Fairfax city,12460
51,VA,610,Falls Church city,6360
51,VA,620,Franklin city,3880
51,VA,630,Fredericksburg city,12650
51,VA,640,Galax city,2940
51,VA,650,Hampton city,65340
51,VA,660,Harrisonburg city,17990
51,VA,670,Hopewell city,10620
51,VA,678,Lexington city,2370
51,VA,680,Lynchburg city,32050
51,VA,683,Manassas city,20530
51,VA,685,Manassas Park city,7690
51,VA,690,Martinsville city,6040
51,VA,700,Newport News city,86820
51,VA,710,Norfolk city,104320
51,VA,720,Norton city,1680
51,VA,730,Petersburg city,16280
51,VA,735,Poquoson city,5950
51,VA,740,Portsmouth city,45140
51,VA,750,Radford city,5360
51,VA,760,Richmond city,102180
51,VA,770,Roanoke city,46470
51,VA,775,Salem city,11740
51,VA,790,Staunton city,11770
51,VA,800,Suffolk city,40520
51,VA,810,Virginia Beach city,222750
51,VA,820,Waynesboro city,10720
51,VA,830,Williamsburg city,5400
51,VA,840,Winchester city,13540
53,WA,000,Washington,3432480
53,WA,001,Adams County,8360
53,WA,003,Asotin County,9900
53,WA,005,Benton County,85580
53,WA,007,Chelan County,37490
53,WA,009,Clallam County,34440
53,WA,011,Clark County,215190
53,WA,013,Columbia County,1720
53,WA,015,Cowlitz County,45820
53,WA,017,Douglas County,18840
53,WA,019,Ferry County,2830
53,WA,021,Franklin County,36550
53,WA,023,Garfield County,940
53,WA,025,Grant County,40410
53,WA,027,Grays Harbor County,29510
53,WA,029,Island County,39900
53,WA,031,Jefferson County,15910
53,WA,033,King County,1081210
53,WA,035,Kitsap County,123430
53,WA,037,Kittitas County,18780
53,WA,039,Klickitat County,9680
53,WA,041,Lewis County,33460
53,WA,043,Lincoln County,4480
53,WA,045,Mason County,26250
53,WA,047,Okanogan County,18460
53,WA,049,Pacific County,9630
53,WA,051,Pend Oreille County,5310
53,WA,053,Pierce County,401040
53,WA,055,San Juan County,8790
53,WA,057,Skagit County,58280
53,WA,059,Skamania County,4830
53,WA,061,Snohomish County,374420
53,WA,063,Spokane County,226290
53,WA,065,Stevens County,18320
53,WA,067,Thurston County,131200
53,WA,069,Wahkiakum County,1750
53,WA,071,Walla Walla County,25580
53,WA,073,Whatcom County,100690
53,WA,075,Whitman County,17360
53,WA,077,Yakima County,110050
54,WV,000,West Virginia,780830
54,WV,001,Barbour County,6390
54,WV,003,Berkeley County,52660
54,WV,005,Boone County,8310
54,WV,007,Braxton County,5320
54,WV,009,Brooke County,10870
54,WV,011,Cabell County,40210
54,WV,013,Calhoun County,2550
54,WV,015,Clay County,3170
54,WV,017,Doddridge County,2870
54,WV,019,Fayette County,16970
54,WV,021,Gilmer County,2540
54,WV,023,Grant County,5180
54,WV,025,Greenbrier County,15350
54,WV,027,Hampshire County,9720
54,WV,029,Hancock County,14580
54,WV,031,Hardy County,6420
54,WV,033,Harrison County,31710
54,WV,035,Jackson County,12340
54,WV,037,Jefferson County,25620
54,WV,039,Kanawha County,87070
54,WV,041,Lewis County,7830
54,WV,043,Lincoln County,7510
54,WV,045,Logan County,12020
54,WV,047,McDowell County,5680
54,WV,049,Marion County,25900
54,WV,051,Marshall County,14660
54,WV,053,Mason County,10240
54,WV,055,Mercer County,24330
54,WV,057,Mineral County,12450
54,WV,059,Mingo County,8180
54,WV,061,Monongalia County,42430
54,WV,063,Monroe County,5430
54,WV,065,Morgan County,7870
54,WV,067,Nicholas County,10190
54,WV,069,Ohio County,20740
54,WV,071,Pendleton County,3170
54,WV,073,Pleasants County,3200
54,WV,075,Pocahontas County,3790
54,WV,077,Preston County,13920
54,WV,079,Putnam County,25740
54,WV,081,Raleigh County,30950
54,WV,083,Randolph County,12280
54,WV,085,Ritchie County,4140
54,WV,087,Roane County,5410
54,WV,089,Summers County,4310
54,WV,091,Taylor County,7310
54,WV,093,Tucker County,3220
54,WV,095,Tyler County,3920
54,WV,097,Upshur County,9990
54,WV,099,Wayne County,15380
54,WV,101,Webster County,3120
54,WV,103,Wetzel County,6960
54,WV,105,Wirt County,2240
54,WV,107,Wood County,39380
54,WV,109,Wyoming County,7180
55,WI,000,Wisconsin,2840510
55,WI,001,Adams County,9230
55,WI,003,Ashland County,7400
55,WI,005,Barron County,22880
55,WI,007,Bayfield County,7760
55,WI,009,Brown County,129910
55,WI,011,Buffalo County,6640
55,WI,013,Burnett County,7730
55,WI,015,Calumet County,24060
55,WI,017,Chippewa County,30530
55,WI,019,Clark County,14970
55,WI,021,Columbia County,30040
55,WI,023,Crawford County,7820
55,WI,025,Dane County,268060
55,WI,027,Dodge County,42600
55,WI,029,Door County,15650
55,WI,031,Douglas County,20790
55,WI,033,Dunn County,19090
55,WI,035,Eau Claire County,48310
55,WI,037,Florence County,2220
55,WI,039,Fond du Lac County,50470
55,WI,041,Forest County,4180
55,WI,043,Grant County,22730
55,WI,045,Green County,18850
55,WI,047,Green Lake County,9350
55,WI,049,Iowa County,11820
55,WI,051,Iron County,2970
55,WI,053,Jackson County,9600
55,WI,055,Jefferson County,41260
55,WI,057,Juneau County,12340
55,WI,059,Kenosha County,80820
55,WI,061,Kewaunee County,10010
55,WI,063,La Crosse County,56340
55,WI,065,Lafayette County,8290
55,WI,067,Langlade County,9610
55,WI,069,Lincoln County,14060
55,WI,071,Manitowoc County,40330
55,WI,073,Marathon County,67800
55,WI,075,Marinette County,20130
55,WI,077,Marquette County,7580
55,WI,078,Menominee County,1810
55,WI,079,Milwaukee County,449530
55,WI,081,Monroe County,21470
55,WI,083,Oconto County,18320
55,WI,085,Oneida County,19530
55,WI,087,Outagamie County,93280
55,WI,089,Ozaukee County,45560
55,WI,091,Pepin County,3500
55,WI,093,Pierce County,19050
55,WI,095,Polk County,21740
55,WI,097,Portage County,33850
55,WI,099,Price County,7030
55,WI,101,Racine County,96220
55,WI,103,Richland County,7880
55,WI,105,Rock County,78860
55,WI,107,Rusk County,6630
55,WI,109,St. Croix County,42780
55,WI,111,Sauk County,33600
55,WI,113,Sawyer County,8280
55,WI,115,Shawano County,19620
55,WI,117,Sheboygan County,58610
55,WI,119,Taylor County,9190
55,WI,121,Trempealeau County,15290
55,WI,123,Vernon County,13500
55,WI,125,Vilas County,11220
55,WI,127,Walworth County,49530
55,WI,129,Washburn County,8180
55,WI,131,Washington County,69170
55,WI,133,Waukesha County,205690
55,WI,135,Waupaca County,25320
55,WI,137,Waushara County,11350
55,WI,139,Winnebago County,83310
55,WI,141,Wood County,37780
56,WY,000,Wyoming,278600
56,WY,001,Albany County,16360
56,WY,003,Big Horn County,5090
56,WY,005,Campbell County,23240
56,WY,007,Carbon County,7240
56,WY,009,Converse County,6670
56,WY,011,Crook County,3330
56,WY,013,Fremont County,18130
56,WY,015,Goshen County,5650
56,WY,017,Hot Springs County,2290
56,WY,019,Johnson County,4220
56,WY,021,Laramie County,48190
56,WY,023,Lincoln County,8160
56,WY,025,Natrona County,39300
56,WY,027,Niobrara County,1150
56,WY,029,Park County,14880
56,WY,031,Platte County,4340
56,WY,033,Sheridan County,15080
56,WY,035,Sublette County,4240
56,WY,037,Sweetwater County,20480
56,WY,039,Teton County,14310
56,WY,041,Uinta County,9280
56,WY,043,Washakie County,3770
56,WY,045,Weston County,3290
"** - Not shown to avoid disclosure of information 
about specific taxpayers.  However, the data are 
combined with data in an adjacent size class, 
as appropriate, and included in the appropriate totals.",,,,
"[1] The County Federal Information Processing System (FIPS) 
Codes used for these statistics were derived from the 
U.S. Census Bureau.  A complete list of codes can be obtained from",,,,
https://www.census.gov/geo/reference/codes/cou.html,,,,
"[2] The ""Number of volunteer prepared returns"" shows counts of 
returns prepared by IRS-certified volunteers to taxpayers with 
limited income, persons with disabilities, limited English speaking 
taxpayers, current and former members of the military, and 
taxpayers who are 60 years of age and older.",,,,
[3] Includes primary taxpayers 60 years of age or older.,,,,
[4] Less deficit.,,,,
"[5] ""Qualified dividends"" are ordinary dividends received 
in tax years beginning after 2002 that meet certain 
conditions and receive preferential tax rates. 
The maximum qualified dividends tax rate is 15%.",,,,
"[6] Includes the Alaskan permanent fund, reported by 
residents of Alaska on Forms 1040A and 1040EZ's.  
This fund only applies to statistics in the totals, and the 
state of Alaska.",,,,
"[7] ""Earned income credit"" includes both the refundable 
and non-refundable portions.  The non-refundable portion 
could reduce income tax and certain related taxes to zero. 
The earned income credit amounts in excess of total tax 
liability, or amounts when there was no tax liability at all, 
were refundable.  See footnote 8 below for explanation 
of the refundable portion of the earned income credit.",,,,
"[8] The refundable portion of the ""earned income credit"" 
equals ""total income tax"" minus the ""earned income credit.""  
If the result is negative, this amount is considered the 
refundable portion.  No other refundable credits were 
taken into account for this calculation.",,,,
"[9]  ""Income tax"" reflects the amount reported on 
Form 1040 line 56.  It also includes data from 
Form 1040A and 1040EZ filers.  ",,,,
"[10] ""Total tax liability"" differs from ""Income tax,"" in that
""Total tax liability"" includes the taxes from recapture of 
certain prior-year credits, tax applicable to individual 
retirement arrangements (IRA's), social security taxes 
on self-employment income and on certain tip income, 
advanced earned income payments, household
employment taxes, and certain ""other taxes"" listed 
in the Form 1040 instructions.",,,,
"[11] Reflects payments to or withholdings made to 
""Total tax liability"".  This is the amount the tax filer 
owes when the income tax return is filed.",,,,
"[12]  The amount of overpayments the tax filer requested to 
have refunded. ",,,,
"[13]  Total is for all 50 states, plus the District of Columbia. 
Other areas, such as returns filed from Army Post Office and 
Fleet Post Office addresses by members of the armed forces 
stationed overseas; returns filed by other U.S. citizens abroad; 
and returns filed by residents of Puerto Rico with income from 
sources outside Puerto Rico or with income earned as 
U.S. government employees; have not been included. ",,,,
"NOTE: This table presents aggregates of all returns filed and
processed through the Individual Master File (IMF) system 
during Calendar Year 2016, including any returns filed for 
tax years preceding 2015.",,,,
"This table is based on tax returns as initially processed by IRS
and does not reflect amended returns or errors that were
corrected after initial processing. In general, during administrative 
or Master File processing, taxpayer reporting discrepancies are 
corrected only to the extent necessary. The statistics in the county 
data should, therefore, be used with the knowledge that some of the 
data have not been perfected or edited for statistical purposes 
and that State totals in this table may not be altogether 
comparable to other State totals published by the IRS, 
Statistics of Income Division. ",,,,
Detail may not add to totals because of rounding.,,,,
"SOURCE: IRS, Statistics of Income Division, 
Individual Master File System, August 2017.",,,,